source_row,text_sha256,label,split,near_duplicate_group
2,1544579c2b376690aeb6860dfb79d45ea8aaca0fb2aaac923417c5e418a12e1e,LEGITIMATE,test,0
3,8faecac5695bfe7cd46a9639b67ab6dbc523adfce6d106291c28a05f855512bb,LEGITIMATE,validation,1
4,03c11c972da8d47a481723b1c888d0dbfab9e3aa5e35f987bedb8b8ec9214617,LEGITIMATE,test,2
5,017bd1a26170b77c3c1ac8fff3162b1bba027dbf243b874871b6eec3142507e9,LEGITIMATE,train,3
6,fa1c6e1d9ea27a1955333bc2fb4a7309404b9d4efb099707b551c00562664b1d,SCAM,train,4
7,ea7e7156585c40306ac7b1898dcc70c417eecd8c7667be9df2d4e02c6b2324d8,SCAM,train,5
8,efb03a1f9ab96da8538cb378bb950d435b74b8fb59e01bba821ea54eae98aa09,LEGITIMATE,train,6
9,b92bff075102be2f40e82cdcca2df7da4c2edf152d0694913097c248331ce9a2,LEGITIMATE,train,7
10,4111088e28dc029d8a1ea4496bd2e2c69989b062d4545d317b94d42e07f5aa69,LEGITIMATE,train,8
11,6cedffa2398bc71ffe0cecf263a091d20ce30ab14609f52b7b111d40060b04e3,LEGITIMATE,train,9
12,17a9f320abfa4fa14a3d304185ad1e1072cbbb8c75f4d45cc5ef64dfc0861971,LEGITIMATE,test,10
13,391c81cb55f728bb616f29fd550e0431de19087e783524808df2cd579b2c9aa1,LEGITIMATE,train,11
14,dc6ded94625ea224bc66ebd2bc29fefdb21fa6230dedfe533fb9c2ea78cb3b0e,LEGITIMATE,validation,12
15,70d71a6fc0cb87a459ad05bf987e7ce49d81e89fe4ddd4e8214851ab68708009,LEGITIMATE,train,13
16,c03b22928172f4c672f5b85cdf587110a84fc322472fe6bce6b2c5e938b61e06,LEGITIMATE,validation,14
17,251462c3ebbff297a2548f3ca221d50c7894a9976fc276812fd747d1c635eb0c,LEGITIMATE,validation,15
18,177e1a317ecad853a9ecdf23e95ecf04a1641a9284ec4d43978c42d466a20903,LEGITIMATE,train,16
19,bac36f75b74b34129a7293e6ce335cbc03c6be3781e605443746dfae5cd8bb07,LEGITIMATE,train,17
20,7dc72805b86ab4f5105fd0b478d901cb93daa1df1855de6d162629d0918a807b,LEGITIMATE,train,18
21,f10dadc5d11d829089bc5c85aed44b7b0b336c93e07901dd2682204337bab73c,LEGITIMATE,train,19
22,c7eb5a29cf2b80630c21c67a4c664719fa678d3db31615c0ff40e1444da519b9,LEGITIMATE,validation,20
23,917504f991d7381e89d15a0057bb0940181c0f6e5ac5f3288d99f320843cd819,LEGITIMATE,test,21
24,68d55ef68346a08206556e37c56cf704f660bdf9cc4a9356c7bafde62129cc67,LEGITIMATE,train,22
25,6615437719d0c25c894ab27e87db5194919ccd69eb1d9e118f0e6d6e7e0d7acf,SPAM,test,23
26,022c741642f5870343b967d898b7a9c41807b21b69010523c333ba4583b589ca,LEGITIMATE,validation,24
27,24887d6a8ed149b1601e7435033e06dd07008851fee3d599b7336a556cfc9125,LEGITIMATE,train,25
28,77d251772bd67d39515dae0a6f67ec7787794a1a2e38c29b9a02d4ded5c5c5c7,SCAM,test,26
29,8b1c29af701310ac0d9cfb825c1a3305207594a901370728223c071b3fb94b91,SPAM,train,27
30,4b0e2d351cfd5624f31e60c6748fb3d5b8a576444e3c60d07178a5bfcc832214,LEGITIMATE,train,28
31,45881f6a48c73885c660098dd6b0d9903157fd5de08cc4c77c7b8c48e4324ace,LEGITIMATE,train,29
32,e5d4c4596e12c23cddde8de604d26cbd21b1d01f1e85ecc70c56d1f90ce90b91,LEGITIMATE,train,30
33,c4ed0e5adb53502d403300f886ab5ea52ff8f36d517ba9f3011cdafd479e4728,SPAM,test,31
34,1efe1d1fd21c5868725f9334c746fd8da68c3db23082e76f8a6c20ba340ddec5,LEGITIMATE,test,32
35,791f5128632f20918f9b7c18ad7d01e549d42bc680a8a12a5ccb13dd7ee905d7,LEGITIMATE,train,33
36,df30665b2af2879ba313afd8527036f0b3f4fc6b780bae9fc3a60c9060d2109f,LEGITIMATE,train,34
37,98b6347acdc02556a3cc4cd07c107912331d3ad2921288637d8962e402a394e6,LEGITIMATE,validation,35
38,140269d9ba75c086bc52a632da5bfc783e885cf9fc37443043a014bf5111ac01,LEGITIMATE,train,36
39,6100146b038106ceec2926fc3096c923be74ae68b5f0f14dfb8c8fdd1fc8f4e1,LEGITIMATE,train,37
40,3b59885db74600558a24a70f0005bc8e0e09ee7342eff7d198929c62e239fc34,SCAM,train,38
41,81513f0ee3b1a6118fd0a291ec0d6425f07391efa64e0f4a4a136962f62092c2,SPAM,test,39
42,60d743bcbe571260fd769582a5789e76ec237a5b73d790f2fa6bd0a25bf7781f,LEGITIMATE,train,40
43,4f99f8ce9ec61c4b175c1cd2fce52f3bf8c0e4fe0d80cc2348f7cbc23060a61c,LEGITIMATE,test,41
44,10daecfd2f2b874f3e12dacc72226e05c0990b35ef8f5787e936393bfe614ce0,SCAM,train,42
45,a327372bf8b7d274acbfda6710c1667beb37a38dda1cb9316b8c621b711096ec,LEGITIMATE,test,43
46,36252abc943698cb7c36da0544dc6451215c1d2ddcc75b1759fde549ce806986,LEGITIMATE,train,44
47,0f37c6523256184bf6746b28b7b1ecf39b4488b9a72bbcdd810a5c486adcc910,LEGITIMATE,train,45
48,ddca5a4bdcea17a542d26ff56df14f2bdf4f97b13f3d6ddfa9ab31f98e47ea5c,LEGITIMATE,train,46
49,e7b915dbfa15846184da2bdffb4bad94c03ba6fff35f82dfbedd06387cca13f3,LEGITIMATE,train,47
50,9f5dd4bff0500523c36da3da63ac85a164e0f9286da01f0a7d8a2a3bd5d07422,SCAM,validation,48
51,a219f5e07ac547e530029dc014ff711fe16eede0fe7b6f98ee61be5749b8e316,LEGITIMATE,train,49
52,8ece07188bd5e4de417510167467bde85060c29918f2ab59c0b87c5367fbf64b,LEGITIMATE,train,50
53,f986de2c253fb6c563544327993d11098f9c872c1213e1c795e1661a082b8ada,LEGITIMATE,test,51
54,9ba0bfd3857c18445413d7b431e0085a8ae387dbcee8a57bc914478eb573f6b8,LEGITIMATE,train,52
55,d16c67ad8081ed049d53e4b6ecf81424efc42156591e6966892def6bc66d03bc,LEGITIMATE,train,53
56,d338f709369f2430671c4f0c591b67ca4757eb0b88a0a046f5f144f741d24dfb,SCAM,train,54
57,ffef3236690a76b07b1ecf2f56548734780eb5e33a1f696ecccc9c9762b9d658,LEGITIMATE,train,55
58,66c78c12e003ad8d1af78480ac83cecbd66daa513bc2c3d74f62aed858ba35d0,LEGITIMATE,validation,56
59,5d3f2aedb3a7baca3675fc09d87008a9b100c0e0415560de03d380b67bb6fc93,LEGITIMATE,test,57
60,789056c904ae36c5c41aeecc685ff05d8e8d9c0e67f66c7cea7a4fea269da53f,SPAM,test,58
61,837c5d1f98726a1164e9561ce80200ea34c1c1e8434eb0570a605af1bb2b25f8,LEGITIMATE,train,59
62,4fc5646ed0a27dc2e9bcf57d31b675db33f38521127718cbd76159cc6d1d7752,LEGITIMATE,validation,60
63,24c0b66e75dc687e445ca33f2b96d7b894492794e67e1e4965587ec71f439f1f,LEGITIMATE,train,61
64,fd7f3e25fc03dffee1594de21cc09d6a46f42bde11e868780293232a18198a4f,LEGITIMATE,train,62
65,58c85ff1127e00d1070bd6b335a2cc04d3290c0febb131419e2cc5e11c1456c7,LEGITIMATE,train,63
66,dfc0dd98550ad8b217cc4e7db31cc3e88f0076bfa8a3a9a0416bf96b88fac98a,LEGITIMATE,validation,64
67,3511cebe9b3b902f53404c61d0557e5aad875449c1e1096fcec0887fa5e9f937,LEGITIMATE,train,65
68,ab5e2f9fed1503b5015dc29c0add7c88b441bacf81063943d1118b540e580da7,LEGITIMATE,validation,66
70,af318724a5ce4da327ff757c095978f8d5df168c9a10c732cc724101fa1d31b4,LEGITIMATE,train,67
71,febad734f61e37ca54bb4ebea9d64c738587f55f38756d46aa56d013353d792a,LEGITIMATE,test,68
72,33364b31328981094c2711a4a7196b28ebe69aeac023db2f49fff174ab14500b,SCAM,train,69
73,da950422866867662c8179f6e94dbfbfc1a785cb26e4ecd57a32b2563269ba8f,LEGITIMATE,train,70
74,519d821b3d78d5fbe0d58e0cc10a3de11c190a6242825612646923413d20bf49,LEGITIMATE,train,71
75,7397f5d5962eb0120090fee582a1066473063f2f399f0756cfcf021d15a4f702,SCAM,validation,72
76,8d317f9c8d96ed89a6e7f434351e0a38f5738ab4efed786be77ae795103381fa,LEGITIMATE,test,73
77,b3b1e7456363a66c8ef4c67d86f9bfa5c72c387d17983924322848cc0b4fe2a8,LEGITIMATE,train,74
78,1b77a1044efd16c75a3e73caf75e010f09cf626139683fc15635fbe4fd072689,LEGITIMATE,train,75
79,e0172af4ec1a28757c9cbea7a81b5e7fef4e35cf66423f702d068c326a77d665,LEGITIMATE,train,76
80,d9c7442d5438a1ad499ff6c0cf6c481d1b10723b902fd84057ab9785cc25cfd9,LEGITIMATE,test,77
81,b427ce01a3107240925b520cc959dc905dbac2de41324ded2cbcb6c61dc6d485,LEGITIMATE,train,78
82,ecc7361c488d2e84fbb135270598320eb5cc2fe37bb9de7990c3e558746e2736,LEGITIMATE,test,79
83,be3e4ce187f5c79dc1780da19d10f13519eecd70d90e34b43b644d19d7ec4ea4,LEGITIMATE,test,80
84,639cca9d9cdc35c9b8886c63723c4e69fcfc82e462133d1af990d393c3fa6ff2,LEGITIMATE,train,81
85,fc3f06a3b8958b66483e3fd230330ac35a6cc75fa18114320925915bd8ec4ed8,SPAM,train,82
86,d6bb37863c46af4f5c657bcc49562df3ed369fb080242f50b093ccd0264f4150,LEGITIMATE,test,83
87,83244716a0704177d44d1ef6133567394e37bd5180d0ce73ce1e6b032e6d239e,LEGITIMATE,train,84
88,2bb735b4f606f24ef93f50662b8758194927189e9dbc56a40dc19118e80f7faf,SPAM,test,85
89,568ac9c4db5b7fc5ccbd9bdd677e589b729e6a967195ff403252bce6c2dbc0f0,LEGITIMATE,train,86
90,ccf69b71397fe12d305df402bb9a30fb4375ec419030c8c5618a39da17fbc349,LEGITIMATE,train,87
91,c3c5db4c79fafb129578d0e9a761bd05fbd7a4ce29a87e18daa74c86a5dae367,SPAM,train,88
92,fb653e66491720c8502bc87e1bc839be534cb2e35629d987d8896fd00c78f140,LEGITIMATE,validation,89
93,1bd01924d9b88a97ba4707442da6bd8125d9669836fdbffd164411e487fb2159,LEGITIMATE,test,90
94,7414622b1cda1cda7b67cd25c0f7a21b3a2c162dac7440831acc0ec232649c29,SCAM,train,91
95,f556695d2f334ef40edc8d437eda146f388ca7416c137e553a892bc8186263ac,LEGITIMATE,train,92
96,2a63e4c2a41a46d062da50cc6d85592cd9f72eec1d39b95743edf8e5cb9d93ce,LEGITIMATE,train,93
97,33a8bd727829a911a0b81c38c43d9dc6a8655add3a56445c1169bf002fbec39f,LEGITIMATE,test,94
98,74398b2eaf853154f0610a28ade82e4387bd44124c18c74317af7f5cbfaa1e41,LEGITIMATE,test,95
99,d153bffc0d39e4d2fe3e0762e767a76d30cc36c05cae9bbde3510a56b888763e,SCAM,train,96
100,01d24c6f4c506d19ea8ea4ef98b24216631aad946c68989a6e8b3934a2365117,LEGITIMATE,validation,97
101,5b10c6584dbcaac94540fa38259c5ac7318c38da8dec49718cc4fd7e9df29c9c,LEGITIMATE,test,98
102,8c1b770ae63ee477fc7d379fb0517732786011074d23d5150db7488e914bbeee,LEGITIMATE,test,99
103,62ec1186a9edaac6d10b38829ef41cd031360985131866e629431cf641e32e39,LEGITIMATE,train,100
104,6b0ddee4463b7d6dc6f0add80340b053b8d2853606011ede59806e84d845197d,LEGITIMATE,train,101
105,da0e7ae0ccc12c770f00665008b58067909c3c27aa97f9a22c959b827e25d971,LEGITIMATE,validation,102
106,6f1aa41b2f7a58ca602d76236620285ccc281f586f583e3d9cd4840200c9d4e0,LEGITIMATE,validation,103
107,99f337f26e094cd31b9cd75aaca55144f5497c43bdab45e30e732fdd1719172e,SPAM,test,104
108,623146cb96d341f0cc1c60b072e8466bd7b89497670b55dc97ce922254b4fe44,LEGITIMATE,validation,105
109,9a095e59cf3a0b210119f81336822e307d915932939d9527bc5a5b90902932dd,LEGITIMATE,train,106
110,b2cee0ad01b65be1adc3e2833cf87a2c6f6c0029800baa875e9f48da65692d6d,LEGITIMATE,train,107
111,199bbde098179a0c4cceb130757d4d9fdab53833555a0541b0c066f8adb5180a,LEGITIMATE,train,108
112,01801c9d01278fde215bda30eff8583afe0b8d8e91c05cdfe767526da7f4c92f,LEGITIMATE,validation,109
113,69c514d110856466192c0fb804a476133bbabd8ce4dd9ef09827e9b2d6bedcb5,LEGITIMATE,train,110
114,abd1d7e217d0a885ad764199254433c0dbaea939f126a46d027368aad3267e1b,LEGITIMATE,train,111
115,ccb3ddab16ba44935c37573b067f92ddfcb52714994f8ea93108034bdc3851ff,LEGITIMATE,test,112
116,f03bd6ee30acc4ab7ea9c6db6391721a55debc5eaf3d36bc2e1394e6621e9fad,SPAM,test,113
117,e6c77f25c132a5c4f0752e3c1fe060fd9deedcbe6133ede29ab41118085e0583,LEGITIMATE,train,114
118,aab4c4a078b6f5391338ab61039e6e32047bbc5e8da93561bfb7e4e0f9ea6c73,SCAM,train,115
119,8a8e7f746c5d5aceb3db316172656b3f421730a078046480d6f29947c3ec9749,SPAM,train,116
120,83963480fa8f2cc63032b703b9ea171b585db44b912708ad91c9370a53732af8,LEGITIMATE,train,117
121,95dac51ab999c438e8294ad807b81c0702501ef8ae1ba7a881a4ecaf9fd029b2,LEGITIMATE,train,118
122,5cd63dfff1060035d352867c59e0779289fa45456f1cb497c8c505b978cb2fa7,SPAM,validation,119
123,044489519501a58c5189dbf4dbca409d481d3b13cd23fa70ce92c775c4579b9c,SCAM,test,120
124,e128cfeadd6a908daeff30450ffe0b37e41c116045ae537b090b36af73543708,SPAM,train,121
125,fd343e40c48a2579c736b13d1d828467823a54611f9bf3f5ed260314cb62ab43,LEGITIMATE,train,122
126,3e6c2fabc182f4c6a7d3552e5865ba8f312d7885935eaf5268e784f3918e7880,LEGITIMATE,train,123
127,c2ea4df621b6271d7cf2f058b4f455f408a29754ad81cf32ae7fc760c41aca6f,SPAM,validation,124
128,0be0154c933462600ce8e7bb3b67241998da81d3a1832be2cb69d8c074373432,LEGITIMATE,train,125
129,3f9af23d00aef3023b34e7fdea59d9e55c6c124c7528ab7aca194df5bfbd60e8,LEGITIMATE,train,126
130,9846c330a4b392f01a439c5d97802599e9eeb96fef12f899c3638edeaab72abb,LEGITIMATE,validation,127
131,2b455678484102dbd490ce3f8aad5669a88b94a063fde1f1af0fdc7dd2adee59,LEGITIMATE,train,128
132,30c39e7caccf410ca5a3d6b65f2ef0055cf4bac635f82fe55c7276c606b758f5,LEGITIMATE,train,129
133,56e171dd4259c20118e8b9911167a0f313a4ddb8d84bb236a9396a45994a70b6,SPAM,test,130
134,00913cef889b5fabbd3c33dca43e973f3fc812cbc9b61b2cb22b83b77201181b,LEGITIMATE,train,131
135,9ee833ff3310dde36aac250106422112a0e534d3319017f23acd635b2d299455,LEGITIMATE,test,132
136,c3fb10f8218488bc2128ec8345884437a42f0bb862557f936f08a56bd8948062,LEGITIMATE,train,133
137,7be7d081110fb39163344680115a1d1b52712687cec8a0e402103c8cb6c50913,LEGITIMATE,test,134
138,f52ec77ea9a396b4a751bb337b10f52924aa972e7878f826afa599ae5ebf6ec3,LEGITIMATE,train,135
139,ce03bda231382aa1c3f394b57caea1ea8663f134cc1d327f3671a6eb084b9043,LEGITIMATE,train,136
140,c8e0eceaea0d1672bdc2d48acf558fbcadc418cf5a9c9743692e14afe62533ab,LEGITIMATE,train,13
141,fba8c6520681869c7fae2095fa341c51a4cfd68bd109fb65b749f24e78c774c2,LEGITIMATE,train,137
142,82ac10a09722b91c79396788e6844fc9b1308f2bd606b7d621fa1ce435fb6995,SPAM,train,138
143,06e00d48eb419e06c556b10889067e9f9c5b1615657607987143a204e546a567,LEGITIMATE,train,139
144,ad160e4d1728003b1c58e6c148f77a086411483bb1ddb7b43bd0799150baec10,LEGITIMATE,train,140
145,2927518c4a9e46b9415411a9928ba45a778a1697b66658e7dae8c277151d5346,LEGITIMATE,test,141
146,0283812b74b480a3f4523d021cc48cab606560a1176ae0487febbc679025ff9d,LEGITIMATE,test,142
147,e4554773c0d664ab572eb551181ca9267e1c6c1eb57f7153838de0c5a901d27b,LEGITIMATE,validation,143
148,35e7ee96e6a657755e625921d4a6dc1da4e20be3276e30c705dfcb365bbf3cce,LEGITIMATE,train,144
149,8080044d3e610e6f3a5eb825dbd622e1c7a964a380896c0bfed14c1dc2d00488,LEGITIMATE,train,145
150,6000cb728ec77d051ffc27c0c05c14aa95d89d14db9f6bf99c8d2169685c1c90,LEGITIMATE,test,146
151,9a937ee309cff401be42fc0ba5e6f6f4a67934db917c9faf9eddf9f89af53a8d,LEGITIMATE,validation,147
152,942642e0b2a69a3a306c1bc0dd986c685ca89dddf739bcbf099a95b9b07a73d7,LEGITIMATE,train,148
153,dc588ab16e80f57522e415d7b9f0129750595e539ae35f3f579458e689e37783,LEGITIMATE,test,149
154,704a5dc5523d0ff91802bfe3ad9d549fc379be77717526ecc2c1bd0e17d538cf,LEGITIMATE,test,150
155,56ee2d3e1ad30a4aadd097dcd77371c62bfd84c462968fbbf458d6f6cff9f9ef,LEGITIMATE,validation,151
156,1ca11548bda7e4947fbcaf98341cdfb58e8925ab4c43e8defa28c1e72b15fede,LEGITIMATE,test,152
157,bcf011762f1082c58f6a26e4620b0d878684839ae5484eb10805d2ac0dc78759,SCAM,train,153
158,79ef75a334d4e7ecc690cf22319d93fae9f3ad9089275eddf643f50c01aecd43,SPAM,train,154
159,e512e4848920f879dea7f61a1bc4ce312537f969c8c3d73545cff51b95a01d48,LEGITIMATE,train,155
160,a65469f3f6f4a92bb658b2f4ebe951a1e4a00640f2423efa7e111cd285525ab9,LEGITIMATE,validation,156
161,84d412429c4166de10c836208eb3c452f8d720225d4499524f9e4ac28913984a,LEGITIMATE,train,157
162,a38bec10094a615f017b971457e7a9539403c74362f758b532eca69541b6aaa0,SPAM,train,158
163,a719b68d2373ede8bd2863d53d74b299a2429bc50433a099a68976593b9f4b3a,LEGITIMATE,validation,159
164,6bec5294bd41e2f0a9c9af8adda13eee8068680d5c8eb6b366b0272b56d7967b,LEGITIMATE,train,160
165,7d24c023f05a07e0b5148538bd5c19d756826247a28505b6d1e2dbad88fd96f5,LEGITIMATE,train,161
166,9979e948cf69b7e679c6422315193a30c74140147602c084c01844ac69d6bfd6,LEGITIMATE,validation,162
167,043de9073959b37b0a4bc57d1bc21b2ee1ea322f7b9187bea350bf7b0beca375,SPAM,test,163
168,1171c980ce9ad236e4ad475f269d3e384bb1508d86db373be85146d00b4fa6fa,SPAM,train,164
169,8d550d6ac24a301f753e4644b1a7af74087dea547add93765f8ecab6123a9026,LEGITIMATE,train,165
170,9ee4af658b6a5010665bbb84432602716fd5f6e63efaf1f16cc86562ea84c061,LEGITIMATE,train,166
171,f880161a94dc685b83974798bebc958c1174b216058d9d17f5df1ae8746e27a2,SCAM,train,167
172,b85daa7e07289581c47e6754b0da7fb82ce366e0908352e62410f3ff892a0cd2,LEGITIMATE,train,168
173,cfcc34d135dbd85a7e171f77fa628a2e3049e696224834926558be3e402511e3,LEGITIMATE,train,169
174,111adb0f1addb9b48ef1451e73fa3bf67024f5b2cfe715faf0b15e2e3098ef4b,LEGITIMATE,train,170
175,cc0fff9378d264cb2de24380573e9e396878f06483f0c3bb0361ab76e8aaebb7,SCAM,train,171
176,5482830b28743d4098d128d2f7a5730afb8938ffb83246cd60c4cc71a1516bd6,LEGITIMATE,test,172
177,6ffdccdd8a3cdfab0f29a9d06ed881604b15bb4947cb0468eb242941f5411d9a,LEGITIMATE,train,173
178,fe24f1a54132add84b7db701295c71fca28152da6050c3599a2f714e032b664b,LEGITIMATE,test,174
179,5b6e2fa98bf9e028b17b10c7872db6c06dc078ee7d36ce20196c16035963df0c,LEGITIMATE,train,175
180,caecf0d7c07862518f908fdb1c6d04decd0f9b865447ac252017f444141c1ae3,LEGITIMATE,train,176
181,869bae5afdda404da0cf2968ea65451f73a865c13190b272d093840e055f4295,LEGITIMATE,test,177
183,1d00fb85b0815ae1b6cbae395e62910e0ae3d31cba3c1fa06116def6979a52fd,LEGITIMATE,test,178
184,4a1eaec023d2f3968badd1195a843bb98c4a11c85b79178a8f9bc330ee0d01fd,LEGITIMATE,train,179
185,728af0a0026469bb0d86b646e61b35d4fb4ea9d64c54ed598181c784991c616c,SCAM,train,180
186,feccd1ba2a41bc71a8fc02d7e15b02b4ebefe2bdfe677bfd37c1a0e36893d973,LEGITIMATE,train,181
187,f0f41e2e526630d4a8f5d20fb0f6fde4db83f408e830302d1eb52867cdb24e8b,LEGITIMATE,train,182
188,25676ab4d6425d35915d83adab438ffb7d694f8338a1630c5d576dfbc766c5de,SCAM,validation,183
189,74ff737c73b792b9b97f9f80ccceec1fc6bf64ea21609688b9bdba3d958af0b2,SCAM,test,184
190,b404f5c7c9685799a5f4064a93e2c96db8b0cde2657c9a36cee95deb5daea670,LEGITIMATE,train,185
191,7ec77d2b3caabe58e4f287b3826d43241b69fe5966da6152383e09c25c19a303,SCAM,train,186
192,e33bd2edf4d90af83293af7a6c2b3318eb02acacc830a7a4602953d4489699e6,LEGITIMATE,train,187
193,0b2332da9fcbead70087f5a68d8155a7b860f9f405692e44bb9f78e1ad45f455,LEGITIMATE,train,188
194,57947283206611e5e59825c81d1ea8c6db1aa802aeea13ad40a9841064fa24b2,LEGITIMATE,train,189
195,2e258e326271878852d6fa87e685cf62b89ebde726591607853a8f3c70ed4e28,SCAM,validation,190
196,25e1484793c46c77b71d7ed6dc017534ab3ffce9018c26ef7758fad604cafbf4,LEGITIMATE,train,191
197,0d65e4c2128a88f39382eb2bd1d34e2ed99f8a61aba68a9944d9c8db7e2cce8e,SCAM,train,192
198,0672dc9e5aafc4e9d30202723411e43f452147428a76c2fbb27b79aff1fe1cbb,LEGITIMATE,validation,193
199,48dcd6f8507b46dba6212cf8b8ca8227a8088eab1154dc60d84ec054e5f032f6,LEGITIMATE,validation,194
200,ce3f15e3ada54a52082a8704a0732b7d646c385dad6611138907b93d9135c55c,LEGITIMATE,train,195
201,19e7b0bb678143b1943781221bbb83db708569fdda15bd748a98f70b16df8d08,LEGITIMATE,train,196
202,94a95bac90b52101a22170e3ee6075108eae6f437f6fd6f951be28004384bec1,LEGITIMATE,validation,197
203,7ce37fe833a365b82b0b3307d1ac3c4252a5298b3988b76c64c025173ebbc132,LEGITIMATE,train,198
204,d393cf188994401aa3633b793a12819e1a48c89c9630f398f6b5c5d3ddb92f4d,LEGITIMATE,test,199
205,2a71f4220cf2e27e60930f03f6ab3cfc32d87fdf2a436af251ffc4a75642f7ae,SCAM,validation,200
206,df2892287e527b4909a93b671e8f618c6f7b2a3df0f6c6a9ba9b5228589cb530,LEGITIMATE,train,201
207,8f65bb1f916380500ff4fa2465bf2c2db4cdd9840f170b10cd57804186eec41f,LEGITIMATE,test,202
208,1ad04b58fab2b9b22ed9b2c5ee1f205e30d6041d79df6a49c24f47ad7432c0e2,LEGITIMATE,test,203
209,986a19115bd6daba1c7b9391df7d4747b97f23c33d549a204b084020b558c52b,SCAM,train,204
210,f6fe6acca35210541b2d0a51247f9158646515060a558e9d111bc9e967c5a8a0,LEGITIMATE,train,205
211,c3ba5a0d1e554faa8e0a61f648cc1d3a1cb6a1564f2029fb830001c76f1d36e7,LEGITIMATE,train,206
212,0bfd8201d8451c1fadf2354c30aa17a213f965a601418d3f77635973916260f9,LEGITIMATE,train,207
213,819d5eff161e019a7b1eb6481373e3c0c173864e4cf4ee643733eefa6ea9f195,LEGITIMATE,train,208
214,4847d402c9d7033e453dd82de76e7ed007b15c2190a18cb765f244f954d31d9e,LEGITIMATE,train,209
216,3c12e79019acd56c15f4b5fe8b2a5f2873a446250db38dd24b22ae84bb0fde6e,LEGITIMATE,train,210
217,f2cf6fdc1d66a6ff0f63598d6aee8ce2892ee3f3c66c0837ccc120ceea0a6502,LEGITIMATE,train,211
218,f8a3392e0149abbe4656ae2d2ea6fd6e6e68ac44d4b088236306dd078f609344,LEGITIMATE,train,212
219,9582a096bd0775d2c7d76d6b0e19480d7b0d3082d73bd302a580aa5803d9bee3,LEGITIMATE,test,213
220,0f55f1623b5acefe94cc7ace99eb66877b3312d8c4d7097bf776c3d59dbac7b2,LEGITIMATE,train,214
221,51499c03ed20891942f7398fcc10e5e7e80501ca6e8b7d4c6aab31dd6938e98f,LEGITIMATE,train,215
222,1632bf84ed41867bf7ed4d9a8f344271f8632271086d57aa964bcdc3771835a9,LEGITIMATE,train,216
223,9381b77da2c65f14e1dc7beaaa08f915fcf2a7bb8792480389922ccc996dc5bb,LEGITIMATE,train,217
224,2f7e5e62cd5a6345bed1d9f2500a34006f0ac6c66e3773e309b789a1615fe539,LEGITIMATE,train,218
225,f24f444c9ea0a4773f1befe8ccceb37a0089c7660c3e38efac97bae40d9b52bd,SPAM,validation,219
226,dcd9fab00bcb91e30d97e8506f8bf00627cbfedda1d970b35ed52f4deee9b6f3,LEGITIMATE,train,220
227,5838af63b4c824998869b035a28012968649d7d918b2782b9282d03322b9ba0e,LEGITIMATE,train,221
228,0d06c63da7067990e49813df6fcce1b33b9c596382848fbb2f70ea3300749024,SCAM,train,153
229,62ae72d3ac69b2bce2c40c3bb393095c4b18ef5a61434b45bc29f31a5c004dec,LEGITIMATE,train,222
230,80d9c27024eeb07c46c8e32ec0325352adc3178a2165fa17db3be6dea3b395f3,SPAM,train,223
231,6591567f35ffedd1fcb82481b470f1bc0f51b249194ac877c26b2c51db082c0a,LEGITIMATE,train,224
232,2da38c616fecfcea70b648dad8f0c0881c8736749dda37ff1bab35f9d1ee311f,LEGITIMATE,validation,225
234,d1943cfbd3737e0f285a073cb07b89a7ff96fd1267c839c5a5963b3aba4b5a04,LEGITIMATE,validation,226
235,1b597bab82c9e568c6106e03e06fa5866713a31a99dd0a8a82d10575de1efc4d,SCAM,validation,227
236,f15f6dfcb8434d9dd7dea7ad9f62766aec715152aff1de6c6e6462a9667fcb3c,SPAM,train,228
237,8277a2ef04718e5c823dab9c4519231ee335f4c50840267d21ccc28a2f8f4750,LEGITIMATE,train,229
238,47490de18e8383d3c528ed62de151cbe177cfb87be026a938163dc43330a8e72,LEGITIMATE,test,230
239,09a8dc73350307a2dee7593767af688d1c94f831fc8ed0e87c4bcc6c3a201666,LEGITIMATE,train,231
240,b8c621cb114bdecd6405cc77fe944a254d6161e3cdc5e35cfb04514bc52a9dc5,LEGITIMATE,test,232
241,a3b15a1f60e33820f7e3a4376c3010b0fa3aa401e14483897dcc7fc2d0057e73,LEGITIMATE,train,233
242,c8d5fc63841809f439e06a6b59f4fa2149f055690a2f639c1615cd3004086851,LEGITIMATE,train,234
243,5edc6d1b6c1fdabf5b79dfd84f56b6db7dfdcdc77ccf6571eae4c292e3a271c5,LEGITIMATE,train,235
244,398bc1ce793fc8d98a2c2f7cb9bd7336b6083920dabcf39abacb53b6d8be94ab,LEGITIMATE,train,236
245,0f8ddbea89b77bced255d6a85668085524ca44621ce8ac93efb18b2b6a2f6478,LEGITIMATE,validation,237
246,c7397a2a85c65c91dbd5bb0779a70bfa83a5d616d010585e59e17f39975f710b,LEGITIMATE,train,238
247,566a7b24b84bc9e362a5f7ce6abd9005d23d479608324b0f218626e704c8e458,LEGITIMATE,train,239
248,cc2482f72362f32e81bac36229b598f10c54004e40cfa159a1be79ffc6de9660,SCAM,validation,240
249,b544bc17744cda3fa7d21b8b887aaaa8b11d834522e21858acae29b296d5e2aa,LEGITIMATE,test,241
250,6258137aa1fec81cf49200400c812e3dbf53ad3d68f506831b5145999cc029d1,LEGITIMATE,train,242
251,847eb7cc2f071aa7c77ae44ad7686360af2bb93ae67197309dc77ebcf1451d32,LEGITIMATE,train,243
252,92529dd11df103d55207785862dda1f469164d18439e990be311e3b9723e8be7,LEGITIMATE,test,244
253,62fa950bd9158e7842eec69a574232f7a52a11ac575fde808b420622852d540b,LEGITIMATE,train,245
254,15a092a0ab982b6e91d04d3d72090eeaa7e0b7ece0bba2611a0903eec598a394,LEGITIMATE,validation,246
255,4ca314f1d2c7438c7dcb2f82a96b5bfd439107360f7c9144c0d12776af3a3301,LEGITIMATE,train,247
257,dcc6d48b4b6744ed2791ced3bfc81eaa5dc256c83f90e9c180476d9ff73de83d,SCAM,train,248
258,e0908898fec59b90db054fd424d3bf0996ab902bca0b8018c4f2736ca376208e,LEGITIMATE,train,249
259,c6990debcf689da6edf50b590d5fb0deb751336f07bee185eb7e5c3092140080,LEGITIMATE,train,250
260,b0703b2bdb65068b43d07269bc27789681686b5e8fc40961898398f5a27e205d,SCAM,validation,251
261,08e29b03a9e85571afaae380a12fa67b54fc852a9701a68d20d3579969eaa988,LEGITIMATE,validation,252
262,1960a4f100c070093d80761a5b8e0623c395e0fdabfce3faee308024efabfa3d,LEGITIMATE,test,253
263,a1b5313b55e3903b2441fe98ab073cbf190865bd445983bf472c19393f54794f,LEGITIMATE,validation,254
264,6bd30f4871b0b824b977c8a41165df66d6044e8680925efacf36faff20e3fb1c,LEGITIMATE,train,255
265,233cf55879bfaf652824b91fc7871cdd538af55aac18eb46c8e915561f301422,LEGITIMATE,test,256
266,2d1a1117f79c97fd1ed0e4e58d97e8047314ad533287749cb54d1d388b7078a6,LEGITIMATE,test,257
267,1443526d64f5a2a0a56a11c08429dfcb1bd80249730ad425b393b1ac85d900bd,LEGITIMATE,test,258
268,fe4513d019f6e3f25f8d184ad3803ed18aad42d195b79855d75e12e9be50709e,LEGITIMATE,train,259
269,aeb6111f8a29b4e50e75dd1012ad5269ea89181c99abdc394951bf33d8e91726,LEGITIMATE,train,260
270,203a99919c3214257c0465b9fac8a101856118bad6087db365c193074951a927,LEGITIMATE,train,261
271,b3e021e511f1549d2e826bf702774bd701d6fcbf33318fc659710760fdc60a00,LEGITIMATE,train,262
272,fe2378ef50972fefe20f6f4710525f66c47e46707cd5e02058030d5a409ab3dd,SCAM,train,263
273,bdebcda1cbe2ab0d7aa8a85a099cf9427979ad8125c066c9b107edb4a4f26122,SCAM,train,264
274,574edf9b1de8c85c84aab6035154e0835731b4857a6fe2757f9b127523709d0a,SPAM,test,265
275,126040a00cbd5f54f86582b5ae6825c56af242285199defb25b8d8d2a4d0b8ac,LEGITIMATE,train,266
276,bdcf354559594e51b0bf50a909223366691e207e0afb5508abf2ebc468a5e250,LEGITIMATE,validation,267
277,804f9937288a6c92bf8025b2b7b898c50f9abba334462d19fa4edabb614c2baf,LEGITIMATE,train,268
278,1c4bb01809d868c475d4274bf5eeb5e137377c959dd8d07eed9b92234b53476b,LEGITIMATE,test,269
279,932607a1c27e123951dc1a7ea08c7b03114ac72b6099bfcdddf1d95f5245fbfa,LEGITIMATE,train,270
280,c9853673061813bfc9851b360ba7f2300ae9ed1a2be170fdd49ade8874619796,LEGITIMATE,test,271
281,689d99c371dafee29ef556bea58cbb86a82cc304b04699f771dc74d711644c05,LEGITIMATE,train,272
282,59c5250bb92f963c770ff6cefa935b05619df3a9374d073740610160bf141bb6,LEGITIMATE,train,273
283,da43abdb41b60776988a0d1818155dfa8a670c19fbedda45265dbc20f2fcfa9a,LEGITIMATE,train,274
284,a6214af37379d42426e571c6abd892663cee1ca8b3d795f4ee27967afbc02c28,LEGITIMATE,test,275
285,674a4a702745efb73ac175715bf070bd813a7257a36c6f84211fbf29fc1e407e,LEGITIMATE,train,276
286,27f53a958fe0c7815642b07c73244eff6d8e578ad2619bf04d21f555cc9a392f,SCAM,test,277
287,fc6444e201821f76e5c7e4276acbaa735e6e1eb681edb36f2ba6caca7eb8cf94,LEGITIMATE,train,278
288,baf619c442f4f1433e610da7f687a32c85905a3bc5a70a5ea328b02c153bb552,LEGITIMATE,train,279
289,07ee3294afb04c16eba6b415f8e7a0e0b93913779e12d84c8caca3da82e75b12,LEGITIMATE,test,280
290,78d30087cf205b413b2cf3d55877555e5f88c515da8affe2b2077e7715535280,LEGITIMATE,validation,281
291,b44105fe40a7e7bc41ca90d55a6cbb195768639ddcdbbfa215018970bba5d723,LEGITIMATE,train,282
292,b277ac4332b07ab175f6055677c64aab7927c2ca11501160a2e7eabb24e639cb,LEGITIMATE,test,283
293,576094bb90e5cea0721875c3b4da781d6c8b2bc310daa50644869fc74ea3fee7,LEGITIMATE,test,284
294,9bd187da56b13d46e95c73e0a002a296aac39a2d1a0cf1952bd85c2d69a819a2,LEGITIMATE,test,285
295,9f616ad7c18620d64e07b5df51f11abbe9bf496141c0d31712b8442ce5c80e66,SCAM,train,286
296,381e81d8f0a5bdbadbb245899ba36ad4ea0a2f741c1ae90ca34ca3f217e54f81,LEGITIMATE,train,287
297,530b77a9e91174b69b5c7e0cea3bb254e6362c8e3fb20a50e997d0190ccebf17,LEGITIMATE,train,288
298,0f21f2f04022113b4acd48253bedd4c751f9ac7e8ee959521c3e20877646246d,LEGITIMATE,train,289
299,a1eea823d7711003839c2bea5dba2b4064a05c940e045f6b839a6622a88afb7e,LEGITIMATE,validation,290
300,30c4a87f801a071c8dd3e5d7a592259ac5f0fa9e5bbaa1b5293db3e6ba23cafe,LEGITIMATE,test,291
301,fb84bc0a24de8bd189ed5ec61c5f8f18692d550a753d8068e4b06f56ea39b803,LEGITIMATE,train,292
302,6aad88f8bf5078586df7632601af7563068f2760fb1b03e64dec4b2047d63c0d,LEGITIMATE,train,293
303,220400accb4cbee178540804e1c16b8ef9e3c70d42a46dfe41a1676e361164d7,LEGITIMATE,train,294
304,0b4c127dea169ca3f7818f15df96321d613ef361eee395efef71939b34b3b58d,LEGITIMATE,train,295
305,a291bb3ac2c410621d178a0916a4c27703339b456c923b02472b90f027472a00,LEGITIMATE,train,296
306,e14560c3839d6d5e03a3e48ff54aa296f15c0031e6cbc5ef5b772ef4deb3cea9,LEGITIMATE,validation,297
307,69d030486bcf898140cb29daaec0975b9e03f03dc4749bbc57c2e43a524a5697,LEGITIMATE,validation,298
308,116a1c8f39e675ad3dbefa4ecb423392bcd66424100c449d239f61e937c3aad5,LEGITIMATE,test,299
309,1fdcb63a4168e2c1a30f5a5517987cefa940a35bc164ee3881c8c65e17a87e12,SCAM,validation,300
310,a068fddb536f0ee9e8c78a9da7a43bcee3b9237ed36ea555b9e30700ae460b36,LEGITIMATE,train,301
311,a411ddf3a139973c9d31e4b80e561efb808d0482c0c6c80f07833b08533ce00b,LEGITIMATE,train,302
312,d1311499a4519083bfdee61077f79415bc1fb4137433c5b7d48fe2acdf4d065e,LEGITIMATE,train,303
313,dab1ed3a94d02ff8bc528bc23ffb21fd261456960898ab52b5b4495fed5a7e15,LEGITIMATE,validation,304
314,4e78d859a018de9db8dd77a4136add120723a91c120937836fe1ba3da6028fb3,LEGITIMATE,train,305
315,c46ffec9b21afeb687644631582184aff9a3ed0a719ed4fe94ce95e6ff493774,LEGITIMATE,train,306
316,26a5992964d36210f33eebda855dc97de2d064f3e394b63a92540c42ca2d8266,LEGITIMATE,test,307
317,d7da8267ea86fe4c049b01b956c7bb49aa1c27d52a7fab68e9554d504b92aa8d,LEGITIMATE,validation,308
318,a4f8c33c687b8ca129f0d583493458f65596eeea7e4ac5e91ffda1e87573fa5a,LEGITIMATE,train,309
319,1d134607dfb1d1fd4e99b4a6a354e3bc2193e093515698c1cee6d8538cf3a47d,LEGITIMATE,train,310
320,87d129fbe3307899315598c34d7417ea58b91908cd896b931131db619d6c3ffa,LEGITIMATE,test,311
321,29e86e2d57fa0cd398c468b1799fb2482616996f8b6b1998e32b48d82f8248a5,LEGITIMATE,test,312
322,6567f00bfc9eca9e39887aedac60cfbabe0a37f37b05a82162ea9a1dbce8c08a,LEGITIMATE,train,313
324,407b9d4ac3ce4afc3e50cfcdddf7a8e3511a69082f9c9a454f8ef557ef3305ac,SPAM,validation,314
325,327ba76a0a149cf62469a1cef0f400506fc50cf22f066eb53dc8dec48254c1ba,LEGITIMATE,test,315
326,f5387cfde036e2d9ccdba22fc0264d1369900e885b06a63fbf2f9ad9d6c4eb9c,LEGITIMATE,train,316
327,1a9f147fffe500ff25d4f9e818a2cfbba607526b42cee742c3138a54331d61a7,LEGITIMATE,validation,317
328,e55e5e67e16b714d44f84f04e10e18375eccd2ae9cad34167a56c21b09d9ca63,LEGITIMATE,train,318
329,f9ed8853ee3fea2ae03068d11ef2ac12319e0e57199f38a997bc54267e796901,LEGITIMATE,validation,319
330,81b90922efbe673c0797c27e9da92d4e5d37a490cf2ac004dc06490151235083,LEGITIMATE,test,320
331,084390991e049f6905b2b0a7738bf3f1acfc7f693dcc116c5661d8eccb54dbf1,LEGITIMATE,train,321
332,91e1c1b277a68c198803e0c07350d833a2a3e7a9cf5c7364837c37ef964c334d,LEGITIMATE,train,322
333,9a4ad517bbf07eeed214cc69c28467b485307e157d87720829bf836e0f15dab0,LEGITIMATE,train,323
335,6564c54f8bd29349d865c62ba7c914064b5b58c5136c5a544e39f93012979c36,LEGITIMATE,validation,324
336,fbd4fc120fc10a368967df60ccc94b94c55b0ccabdcab1fbb8336a469e36f667,SCAM,train,325
337,4bdb94d5cb2d2db00e1b9b0f5cd25b83933ecc0a2471f25c49d8764ddffff8d3,LEGITIMATE,train,326
338,02d231c7a9742e628f21fe2ca83b1b2f5754f99c5a965f18cf543a2d6c604dc9,LEGITIMATE,train,327
339,c016813356b112d605f78bc33544d37db6c5d7b8cb45f7f97a296e01db24c7e0,LEGITIMATE,train,328
340,03d08139c72f1e78f3f5e67fe827f473440f067d9abf010388b14b9ceefa4aca,LEGITIMATE,train,329
341,846bb10ab358d952ad9a1d1541a99d3c39eda18443fa3669e3e9a0cfcdac311f,LEGITIMATE,train,330
342,468ca3d877627793f476c908802abdc407947b8b00d478822309ef65182678e1,LEGITIMATE,train,331
343,029e305a73227fb4d717b348b7c8d21239ba7ab7f1cd276c17ccf4142ee86419,LEGITIMATE,train,332
344,21a87d9aefddea36e24ca2b7d3c231a93acc9e14c211374e473960e942c12e04,LEGITIMATE,train,333
345,87e82cb312890707ccb6151fdc1f94be5ebeaaa6a6e9829f56693fdcde9ce946,LEGITIMATE,train,334
346,a998a9e58faaf364736c5b44886b494684afefb1e6cd4db8c5b3db9d24fc80dd,LEGITIMATE,test,335
347,c2cf9fcfe4dfb1369a004d3ff5698170e9c53de349992099cb776e47f704b4a6,LEGITIMATE,test,336
348,5ec2c8edc9e80797d1fd901890f88b763f80f7e73fcaac466c2bcac43c98df07,LEGITIMATE,train,337
349,57c0c51bbd53d6fd716115a008e548b20a147db23ceb2b95790930d163b3373d,LEGITIMATE,validation,338
350,a2f5388faee53bf0747f5ef86338d1dc39f935b0c77fe9fab9555f8b3ae47a0c,LEGITIMATE,train,339
351,f19f51859996057a3645bdd4085c3d092c11dc168dc505c1f4d292cb8d72c79e,LEGITIMATE,train,340
352,e2f320db2dfd8fae98230c9397b609da0160ddbd0a1deae97edc6ff774f7feb8,LEGITIMATE,validation,341
353,b8b54947047dc7efa6bd74a1ff1d67894a28546b186929e0b9e45c4f906a03b9,LEGITIMATE,validation,342
354,9df6fa86406389eaea9884a787dc205ad08acb07a8539d4d9179d93b4feac9e4,LEGITIMATE,train,343
355,37cde94952b1019a754820b9430d8cb272377de309d95f42389b428321b3d1ab,SCAM,test,344
356,c5240a181a1fd837927db075bd6049566965ee967ac934ca1125f8c31958367d,LEGITIMATE,validation,345
357,4106224f796db7e29f66abe34c7e145a15d7576e688f49cd89d25c6cf65bbfb5,LEGITIMATE,train,346
358,b6567f725b1cc8401687cdc8d4870f14333281fe47cf4e16efc38079b93360d7,LEGITIMATE,train,347
359,0ab2b29e1553ca3210aae2e5020cb3e8ab8821930b414b75ff1958b3a739f1b8,LEGITIMATE,validation,348
360,11ec03efef98922539f94bff5d4a37ab3d5dd19a35cf8edfc73fb8cb84c72ff7,LEGITIMATE,train,349
361,4cf0d6f1c152fe8e96991c7c3e34b2c815a7928cc8fdb4496487c3da6b3efaa0,LEGITIMATE,validation,350
362,27b188bdd1c298a806a5a1aceb5a861d73103bb3e755ce3fe289351513393b4d,LEGITIMATE,train,351
363,ea80ec3efc71e926f5166615f748d10b942877f34b0c8735f77d1b1ba61e6258,LEGITIMATE,train,352
364,64d0deb1b0fd669b4eb11e09013908eba1fc0bbc50e6af4869c4f475c747a4f4,LEGITIMATE,train,353
365,f9fcb0137f6009eeb51432f7e3ed79258d7fb204461a57d77f6de62bf33f67fe,LEGITIMATE,validation,354
366,f60138878f65f2fb4448de15c263723b4484b28d1d300f83e19fe9a4e7848ca9,LEGITIMATE,train,355
367,07ca7e63aa4909a76f49e7195d7ceec17393cdcc8bfc0b124a088e1059304df2,LEGITIMATE,validation,356
368,51b9fd681d3b9a9e7c2fcdf4b83fffe755d2e50afb357607d9fce059839acdba,LEGITIMATE,validation,357
369,1286039132262316a077b11bdedf69f369a4057568a2cdd67cc62d4c139b0a0b,LEGITIMATE,validation,358
370,892fda96f22c8879b8e469b2ed503cebed5d252b278c48e59986e18f0620b72d,SCAM,test,359
371,674fc5ade7b7e0aa954f95b9f43e9e15637b5b06b25334b223b87b7b261f5677,LEGITIMATE,test,360
372,7a05b1885b93bb4cacf5abb01d82a91a53d10100a1a4df4e344780be38fae579,LEGITIMATE,validation,361
373,574d017da8f1bb3d17382a778c314d23226aaa6cd8e791ceff775c6ccae71c3d,SCAM,train,362
374,50a242f54a52ca923b3c381553b2c927bfa3447c152b241193ce630ff48e85c2,LEGITIMATE,validation,363
375,09c7bc0c40885627e14abff76cf2ef9ec437fc8a8ff371953f5e2ed50120ae38,LEGITIMATE,validation,364
376,0ccc63fa5cb30a2f96dcda6043bed06576670792d25add6ca14c7e04364d7922,LEGITIMATE,test,365
377,4bbe7cde715c7dc52bf4386afe1012e90ec376c1faef2e207d8653e50fdb116c,LEGITIMATE,train,366
378,8c61f4f11450afd6cdda31084184414c81004cf5ef35c4b1879f5065d8f3a364,LEGITIMATE,test,367
379,119c78ceb73b1c06bd9501da3c990d350ee420dfef09f41029a7a258b966983e,LEGITIMATE,train,368
380,a6afd1a976353d675aac4555e4788fa94eedf9b31e14b3522d9a97642b3349f1,SCAM,validation,369
381,844ac450d014d5781aae89ef315ac5f3728a5f7ff0aa7d764ea06acc47b23af4,SCAM,train,370
382,1af5a86f798bd13155f1fb3810cfb346a586ae08e1db658b4ec0124856706879,LEGITIMATE,train,371
384,e71a07a8ae036f06c0e89fa2992f79e5c075fa30e319d7ce78fb4e55d17daac5,SCAM,validation,372
385,5c772a3162f3eb57462f0bd6e55abe7dfbbaee9d1e92cf491c0bc29b2519495e,SPAM,train,373
386,6a90d1476707e9034dbc3905b1e48e0fd9af3642d7c4b48cbb620eb41d33e35a,SPAM,train,374
387,53a624c12ebbca669c69a05197c09660ab72c5343901f70b6bc7b6eaeb72b106,LEGITIMATE,validation,375
388,5c6a0a888e46018095e6e42b350bdc856dcdb1c24903b3f5d3287d02615cc2e8,LEGITIMATE,test,376
389,10a0f7ca7be028b02348616591714df0ce28d7e29dec108c8ddfa3166ca8066e,LEGITIMATE,train,377
390,7ad61f5c5817525ac474e3e75e05771aa311b48e0bc7e7c38579c126505450ef,SCAM,train,378
391,fd88bea3942773b203edd66fe145751e23a865d0cc8164067aee4b38e4fc95a9,LEGITIMATE,train,379
392,9d9e7ec69dec99fc677be2f0e974ddad31bc490ede13ab8cc2332d1d89ed298f,LEGITIMATE,test,380
393,133e3e935e42d4498684c8194c0b222b79995ab39affcb629867627bcbf4edfe,SCAM,train,381
394,bb2cd2f630014612d5074e01ea2ac2c34a343c00a599477d308fb6d3756a2727,LEGITIMATE,train,382
395,aca357ac4697761ba62ae60092fb4e70149f9140b3fdfb5a799f94f471eabb90,LEGITIMATE,train,383
396,c996d71a2d494f3193790cef6eb17d91d8a22c1df432ab26c02ae3d514e14bc1,LEGITIMATE,train,384
397,e4201a1cde2fbf90f6617d2b98e0547806d43146ad46e522b12aa545a0835b46,LEGITIMATE,test,385
398,5e1c4e2f4020410e854fc354c9bbdcc3f405e1abaa800abbe6d8e99dd2050849,LEGITIMATE,train,386
399,a3fecc0ddcf5f62d658510dd19079fba55fd07a7b1639a2b6aeb7a5e66ec8593,LEGITIMATE,test,387
400,764aa9d0d40ddb568873f748e13707e1c4b23ec0d7c5367fd377e4d9021d95df,LEGITIMATE,train,388
401,8df209d9a990b2e2864bb6d184e03a33ab5aa9a9a1cf0fa6ae04dea2ae9474ae,SCAM,test,389
402,0a19467ba4631e9145eda4d40b6cda01ea6005b3460580d8ff0465db4df8644d,LEGITIMATE,validation,390
403,ad29226d0a9e28c6dd95970826fd765c72fdba7f5a9c8db32108e9013cadd421,SCAM,validation,391
404,87803a058959dbb0b19bebb174948928d3622b060fb6fa8f387e65c35aa83f8a,LEGITIMATE,train,392
405,c3710935b2f1871d3314d31ab75183e835a98689055e6abc04c9d4d81d7c1673,LEGITIMATE,test,393
406,ab4722bdcce01e024f5334364a7a269d577b64e154c586b166aeada5054146d8,LEGITIMATE,train,394
407,888c472373e4a15782db4e6591c17bd3a71ab4d42273e346551cbe1a1d41cb29,LEGITIMATE,test,395
408,39a522e0f23afad8274a70d46871967a8357c3f7d6ea6c6058cdd20bb3e344dc,LEGITIMATE,test,396
409,8e73078270251d71e71f262964818690536436bd3d46fda9069c1e853c99b7bc,LEGITIMATE,train,397
410,a600291143172394963730f43412da1675fab6b42967657b36bad1afd5d7204d,LEGITIMATE,train,398
411,2b11e60bf6ae96d23e2c7170255df51abdab26086c5ddef97f9cb929a5e2a264,SPAM,train,399
412,3728b743a2e7a2c2fb21ac0a45bfef6717dd69a2cf0b06e892eb6d67e3ce0cee,LEGITIMATE,train,400
413,a075e3552bb395c5b4f01d91710863a4bed50c5849d36d39499876c026d53aba,LEGITIMATE,test,401
414,aa8fbda64f41f4d0111c1ff12ec212c592e420a4e8b6f76912b4cc5d98b9792c,SPAM,validation,402
415,3fd758eda86fa285c8631b341856fc11bc7869301cb4150bb37a5e418bb2dac8,LEGITIMATE,train,403
416,48834e39fc6893c0d53cc541a30674a0731291dbea77212e73ebe4e130c2623a,SCAM,test,404
417,e3d8fa62763309b3f44e6bbd25081d8e9348d4edba08e0e86a0bd4d42e3e690a,LEGITIMATE,test,405
418,eeb817a58f45155fe05ad9e0d7ebfaa424f110fec9b28b8f464790a102e3538a,LEGITIMATE,validation,406
419,dcb7d0ed4b0c0aa3fc2129b1159e6178997757f991121e8094dab58ef1560ea0,LEGITIMATE,train,407
420,8e946c1b14514255731c15f0da45a604e61d17aaec54f7c276afa61bef2fff6f,LEGITIMATE,validation,408
421,767e6738394c59da7f3b02348d0a6cbf85ccc559143c116e8b3f51a336ab4af8,LEGITIMATE,validation,409
422,50e19bea9ef0e9f6b4a420eba313454f0e3f4135244e780d59812e68a4790965,LEGITIMATE,train,410
423,6883d15e9c7c97053165b0255994eb3e161c015c848ee2f4468a3f6d25439d02,LEGITIMATE,test,411
424,a35e313c1eafbaaf590666c16b21b3c1ff3b5c694d36157a5bc6f9947ba20bf8,LEGITIMATE,train,412
425,c971cf338fc78bfffdfdcdba7a889efd5b766e37d937cd0490b272650fd36769,LEGITIMATE,train,413
426,b80065e07145b7f994ca91499ce946c9c1aae87f71416109c61ee922b3531cf8,LEGITIMATE,train,414
427,29864efd77eac77f0cae44da6eebeca25ed6d877f0642e730915b211e4fdcafc,LEGITIMATE,test,415
428,2a8fa6d618781d89348e9c755016cf919357bc5d79ab4e27bd35e89a78069dd5,SCAM,test,416
429,1465fbb307abaaf5f912ef7663d8cc10380b752b36cb4d582dcbb0182e64671f,LEGITIMATE,test,417
430,36396e6bfc03a04c3df64f9164834bd967ab84f52a47df0a5e878eb160ea2ace,LEGITIMATE,validation,418
431,427346adccc9b31a103e8ebb6776b565ff5546be2abdad6e0aa8d51060e450d5,LEGITIMATE,test,419
432,c97cdc1df04a888035af9f7b9baf1f2c1109739dcfb3785f123067de27a72776,LEGITIMATE,test,420
433,b7d58d3693b1ce38a3044ab920aeae742fe7495f9a6784b9b6601bc305106621,LEGITIMATE,train,421
435,e3da5443f79344ae8e2ed11f0d186161015875402f4e820267582039c0d9507a,LEGITIMATE,test,422
436,0a09f2f5a4bf0bea3ca42124684cfd19ca4b4936f1657b0c12b26b88cef00223,SCAM,validation,423
437,66faa9d6afcfae00bd7b273db4995d79f665b8057d66b3a2d6caf3d50adeeef7,LEGITIMATE,train,424
438,abf4dc7bac68ff70267e92dd93cb898a7092ba03aa3f13d211428e2859d28b8b,LEGITIMATE,test,425
439,272e77ec884e7133dc96958cc178ab170063b23b096f7f1b41b8887e4f9be36e,LEGITIMATE,validation,426
440,41240a947176a221d37d92dcbd4281f7041ed4a1f7cd092b0f7dc17552355f88,LEGITIMATE,validation,427
441,02aa299564ca603393151ee9ed035f40eacb4e838f9e9284175e99ae56719ee3,LEGITIMATE,train,428
442,33ef529c4dae68596a590677178a729a8042f5f7dd324c0eb4c04159be592c74,LEGITIMATE,train,429
443,38aceafa63c76b155d1b48737bffa9fa6e109130513348e896c3d1ec0cde78ba,SCAM,test,430
444,03a776186d3497b3837be958620a8f649d763bd83b9b247e7d018e9686d255b4,LEGITIMATE,train,431
445,be57c4e765657c14857197b7f4888efa8816a0b222449760bc487b965c740a7d,SPAM,test,432
446,54d75a656e73051b43a0304b5f208af2699833190b6f6ca45cf8cf85926abee0,SPAM,test,433
447,3d5bd7fd5302b7a452d0cfddff76fc1320ba3def649b621bbf60e06aa77c5e7e,LEGITIMATE,train,434
448,ceb881a3502296f8b4f1fbe25c5a8109f44b788bb65c085f88dd82b4349d7012,LEGITIMATE,train,435
449,a79baa27a914a363986f8d2600143a2df59cc9e2622a674c728b6a2f8715d4f7,LEGITIMATE,train,436
450,c33b74d569d22a33e3399800af0145d61e1f7ad1d79687f7e1c097402b641f50,LEGITIMATE,validation,437
451,5d45d7cf7a1fb2b8a02581e2f125faa5df7a060a8c0d2963275ac7b22dcf50f5,LEGITIMATE,test,438
452,02ec8d00aafbfe4e1889860d4611cd6a2ac353ba83eb6a140b528c4693601965,LEGITIMATE,train,439
453,f4e3d90a3e31427252e8e1016cd8f647e6c2a6af9228e6caa61ad1385b3b171a,LEGITIMATE,train,440
454,826e50ad02cd030f53a7cc2406ed68278e8361bb1c6ea9f989599fa32e6b9d0f,LEGITIMATE,test,441
455,297be68d5e541d4fb3ed32765883b325f80eff952434074ba032bb6c4cf0b614,LEGITIMATE,test,442
456,5df8bd71d16ea6940cdbe09e2de0eb48f9991b6ddcb9318a08ef9290012912d9,LEGITIMATE,validation,443
457,ba3cd7ae2e44fa27cd11d24a8ac98830ce4a248760afd0c5a0f9b4a165541f69,LEGITIMATE,train,444
458,95c2cef2abe32f26a19c7fbe341b561792d514b6947393f750c064ca5f671915,SPAM,test,445
459,95b634a71c58ccad164feb918104900f862dc8a6fafc63be5913b4302c68fbac,LEGITIMATE,validation,446
460,bd60cbd5d0086b3a24b787e19362d395f16678b350eb62244d6151b53c1beb0b,LEGITIMATE,train,447
462,e7a103917da8bbb029efcb19c4cbd427dfb6f143a722fb0d2d43950f7d59ec85,LEGITIMATE,train,448
463,4dc704a94865a2ec668aff34482945ec2dc3d1a7a0061dced89fd8da1de7ba75,LEGITIMATE,train,449
464,cd139bcbd030013ba67b76c09e52dfd089912d7a9dee1334186b679858d69e8b,LEGITIMATE,train,450
465,b2e0b9085435cbf11fdbd6d866bb6dc70fc11749d379e7d9eac7023cfc9e3839,LEGITIMATE,train,451
466,d26d9d7a440ca4e3b1002f3c41a43a5e6f5105e762cc550780d47bba869a74f3,LEGITIMATE,train,452
467,c438655bab799e594302dbebdece1bb5d014e63687044b93949789c2e1af9c58,LEGITIMATE,test,453
468,5cdb93e3a5ad991a066265c292d15e134cdbeda42cfd260d4c68bbd1a6698180,SCAM,train,454
469,d8213d52e62c8fc7284e82c1437a93aadc489a342b28be7b3e2366724d3efdcb,LEGITIMATE,validation,455
470,8c57fd2cf2a8ca0d220148ec6a46dacc1cc1b6975380b48c31899ad31b508f2e,LEGITIMATE,train,456
472,c19f50172e51105288dc7f6e2695c97cb4f0fa2c1b48c067b931d0a5cfb68c8e,LEGITIMATE,train,457
473,f11b03385b3ee523c2346f92a650920a299038db8ce629aa7975f21ff1f416ae,LEGITIMATE,train,458
474,be4979ff0f183a550b7e1a27cf2956a0fa4f3c09c5f2f57cc3daac2e2d5652b5,SPAM,train,459
475,32250650977e4219570ae1ff30e426d01f907697ac002479fda3a8b71ba68aad,LEGITIMATE,test,460
476,95b93a98618bedd079d7398db9cf1bf882215a2470aef4878c8d9c68ceef3adc,LEGITIMATE,train,461
477,0139dd9e3c1c74f29e5b760456e6da40dbff4bd0f9814fd63239b529c2920803,LEGITIMATE,validation,462
478,2911221574b19f157929f531f4951804d69cf7631260daf99d29d4051ebaab07,LEGITIMATE,test,463
479,31e3cfd6f016c31fe97046613132ba068786e14698ab4dba3763f58d7350ff83,SPAM,validation,464
480,b6c637682519233c1a692ca36599bd7ee45fac61525544f7f8fb55f6ce683750,LEGITIMATE,validation,465
481,2a86b73fbe3ee38fe5b974af5cc301106ab6390d37fe2ff6690ffacd71fa6ee0,LEGITIMATE,validation,466
482,f534f97a8f1233607e83222ecc44b3a1f9494505bacd046562183dcc36397a3d,LEGITIMATE,train,467
483,b04fd341b63f136a50fb280c5da9db327c4d0114727e42265d14fda96945a6f8,LEGITIMATE,validation,468
484,f73027919325520a522db009bf16a6e55cc65c04ebf48b902fa61f9b2d9c2b52,LEGITIMATE,validation,469
486,2492b4213bf6ab24691929de9f52886a5aa37ef0c7049b478a82068ce81b1b8e,LEGITIMATE,validation,470
487,97f38c3de0092bb34c89da20e4507dbc875ea7020e0a59a23f95c9c021e6238c,LEGITIMATE,validation,471
488,73921442271fcd9c876ea62322773d66d0952333230278d120d20b65ad16b812,SCAM,train,472
489,d71d4bd4220643f6e73b13b61c58002176b096477a8468d5d80a1e447716ba63,LEGITIMATE,validation,473
490,b84371646f899a2de5334959561fd5ec52c580fcd7f037d7ef2b803a9be26063,LEGITIMATE,train,474
491,cb12fc16004deb0cb032ee0b34b958f427bcd534247dc87961363ebf196af00c,SCAM,test,430
492,ddae4c5831a4795d3dc22b080efa734a877c97a473c83089d8dec7bd53f84df6,LEGITIMATE,train,475
493,4c2de6a601b85412ff7cd9b95dabc6b0adccbc98f8af7f5f7abf5dc43c18d671,LEGITIMATE,train,476
494,aacebeb2524dc319dd35b83c4e4133b0e2baf3021c1ceecc97b60302e862cd85,LEGITIMATE,train,477
495,eeeb1380b3fb0e652274341cbd0012db29af23206bdbe0dfab11afa2cb9b9908,LEGITIMATE,train,478
496,9742409fdc5daf694ac041514c19d93509b42864c5f3f242c3ac0d5ee7b17f1f,LEGITIMATE,validation,479
497,b185633dfa994d277e29ad2e9fa3533c9c389d26e0413d59131f637e094b6a32,LEGITIMATE,test,480
498,8653d1eaeaa0cba312597df366e2ca5e0743a271091d99c2ed515ede22cd2367,LEGITIMATE,validation,481
499,128dfdb4e73a0906e26107989d8a7b2fa98ef3655c5d427504fe73c6ffac832f,SPAM,train,482
500,acb65b41b773ec9506ae34b1b379496433527d1b0fb446a52479cb78c2acaa93,LEGITIMATE,train,483
501,8a075337e970f9970ecd75a298e9a0222e744c0a6baeb5c877fc8797e2175fef,LEGITIMATE,validation,484
502,a88cc3ede0437518e1ca8a0b9e65a7550c59ec2fd70288833a19a3b7db9e4816,SCAM,train,485
503,b609cc0a3359ebcdf4055da273ccc6117c31ec5be901902bbee7c929bcf7c644,LEGITIMATE,test,486
504,8a9cac9e34244da91c51cd71fea14e54b4aa589843187ed4e2447260ffb11b25,SCAM,validation,487
505,1b2bd0ba20c0fb80bda256d046e2935b3c397b43dc9ee71074d225d379bcc314,SCAM,test,488
506,3c194da806cd46cd18a860af22619083dec02d380e501bed566a5c482e5df7ff,LEGITIMATE,validation,489
507,8ee961d5dd58645b0ca1673ad90905bda69e2b5d29f5bba1830efdf8bb1941c1,LEGITIMATE,validation,490
508,13efa5596ad29f63033c7d97eaa6a882884a0a8a6a5b83d4018f9504944851a5,SPAM,train,491
509,63ce41e3c576b91e718d0d8a6e8831351bcd2ca16582f11ae74a54598913b869,LEGITIMATE,test,492
510,1c030d7676c496786f4612e3dac66fa41cb1f13ca7a6ed9d806005513a84c478,LEGITIMATE,test,493
511,d5fd710943fb88e57fa1b720e1fc80e829d4cdfcba1364794c2d76802e119f7c,SCAM,train,494
512,5a9b6409d90a625b21ccf45adc9175bd6ba978fbf1d2e21d8b931493fea351ef,LEGITIMATE,validation,495
513,952d6860100d8a4d7d3aaa2ee84d2da17c6ca8bdf6623f31804ca2391c8341e5,LEGITIMATE,test,496
514,f2f9abf0f7b7a9da982649bd64ee246dc2f3f0dd00f99d440ba7227cba841d67,LEGITIMATE,test,497
515,689f27a243f463423dedfdda5153335aab0b627cc23a93457f53c34bedf6dc1b,LEGITIMATE,test,498
516,29afb909314941297597d88f0c822d6f7475878c4d70e1776d470856b08136ac,LEGITIMATE,train,499
517,6f51a8575721c2a0b1bee2f633bb1b546cad9ae832b94825565ed18086860923,SPAM,train,500
518,ae1cce06176db675a23b025f2a5bf2d0da48f8c3ae4044cfc8029a4eb4902d4c,LEGITIMATE,train,501
519,5aa0003b8b8b5bed381dba8c6569a2db43903c1787bc0e8e99619360fe64fac6,LEGITIMATE,train,502
520,5835bda7793cd7d02c9749bb072bd554e38f5d09172f92fe9d1d306ce8750ec9,LEGITIMATE,test,503
521,b0e846cc5356e1ae2b475917567da156b140c1f9432d84eaa697c86fcfebe927,LEGITIMATE,test,504
522,bda303bbac9fe0a1b7f53e91131fe7d364d905f30c9acd00f30c26f00b7b2e39,SPAM,test,505
523,ed8c3842c8e19ff6fdfc68ae869338715ef0bc7eea46756d8ceb6ea13be3bf2f,LEGITIMATE,train,506
524,45cbf9f5ea0be9f1788a5d238a16dc9a5fc1db949a274b1924f53f2a39b92a3c,LEGITIMATE,validation,507
525,52e9cda9cc673edad4636b59abf3c50bacc69d2a3326849f08e2ce5f571eceae,LEGITIMATE,train,508
526,763f709d5a7819b9f2d9ab3ee33b69e26052c306b92d5b1cb7a807e6835afd69,LEGITIMATE,train,509
527,bcf164f50d699ceb24df473cb4dcbb033fb379b54623f6000ede5ebadcdbc691,LEGITIMATE,train,510
528,c396eeda8fd8648f528e2855bf2f7bf8c375491ed2b6c428db196b9172f8f6a2,LEGITIMATE,train,511
529,70ab24455f7200416269b5b4f0f203e9db0732e6cb1942bd14de8d36c09f4273,LEGITIMATE,train,512
530,94966476f7ccfa2776e9bead26c38e1f99d2f8c277a5b958d9ed1ca68b1cb916,LEGITIMATE,train,513
531,e82848cd0d4a107a5a274eccab6618928c74cdec419cbd7ef820c02578636447,LEGITIMATE,train,514
532,f3dc8236a3cc89fc992193fbee724a1231a4bed01e3cabd1b00f15f15002b708,LEGITIMATE,validation,515
533,79d5eb592c539382650aa88a81432fc9ecba1f194ae6d1cf548a61f04912446c,LEGITIMATE,train,516
534,2e71c4d3c28e9f0e4b194a223948d967e5762e116e753d62b957792202f3f3cf,LEGITIMATE,validation,517
535,db11cad293bc9fe015b2acaac2cffa542183dbe19f57b6aade1d67a1a48f0fae,SCAM,test,518
536,5d4bd4e78bf659f83f386653ce509eadce65c6b94da9d53a7fd7395e229676b0,LEGITIMATE,validation,519
537,395f4c360550c83bbb17292b62bd0a9fe37bae5dd5378f4aa0991dcd0169628a,LEGITIMATE,train,520
538,2cd1f050147a2a98140ca3702a2a092f5ba233cc270fc6dde501f354832e39be,LEGITIMATE,test,521
539,a66428675c78ee904b8e49cc73a2035be9081151f0f3624feec881a474b192ee,LEGITIMATE,test,522
540,ddb3d1c84fef1f4b6304b146f70529d1155be9eb77e1538df9584195d61025b0,LEGITIMATE,train,523
541,a21045bf3a4a936b7d82f7a7db2c478271054756b3973b3ac87a12a899a8d2b1,LEGITIMATE,train,524
542,e2e665794952ba5d58778866708cd26a72cea3aa5e82425e256d96d5d90617f7,LEGITIMATE,train,525
543,bc621c66894336a6426eb6d09121e924653394c8f2153899a7aa4bafe910d46d,LEGITIMATE,train,526
544,83544c54c00c34a13d7a40546329458c143ee372b75ac7f85d0f8d778db3c196,LEGITIMATE,train,527
545,3ff4eef6928a5336c138a2284ce02b817ebdc0fefcb7fd3bb18de46f11984627,LEGITIMATE,train,528
546,48bc0d1ff12def9991d2e77e4d3568d95455e7ef5a603f3f50858e4eaeec0e9f,LEGITIMATE,test,529
547,93d0f5d50ad12799aeee5a5cfc497c4039ed57ffc0a98e5883204a10d76cebf6,LEGITIMATE,train,530
548,dd91a47b6d3f0c3350d6e946b008c8e29e835f04b9f14271096563ea70bbd0c7,SPAM,train,531
549,403afcd53955523f2369e7e7780e19598291c4a21cf2426133d907360764b44c,LEGITIMATE,validation,532
550,7eabf6f0f0e5bd817fe83841374635e19dac2ba98ad344ab30375a0de51a85e7,LEGITIMATE,train,533
551,8057b6c492c1c5ad3a5c52774e4677a08dc0f16437da523bc440c038e1bbceff,LEGITIMATE,train,534
552,d065c34211fdb0da740ad38ed2440ca2eec7f0b503979a05023993c4168d7165,SCAM,train,153
553,c469c54aba1ea8e1c0b3f7f5756b7d934f7d818cd5a764cb964fa0ab97d69c5e,LEGITIMATE,validation,535
554,b9ac458d3b1328c9a37e83f8aacccccf039f3353f5818a0409cb3c0168154792,SCAM,train,536
555,8e557f270e4b360e51cdfc0a5c0b5b48c51bc73c47746e198355344b1d6b1ecf,SCAM,train,537
556,aaef37d58729dfb8bbbb25cdda3e1c0fe86cb43c94f545da433b51edc76359b1,SPAM,train,538
557,a62a861ac24946d139c9c01ce3800572ddf3fa648776ac51a86176b69163ffa4,LEGITIMATE,test,539
558,9fc3331ea0dc5fdf641b76439172a6ba5dfb5bc9dc6f50d601e938c8853676ca,LEGITIMATE,validation,540
559,ce124010e8f1acb8c31ba082c0b839150659bb5a880da8cef4ca91ebead058ef,LEGITIMATE,train,541
560,1e1e79322bd1a49d0b93b1396e2948d6b1cacef202bd24da4bee835a03242187,LEGITIMATE,test,542
561,71b82872e29c088398f615d66161c98022ef249f311a024d5340d48d4d6e236c,LEGITIMATE,train,543
562,1656ce4e1c212c90320d00c4775ec727106faed5a38e40a2fa634ee5020bafa4,LEGITIMATE,train,544
563,12e65dcd9015ca4018d65994150a644c38e595e3badd8b2f96a69db2ee1e24d9,LEGITIMATE,train,545
564,3f920c75438b9120bcdb2a0d45e6967881b302882226a102cec2252fc0965116,LEGITIMATE,test,546
565,69b67e9cc41f47922fe1f8eecba0339b8fac2bbb27ef3f3b8e7456caf9f8f26b,LEGITIMATE,validation,547
566,a03a76ad9ebab4c1fed541982565874de9a7523d39c03cc4789d18e137c046a0,SPAM,train,548
567,aa2e4e2313029671486c098d527d30aaf47b10da70b1b3f9d1af832d773900f8,LEGITIMATE,train,549
568,fe3199f49823c188c9c0b1b5b125d8f24a975f852ff923246b130908b374f46a,LEGITIMATE,train,550
569,c449a57e0e9b1d3544da552b00247e6a171d3e20288198b9673fb71fcac724cf,SCAM,train,551
570,c105e8277297b47695f759be1d070de9773bfaf2f5388485af500eee1859e764,LEGITIMATE,train,552
571,b3a807b4288095bfd2bbc753cf681396ac31e7cd31b8466a5aa08404fd479d0b,LEGITIMATE,train,553
572,8390eeb3dfecc04c511135d17028121e074ac2b2dcc938006d394cebe73952cd,SCAM,test,554
573,3d5c23c62e4183583d3142270059f1e985c657e22a090e66c8feadb826175c3c,SPAM,train,555
574,88dc8258ee985e6e300fd872d89bc598e2ec57695203c38f2e0d1f5920d47362,LEGITIMATE,train,556
575,9b6ae9b86cf7754dfa321742caa573a4780ef15671064d0bca575014d6f131ed,LEGITIMATE,train,557
576,fae9ee5df15f0a56a24330abf78f2f55969a80a6698a32cf33b3f0a82a4a33e5,SCAM,train,558
577,714dea205f9bf4540409120bdc01d73d0ff930336d21012cf6e12a588dec2ab1,LEGITIMATE,train,559
578,0f263362df47928f302d183581459411d89964e703f4c856c181925018ccd304,LEGITIMATE,train,560
579,d2d559d7c2f2cb76faf880c09271341292f706fbe89a7479f238461d1eb78923,LEGITIMATE,train,561
580,ef57c40529400ac91a9e1cf9ebb37067e4a37c6a6aac74b03d0828e94771b1a6,LEGITIMATE,validation,562
581,8eb1435e1801541933d776bbbd2257c6d76fcada5f17c3e7562ae7dd17190c72,LEGITIMATE,validation,563
582,c3452a6f0101f7b544c3190a7a9fd586c994bfbf965ddb349e0049b36e556568,SCAM,validation,564
583,a49d43d3bce7c4c18af825c43347e654ac463843983b554481ff92a2947ed6e5,LEGITIMATE,train,565
584,04d5f731d944d92073d85b764c837faa8ff1c1f9e49b93ddd75f5df1b7f03309,SCAM,validation,566
585,10cc913aa33798cbfc56f962a979948b017ef5770d8216f6403b3103070e5058,LEGITIMATE,train,567
586,792784192770003da38036632e9560da329248130dccc980d5f3e0c60058950c,LEGITIMATE,validation,568
587,e774ecc06a5b0eb7fda5b21066f3e7ae89edd38d7dddc3b59072557073a8bbd2,SCAM,validation,569
588,72af2e7b53bf0429d74b14811a67278294aa63f15b4d7baecdbb791c13d1049a,LEGITIMATE,train,570
589,1066ab808d2944f5b03e28ad67a77b62805e2c139daf1ebe13a1f35cf247823c,SCAM,train,571
590,d9b1eb417415a9f7648a2c54ba5957f21d00060b33571c2df6f2a83df7b79860,LEGITIMATE,train,572
591,96793eb000bd16c2a998a85d95efbb20bb61599faef06fa9aad7347c85d43052,LEGITIMATE,validation,573
592,c2a6ae06b999f74b0fe397a89b7366f79a6195060abc389b19dee4ec4bfcc19f,SPAM,validation,574
593,2d88a3e1bfe15d8824d5e66f490884f2417f15091a7d5aeeb9f50408f6753fdf,LEGITIMATE,train,575
594,876ad762c2677c644de2e14ba6a945f45e5f27fbcf51b32bab6e86910c3c49ce,LEGITIMATE,train,576
595,b545301a97a70a64f0f60339cb6eefd99c7bf42a57627287b729d2e7d97b978b,LEGITIMATE,train,577
596,93e7106f21c10028e4ef8188408925f29f231aa8b65ffe32ee922315c1601b51,LEGITIMATE,validation,578
597,315c0874b846c915aee544a2d6040f50211c4ea0fd1d4996ec56fda1add897d1,LEGITIMATE,train,579
599,04c1ae6b904e84fedbe0c4b0af3d0ed5eff43abdc1580fdea951b2577f77cfd4,SPAM,validation,580
600,e46dee6d5eab123cde35c36653134dd8a98e927d9d972f0a17cf5607ef758e8d,SCAM,train,581
601,bc35562a7aaa38c6eab5736d08a9de684d119a368e0aed94732e6243923355e9,LEGITIMATE,test,582
602,dc3a9555432e68029f9ff66bb0847fc05423e3382fdd749a852f699bc0f32ac0,LEGITIMATE,test,583
603,573f18b62e224535abc918b2cc2a27f458618c3e82173ec2d30b6c9ec8948a31,SCAM,train,584
604,158d6d6643a93747e1f45eb65d337964e9a9559747ce9ddd6545f101bdf87929,LEGITIMATE,validation,585
605,3d6c491bb2517c7f6986043cdb9ab0c70f565cf6e07cec914005b9b29ed2e57d,LEGITIMATE,test,586
606,9e3dd2530880f3ceee605d991ba88f12124d01cc430fbc0a123b7e4529d834b0,LEGITIMATE,validation,587
607,03ae240bee77d351252ac18c36e62e2575926c0020a50b5b2287bfbfe1e647ed,SCAM,test,588
608,bf3b0e4acd46eaf0a24a0c6d0648297fb3b7f582483c08d2964522f6f46fc45c,LEGITIMATE,train,589
609,cb4417b41076a2a1e5924f623bac30a033f362c2968f423ef67cb5e25792ccf6,SPAM,train,590
610,d6848d43105d3f72b9a4a5a85cef739fe0fcbb7d0bfc425a3b5d5bcbb21d42b7,SCAM,validation,591
611,096e7dbb91cde1ad43575dc69b8fb76e0507bd19d3d4755cc4240c6d3bfd6397,LEGITIMATE,test,592
612,35bb3821908302eb36d0e0012f0bd333c4fad5773f84a2703641bca820aff71f,LEGITIMATE,test,593
613,c2dedb7415c51451f9653d9f9125bef6f533f8cf9210d28ae92d516132fcf7da,LEGITIMATE,train,594
614,31ba8fc2d33f9133f5151bad5a71b7e66770b67f7f9821e4a4742145760c6e32,LEGITIMATE,train,595
615,759cb3d3abceda848c979b070752d9d89955bb52b472339f4616bb1e77d67215,LEGITIMATE,validation,596
616,1dac0b6e42a52f2f131384949ecc8065f8bd7e207e4712ec5eb1bbeb21433300,LEGITIMATE,train,597
617,e1aee38d2078fb8c68fa8778df4745e899af91021cba8568e7e2882d89102696,LEGITIMATE,test,598
618,4416fb42dd4c66a30784e8c50807a9fcfdbe1448723a4b6c7e06992faaede43e,LEGITIMATE,train,599
619,bac98096529e87de0db4ff708b1b0c45f45929b8e1e9a59fdfc596ca1df236e0,LEGITIMATE,test,600
620,64b046e15749532aa9909c6f683645c7f8f70e6497fb2c047282b6b8441d92e0,LEGITIMATE,validation,601
621,9ea8fe274619434fee85ab9fbf317574f1794d4910a20de02ad165d84cc01369,LEGITIMATE,train,602
622,9c2c569f26828e8215ab15112ed47d4e10b9945d65c061b1225decb5b76f47cc,LEGITIMATE,train,603
623,7a1b9728d213cf1176d481efc41c4c6363ff60072ce863524fdad7abbe9fc947,LEGITIMATE,test,604
624,f9bb5c0deca41f13783fc2c4a1e033e63fab0e1e513cb534f63b3ab9e59ce180,LEGITIMATE,validation,605
625,c18cc804b1a14e50a27b37dc42365a55d83096087b7507f8610228c89cfdeaae,LEGITIMATE,validation,606
626,08f8bf414f6f07dc41d566465303fbc6c787333a16c34db186bc53fef13ec93e,LEGITIMATE,train,607
627,9fc284d2d13473e791b3e0add3efc36d15a7ee17699584b83e410da202dccfab,LEGITIMATE,validation,608
628,a1d1475fb94b4b60926b37e29ca3df347e2fd2715b0a8d072d6b18468b35c4e9,LEGITIMATE,train,609
629,10974ccdd63e3e051e3184eed05096c2f6d3849154ffb2d881266328f72d543b,LEGITIMATE,test,610
630,9c4684bb819aa888bab02661688429019bd7494bcb2dff87019ee10262169973,LEGITIMATE,test,611
631,31cb67d5f7b261b61e0f1375ab00332c0c927bd0197c8974b6780e38ee1f8836,LEGITIMATE,test,612
632,c8d959ff122866c1e99c22c8b2cb6ca615fc7d857d358819e68cc255f30e81bf,LEGITIMATE,train,613
633,560cffb46bff5618dfc25b18b8352555ea7cbc27e613609fda15062f7d70fac8,LEGITIMATE,train,614
634,f6f0671c72d737ec5278724a144512b9832b1a4178b6fe8452061e0cf352644e,LEGITIMATE,train,615
635,a9ded9f92669ce10877c14a311f61d98eca6acb07082286a15722c999351ea31,LEGITIMATE,test,616
636,5f335f82e20b8a60993c6707fa34be762488c7ffee7fbd96757d8339dd725c88,SPAM,train,617
637,39586dd1588c37b524595908f7f8c50e492fa95a3f1eeecd71a39e2563d6c062,SPAM,train,618
638,8fe608ed9609725965f25fcdbbe7448ee6c30c47d1046ed060d347966beb34a5,LEGITIMATE,test,619
639,dc9c4784ab499a314421c24e06330e530205cad15db29b56571a42fa6f19e73a,LEGITIMATE,train,620
640,f2445a0ee449db8c0b914c4b2eacc34feb3c0b0e128deb5bf186238347de9636,LEGITIMATE,validation,621
641,b3fd2e5564b66f0a045da2a1a0e38970c3140ed38df05837101a78586b966aaf,LEGITIMATE,train,622
642,1871fc36badd032655767bf8bd7dda2dbbc55fd1f8c9c280a6b8226d27626db9,LEGITIMATE,train,623
643,c122a4290eaae0e0caa2245e1d7593d9dc2c369ebab70c5499a3343e7bbee30a,LEGITIMATE,train,624
644,479e93135b9b24490493af366aa5bb58720234db80b34a3445fef3545a17d622,LEGITIMATE,train,625
645,3adb596f221fa11c730e9be92a00b50c3b868818fb3495652c77cb67d18dabf6,LEGITIMATE,train,626
646,2b51dd223152bbb48594a46188bed8cf9c14bafc9775184c922399215353d559,LEGITIMATE,train,627
647,1c137cdecb6be90aff62ecd6ed4b1882e18d159588da2fa3bb54c0a3e74949d6,LEGITIMATE,train,628
648,40b1688a4b20bb9ca73974a61af83d6998a096e3a7c69dbb4a8bdd7fa543b899,LEGITIMATE,validation,629
649,f9e3a55f543813440085f4fd3073d11449f2652ad4067d999a06ad67e23f9eee,LEGITIMATE,test,630
650,338868954059d8dc01a8fce72f5fd138cd3daa4e88e71311108862a887eb4bba,LEGITIMATE,train,631
651,c257b38b22b9064248fef95d5eb85211f5d91af9793786c56eb1b02fa448700d,LEGITIMATE,validation,632
652,2a3a1eb60a66c0f847bcc21777f73b69e700482679c8a5e06061fb7c9b5a00d3,LEGITIMATE,train,633
653,6fd46e29b5ab6d5b8db8940669e23f58bb95571a7a63f3197acbe1e19e886825,LEGITIMATE,train,634
654,13c4e8d83d9136a390a478c0a930c0f4418c56c931adb2ce885fa5f41dfdfd1b,LEGITIMATE,train,635
655,ae1bb2e83cba3d2800abf05cb1642ac657f700754a7e5b917187741e92ba7820,SCAM,test,636
656,8ba4c19c25f778d89565526ac636d95dcdc61a08237ba577f59b9c6c5e603c32,LEGITIMATE,train,637
657,abeaf67961346e934b858491fc3de1d2382c83f2d4f55a818ff8871cc369ae77,LEGITIMATE,validation,638
658,ce3fe5aa8fe6a856b4002be5305e5d8381cbc50ea1933927ebd3aad8d86a85a4,LEGITIMATE,train,639
659,05bdbc5105b905cdede09416f78829adb193ada017bee7fd1ba2fc35539f78ef,LEGITIMATE,validation,640
660,0812d03f218af189b6bc0f13a0ba6b35ee72fcac726405b2d9f0860debeaa552,SCAM,test,554
661,57a7174a28433102b789168e0a3f1893372a825c57cc45381456d59414475e4b,LEGITIMATE,validation,641
662,0a8eb24e93a38659ada2b31d59fbd93f8b3dbab42fe850f9ccd2e546f812fdf9,LEGITIMATE,train,642
663,a04f2051ecb977ecc96e60aeba6d4336bfc1328ecdd2d9198c50cd74fe2e26b4,LEGITIMATE,train,643
664,06233fcb1be55ca25659e25795a368eefe8b3a9e14bc4a5ebb1825f2b5cba39b,LEGITIMATE,train,644
665,e2b996334e2ecdeabe4034d868535c7480886b6dc69edd6f87f983c672d3b71b,LEGITIMATE,test,645
666,1ace0562b25ec396e093fee1e9a7586918e4dca0f1770567630ac9e2090c78d5,SCAM,train,646
667,7af8c1f29e7d8ea80bd6986c1936e3fedeac7a09ca9ed3cc76b8412e84dca851,LEGITIMATE,test,647
668,e4cf2e56e55120f824fc6f9db6212180574adf3bf6fec26e3231bd5ea1f0e14c,LEGITIMATE,test,648
669,d3a43870c81c0149dd8e6bed714f4043b275f7ce746753d4b8f75845bf604b85,LEGITIMATE,train,649
670,5f7e69123b8de9d49c62282d7655e4355f8be75664a684680c2127bb93b5ebe4,LEGITIMATE,train,650
671,dad0693cc26e6c7cac56b234d46a1945771a0742a822f8db4d9e485822af89ed,LEGITIMATE,validation,651
672,2dd2223f87e6bcaeb77dac2e5bdde6b4305b7e77312440d39652e093f77322b0,LEGITIMATE,validation,652
673,606d67f1b3853e2b3d3596b0ce01724531a28e7dde4a7784f1de1a307a955e69,LEGITIMATE,validation,653
674,5bc10762347d072dacc79e959904ad9a9f4712fd81fa79818b71c39ba4e6065c,LEGITIMATE,validation,654
675,4234328fee8ecc02a0f7e59cb561c20dbcfb5d8c033d18298032a3e42a517ffd,LEGITIMATE,validation,655
676,493f121cb17a9583ae3d2a2b4b9d9ff0ce06dff367c706bc140faefd9fc647d0,SPAM,train,656
677,62bbed0ec893c4cadb579311fd5cc98f62648053add14b44c720fe67c6a24015,LEGITIMATE,train,657
678,796f64b46cbeebfba801472a4999ae9d0fa36f9c4d19707772468d0ab68488cd,LEGITIMATE,test,658
679,1981e5e7b05a88fb509e2d5dc2929e1f7ae5e19f07b223690992649626210ea3,LEGITIMATE,train,659
680,0b00f35d6f0497cdf9a60b05eb603d071ed6693b77ebf2f9f8251cef6e6c0cf5,LEGITIMATE,validation,660
681,abf262769ba12b3381cb4079809b0e68ca9ca1f66aedbfdf801b614937acbae5,SPAM,validation,661
682,cf923eba1f76841797575df9d734e261ca81dbdba1ab81f607871370c14e9a53,SCAM,train,662
683,b0fc22c2694cd3190d7f45ac6b9b5913b41240461d998bd256d3b5f25390a92d,LEGITIMATE,train,663
684,a3d42666f5affce8fe8dd078646c036d69b436143c33d8e18da17f9a3ffedf80,LEGITIMATE,validation,664
685,b69483d5af0b3cde01f5c274b2969147e6d3f1143b2f35e5994f1436004bc73b,LEGITIMATE,validation,665
686,ce774b987f43dd1681416d55cfb21adf6cdb5e1561ff16cc18eb140b8956724a,LEGITIMATE,train,666
687,abfef33e0b61244b417bb8fff0ba745f9179d528d98b0ddf5f5a84b980076f03,LEGITIMATE,train,667
688,ed6869c21b9e0f5d7686b64c7e52caed02186d6c8f18799f89f5ad46db238550,LEGITIMATE,train,668
689,ec14930adae3037a225a1690eac54285e6f1fffd081ca13c7cc3cc931e33983c,LEGITIMATE,train,669
690,93a3610dd3869d4259b313588a89ca71edcfd2a899d2ae338bf8036c7ae70fa3,LEGITIMATE,train,670
691,98f0faeb6f1d111322f111e1a31e044e2c30378250764454b7e0e1fe53169eab,LEGITIMATE,train,671
692,fc5bfeaf82dfbedfa70d323fe7912037d833be7d4d3aab92f8dd883c4b7e30f1,SCAM,test,636
693,b24c3ccfa8c44da5b2ce7a7ada4942fd2b218eea49d8a5dd6815498fee859e05,LEGITIMATE,train,672
694,475cc74a7b871b8680d6b3b2ceb978af1b36f3935597e9d96d718ad6fae28cc3,LEGITIMATE,train,673
695,b699cc80749dea2e815cb6356a834d5a7680365c5ce0cf12c7666d2869d38c92,LEGITIMATE,validation,674
696,31dfa228a994eead3c411a57986f43917375e0db08d1498e6af54657d1ecc34c,LEGITIMATE,train,675
697,cdfecb5ff93c04608cde1448eab486fd7a06e5d6cd797120493cf5d374c5ec34,LEGITIMATE,train,676
698,d07d2e6fba2666a07c5fd982a467bec1c9cb5537cae04599ee42407e0dacb02f,LEGITIMATE,train,677
699,f9e826653c19b063966f59c6e9ae0abf01955e3db6306ef2eca3c97e5b97b04b,LEGITIMATE,test,678
700,d1e618a8ad06b96d661c68baedcd482e81b200cc8afb94a09522dcc3c55e6632,LEGITIMATE,train,679
701,4c4535f31ddd35b2a80e2a91ba9c8a7f4ae33f23678d069b16d7009d601f7dc1,LEGITIMATE,validation,680
702,8dc346aa4e79657cc08047f7d19e287784c9dcf2961b7ef8a4be12fa7851265f,SPAM,train,681
703,3816590816174afeee0610c45bf51422d26df3e76845e47d5c82a2d0e579a0c2,LEGITIMATE,train,682
704,c3ad5989cac55ca6f6b8fce5106cbfd6de94d5ee63c5c08da9957faf3c5f2e11,SPAM,test,683
705,a43d7ce65e99c44947960e724b26ab484ea7c4414e763d1b90f4f96ddf4a709b,LEGITIMATE,train,684
706,8c5d81cf4bb6b03781f120403bed719486253a0bdb2eebed12c51a1451411941,LEGITIMATE,train,685
707,acd9ebca49051061b39d21ea849045e9bcd0048f387479b8fbae7ba1173f183c,LEGITIMATE,validation,686
708,7733a7c462c2059f1f7658e081ccdd79f7a0d229e46ac03696e962a7d64948fe,LEGITIMATE,train,687
709,32fe4a67c69e7cc7d186d0863363c864f7e4d9202c57f67f256782ac5c07139b,LEGITIMATE,train,688
710,eb0f20d9870ba0d4e794d2bd50a06ec26b90069a6ad5f76df8f1ed7eb7497f59,LEGITIMATE,validation,689
711,a3ccf5de11cf7daac31e9d0c3d416b3a17b119317a3bb4750d533744d27839d5,LEGITIMATE,validation,690
712,7c4c6f2bd6983cd700431cca5d1dd38e0b470d31fab65e0d0310f3c99c8c56ff,SCAM,train,204
713,8034eafe6c0af5e4effd9a7f448e2d80812a5abd935c1de1cf13f68234f37eb9,LEGITIMATE,validation,691
714,4c0f762eb5a70f8b4ad3d44c9c3da04113defc95c2a7ab334b18991cb2cc9db5,LEGITIMATE,train,692
715,d65ad46eb641a0b70a330253b4cfc2d7a7feeacf798f106189fed06cd8bcb48b,LEGITIMATE,train,693
716,b19f23b8880c00a73bb977065a1b8c6a4cd493f179161e268ac91ff67e86cf02,LEGITIMATE,test,694
717,265a75ae83dc9d8191444d81b326bb35778c27b42945931f24dcabb724386c82,LEGITIMATE,train,695
718,f9ea1f5097177ad02b8560d31abfcfc0e49698986b77c52a56d45dc1aff14a36,SCAM,validation,696
719,d2a7efef87ddc1b60795a269df8886d598d1e81d104d8bb54c65a1f409647696,SCAM,train,697
720,341adbabd00e4a5bcda760347c5c9cd1dfc018a2ca0f49f53877fc70f085658f,LEGITIMATE,train,698
721,22a13eec35572bfb9de95df8cf39ace0b3d3b59f7040caccfc4799f27c4e1ec8,LEGITIMATE,test,699
722,2591c9ca0dfe3580692aa20dd9d2f4646c11371837d653d470ef64197702b4ab,LEGITIMATE,train,700
723,a38f9155a41147527261d0e82099875fc89b5f816da70b93f528ae06220cbc24,LEGITIMATE,validation,701
724,573de30cee8f5c2449370e784fb898587f1ae6660c0cfa0e3d8faab8215db80e,LEGITIMATE,train,702
725,98e2f2eefe335a27ffa2c868a31a9cdbdd5a125edde5f15095041419b669a7be,LEGITIMATE,validation,703
726,19ef86714409f37e6c5368d3e64ab03164fbb025a9e9bd3eb7ccee9602e11411,LEGITIMATE,test,704
727,e76a497cba9425681ccdc12d8d6bb0090f4b923a8a60ea03968888b52b9cecec,LEGITIMATE,train,705
728,19935109f938d6942038204043ddfa696bb38806e42a47619ffebc2b775a2ed4,LEGITIMATE,train,706
729,d8e56b365cc25d2caddb97305ceeb49abe027183f3a88b52f393eb872482ce1e,LEGITIMATE,train,707
730,7e7a8bde1c7fff754abdf8e136c370a741a832a82cb3c3f6b36d1911a114d954,LEGITIMATE,train,708
731,c22291180dc38831a37db52f89ee84bde1f6e89a503ebf39676a58f5f7f396b5,LEGITIMATE,train,709
732,ca3894bd6a3b3894077a5dbca445dfeac78e3b1e28d22ceae5e1bc82941dcc8e,LEGITIMATE,train,710
733,ecf222ec09958c9ee0fe1ec4736df3d52648911ee6a81c2e3cfc3b656b096ab7,LEGITIMATE,train,711
734,af60b8727e39717c8c61ed38523c57c3da3f4284bd4c83bf9accba447524177c,LEGITIMATE,train,712
735,25107ef9adc8ea6d1397645172e99fa97d649200bc3a797d40ac51f35db83b0f,SPAM,train,713
736,dc9ed18d841ae0e41a8c9c9bcf5e478b791b3aa43829303e1d87768a9bff8755,LEGITIMATE,train,714
737,3985a2409173ba5e9073e23ffc8b6d824436de0b941c9f28fe225bb719798641,LEGITIMATE,train,715
738,6430d4b9b8eb35ef3815f4bbb122723ea925d9e38fd729c7780833c352f584fe,SCAM,test,716
739,4140528f6ce2c1f1e9f0a42b45342fc7d4ac892216ba2c44b784313a5bb8db4d,LEGITIMATE,train,717
740,8727a8bc1818ba123b94805a95543be40a4979226b9dd7d48f71ec7360e64f15,LEGITIMATE,train,718
741,c0e1b37ad9eea5d89665439cd658d08d40df9a1a3f6defe1b948e46bb98f26f3,LEGITIMATE,train,719
742,36a737ab354e631927bff5e1164f127160be302d29c665145647d8299490363c,LEGITIMATE,train,720
743,52374352e34592d1524233d328747b92ac350d5ce6de386866918ff73bd1a6db,LEGITIMATE,test,721
744,ad3adaa0c865391c17efaa1d02f6103ccab4ac103c8859853f57947f0918a952,LEGITIMATE,train,722
745,e9d4348dba540ac36ff344c049e177b780e972d65331ea98df375ad4fb50e52d,SCAM,train,723
746,9a16cb5c8b5c003f0effc32fb9c7f814f6904e0c859488d2a3a803254d6c157f,LEGITIMATE,test,724
747,a6c0e17cab528e52f8933fade7b35eefc150f9bb973a932548d8ef045a339b5c,LEGITIMATE,train,725
748,0d79494545b36cc984d89cb811bf1c281c74e9a2462046accecb25332b3321a2,LEGITIMATE,train,726
749,c14a0df880e9aa439ebc0d63b255ac35d2eb4cc35b545b48ac740849ccdcb770,LEGITIMATE,train,727
750,e345c3c11af4b5ff3644d2fb3dbd11d02494bef788b086ce7cc99deb3a7cb664,LEGITIMATE,train,728
751,e4a7581222f1b75afa9d0bebdbd0717ee4968c485bb89adf6560ae42ec1202f1,LEGITIMATE,test,729
752,cd320b873a25c897456709a3728f36c2f7269e219ed69313fc3aa72f552bc906,LEGITIMATE,validation,730
754,6812909f2cf4089d8fdf5c46e6959cbe24496c15cb2bbb92b44bea9b7006b04c,LEGITIMATE,train,731
755,5d25f822968d616a93d7b201631b201b8e0c83b6e257d002510e71ae0b0114d8,SCAM,train,732
756,8e5d4ea008f27b284f71c6187f00de032031321f310960711fee8de392c91fe8,LEGITIMATE,validation,733
757,1797338e1a62ea2fc5995be67983d37b6ca726de85df1b4c2f12bbac84faf0ab,LEGITIMATE,validation,734
758,bc4650a6e8422c3c3ee1654fe000fed95f08007274215d7c95a00c213efc86b8,LEGITIMATE,validation,735
759,47c71810d0e7331c9f25d8f1b3ee03d4f14d7a56dd80162490e2464d99af2b8d,LEGITIMATE,train,736
760,4ea62cda2a54c239a1a561127fbe284f9c4bbd6900f4ee13d42fa7351e0552b7,LEGITIMATE,train,737
761,5a4297f42edcec38680ae60ff26d86157b0bb50f21a7424bc44c8f131e9bb264,LEGITIMATE,train,738
762,fb9bfabafaa5fee84409763830985baf3ba25423254d35a1285d250d156b4918,LEGITIMATE,test,739
763,f385e5d6383c1d66c8bb4d35a8609f74f70c27d65d29784ffc65eef74c713aeb,LEGITIMATE,train,740
764,e7fb89ee3f8505615540bd66ac4ab7bdc41e7f289bd428729a973a1df91d2c8d,LEGITIMATE,train,741
765,cb7027362e6c2c38c7aa16239a2d2fff68ded869e8b7a453d3c690792e799e87,LEGITIMATE,train,742
766,1b3bf7f52402aa00f9a5994e42d05767f57547dda5406089c470af33e750aa97,LEGITIMATE,validation,743
767,7624cb5800b38af6934142585696e994a53ead6de37b5ea0cb52aba1bdeba529,LEGITIMATE,test,744
768,79686703b54243a429712e70ee60d8db4a198508a649f36b4d8610e861414500,LEGITIMATE,test,745
769,afeb8b381e7a109bfabf5d34d469968676034387bde0cd02d7525e46470f9d2e,LEGITIMATE,test,746
770,8acfc731a7e417b292d9e9dabe1bb36b432f5daebd87b96d4405a7288b55ca79,SPAM,train,747
771,06ffe96091f74ca174b93c2655a0775d114e07bebc9f56580edb14a0dfd50966,LEGITIMATE,train,748
772,639fa4f5e3ce6a6239d49dfd4f790eb8fcbe31bf0fe24222da426007a7c10f63,LEGITIMATE,train,749
773,df5ea34f28b4dfcd869bddd09fd188840b2636fe5ccaa6209c51574b3cc355bd,LEGITIMATE,test,750
775,9f93c4713efb517e3791b6c59f362c1b212685794dbcf2e4a02c94305a5149ed,LEGITIMATE,train,751
776,7ac08d391796522e60bf7649117adee8a67f37596217474ba9fd0c9e9ccb4623,LEGITIMATE,train,752
777,28652eeaf551a1634718490775986b695a81777016348f1f3b14058b3e1117c9,LEGITIMATE,test,753
778,93d155ee148a5bd345942a8f09c4adf4aea7240c8784f51f12766f3ab63742ed,LEGITIMATE,train,754
779,6e78869939f58536ddd8797dd2f6cc9ddbf632e0fe777474b296aa2503dda8ca,SPAM,test,755
780,1e2fde97a66cb0a66d938dd93cd37764c9c019127ebadd960681e407cb2bfff5,LEGITIMATE,train,756
781,2228fa5eb3532a2034483dc2d319f7814be973d8ff54f4e8c2acecaef005e0b4,LEGITIMATE,test,757
782,ecf020734380c722f16b6811f7ca88d9983f93a10b16cf1d9a9b61205c2d2d4b,LEGITIMATE,validation,758
783,afb8d7e7d5e614d4dd3be4bf5d088754dada980e061294193fd88a7dc83ea97c,LEGITIMATE,train,759
784,fba682b767ca7bb97a7e8ae24ad804f1bba168f013c41bbd00ae514547c3c92c,LEGITIMATE,train,760
785,f47b2cf635f2bf49b360c91ffd0d2d74ce9f33a3e6b559bb45d20c4a10b8e83a,SPAM,validation,761
786,7319b49e0442e45ec1914025d18b1ee638b609caa709465ffacba2be7271e6cd,LEGITIMATE,test,762
787,48ee88ff061091d70117b175f0482146c6cd79fc56a3ca95030b51531f23f849,LEGITIMATE,train,763
788,b8c305a1f8619b1aa9bf74c2eba3015a0dec9de4f88f55894ed4ad268ed1bbce,LEGITIMATE,train,764
789,c6d3cc6495f4f0b06250d17d20bac284b4ac558fcd4081eb4b8dd6a13939f703,LEGITIMATE,train,765
790,3814bb6d02c523fe96acd0489c4e3e8ffa6740f34ad978082000de940773ffa3,SCAM,train,766
791,71d984fec391b7aa41eb23caba3315c03c39c908266dcd77788752c5fc9e2bdc,SPAM,train,767
792,264f7ee433088ff06aa291435e2d73b784a554e433d9d885b1b186de2f5056e1,LEGITIMATE,train,768
793,410e793399404f81f3083a97026409897b76c362550786b0d3c17364737f41c7,SPAM,validation,769
794,59e112c7acba9218de2e9df7a50c52ca46a4a067565bcccbb485197c5cac0701,LEGITIMATE,test,770
795,f02795913c027374ae0eec091ec301c34912ef539ae777d05adf400498cdd5c1,LEGITIMATE,train,421
796,6a733618fd668b6ba7340262a99b938b73ecc450b5fcff5c35e95b5541f61fed,LEGITIMATE,test,771
797,8485628c9e89cf8a25e474a4ccafb77eb054cc4b7b715f1ca77903ac2cdee5b6,LEGITIMATE,test,772
798,565286cb30f5a590ed0d493589fa4a1f300cd446d141f2565a13d44081c919d3,SCAM,test,773
799,9e19cb4aa65ca101fb02a6364a1311002c543e05026f4bb40419c31d06d68b66,LEGITIMATE,test,774
800,782456323a14d6e6b5056b87bb803fc5a4e38e8693dfa1383fd632a7e030a027,SCAM,train,775
801,b6874c3b2629216abe5fe0dd3ae40882a2918584d254b045518b18ccc5fc8a9f,LEGITIMATE,validation,776
802,040c2f081fc981f16cf21a5100880a947b0a27c8cfbf6b819b303d26976f1f97,LEGITIMATE,train,777
803,fea2da01da1a071910261f1348e706d5343fa863de030c5420c61a80bdcecdc4,LEGITIMATE,train,778
804,f117518aea83b3323b92579863e1baa9e26e5d7e0e0abef809e71d9579f3691e,LEGITIMATE,train,779
805,932fcc27e862d729ad5f12c559ad9b35a49a95c9d398dee775f57191bf4bc451,LEGITIMATE,train,780
806,03a5ad078c9048254c50119b0e41de1808df80f35c2409007c28a44ac61d96ee,SCAM,train,781
807,549a7ce63cc2d2a53350645dabcfa70038c868dbefb04a95197eaea7ae738d12,LEGITIMATE,validation,782
808,cfb03513bbfc0d533f7755cab2a1a107c9e95d44c4c1afbabafb94648c23ae61,SPAM,validation,783
809,f3d219eef58d8cbb80de2eb6798c9326118ff3698bbf036e112dc54d9f517e89,LEGITIMATE,train,784
810,dd8f6532fe12a2a4f3eed56a0f60ea455bc69d489344ece8bd68be622a198b89,LEGITIMATE,test,785
811,15c038712404b1c891254d1665dcedd3253041fdede07bd3e9a90e9bdb92bf46,SCAM,test,786
812,a5508922b651469ed496e6ede37629d84f9f60837382cff38e6eb97f3b607b3c,LEGITIMATE,test,787
813,fb1b2c849f35b49cb18865df8a718a0cb07e835d3d3321238c72480b2b79084d,LEGITIMATE,test,788
814,f5fb04a3efd3eec9cf8b3ec27738c0410928890f9c6deef2c35656ba8b5feeb2,LEGITIMATE,train,789
815,88d5d1df387069552125df9c77cea5b2ae6b799f260454ecd6c1692c4747ae57,LEGITIMATE,train,790
816,e25c90ee14a4ab4291e36d9e2d298954d048235c0aabd6dbc83d0e7a82a708b8,LEGITIMATE,train,791
817,868af70ec10bab9202755a35220f85a97975be33dedddccc05276cd88aaade76,LEGITIMATE,train,792
818,6859a39d0cfdd0745d6754f6c040de073af407dea61ffdde9219f364a18ee42d,LEGITIMATE,train,793
819,bf4a4ca434634d16db244ce35bf5451ac77ae87d84cba25e9659df53875438a1,LEGITIMATE,train,794
820,1c09de2a0d9ff51a7fcad7d186ac571d832d0002b8d12f5119e2f00db3dacb19,LEGITIMATE,test,795
821,43b01cef7a3285303e12aebde33d460c086e740e7ae97fafbf9a7955d6527648,SCAM,test,796
822,d03aa0aae3455a8446769cf0d189cc3c863e1158115d6e700cf5d0b85b180f9c,SPAM,validation,797
823,5f90560c2b488692a4a31cd9e163708a3f6c4877aa790722474ff5d442ec7d4e,LEGITIMATE,train,798
824,b44bf6730595913cc8e1d8249d43693455761ae9cad78ac3a369770ba83e98ec,LEGITIMATE,validation,799
825,5bd991a9e51dd7b6a1e95a4f8ae739f4cb3ce68f4e1d1fdd3c64c2dbf80bbbd7,LEGITIMATE,train,800
826,9fe029df9a7de4926eb416bbf3222589b4f9905598200b21d89ace2637370b1d,SPAM,train,801
827,6c629b59564017ed38bddb030c2dce705246f5e10198fe7641b3161a9685bfe6,LEGITIMATE,train,802
828,7f9473dab8b2c3f56c9527c17220acfdea2e86534642188486f0386a7fda504f,SCAM,train,803
829,5b4e2769e2ccb6ff6221d43e051999e7aa1e161b0b564c49c36ad0cc42619b37,LEGITIMATE,validation,804
830,bcfcc4fd4861d704fcd5d3ea93e9ff4cd0777e40e346aa620bf0d8e25ce345c1,LEGITIMATE,train,805
831,994972de41ef31d9e652f4bd97a6757177fcee70d337f045fbe2eb5b9791e16d,LEGITIMATE,train,806
832,a174a050dc8a3ca4a75cbe57cfb7e5b7321c3fb7cdc1fb33339b72207c2f0eba,LEGITIMATE,train,807
833,d5b7f5f040b690fcf15eb642b9957d591b03dacbcab260b5d3b4c465f5dbe9b1,LEGITIMATE,train,808
834,0f70b9e07a04155945d79156988a615ab27f0bccc782fdf62a15769a2c69a3d8,LEGITIMATE,train,809
835,e6dbd415a6ed30e1bb3aec37f7583dc94d8f90fae4a9ceecde4012fd65231b40,SPAM,train,810
836,2cd84f983064400156b31f9c1ea7de35fddea75dc2e27419d285a49c90281d09,LEGITIMATE,train,811
837,98f8c71cddabbea15403ae31a9525f9dae7fae86032ba6e1802110c8eeeaaf33,LEGITIMATE,train,812
838,02a35267b74a6c2db83f8fb0866d511fd8688ca144f932f8b12714e9fc88e994,LEGITIMATE,train,813
839,81352c53f0cc1543d617e59a405790480fd0bec1892778456935ebf23d96fcea,LEGITIMATE,test,814
840,3aff5cfa1fb527908bc01d9ada5c81fdc6bad249a30c4ff47652d786af631dbd,SPAM,train,815
841,9a94b0ed57b43e4251340d771e3b3e877cbd56988320b3a02172f3bd5ec10a69,LEGITIMATE,test,816
842,29b275d52f4b7ab52c9da92ae37ec4f01f229a94dcc6b66d13b596f791c45fb6,LEGITIMATE,validation,817
843,fa2a883c3e4eaf1e7481c27a4ed4e0c4a0b2d2470c0970d0e394c0ef299827d9,LEGITIMATE,train,818
844,02abbf9c353e8da0958921ae3834a6000972f1258b9772c43111e4b4bad250c9,SPAM,train,819
845,e178b72411e5bd75921092fd89faa782cd8e4cb3346fa7c8f1d4594ae595d14b,LEGITIMATE,train,820
846,65044ab3b69d3d88dc4f8a296041d9b128029b36129582aced71341202205477,LEGITIMATE,test,821
847,8df08704229dfc43a2f3452ffda1b45ca7b7d78b17a379216057f08371b4093d,LEGITIMATE,test,822
848,2751fe585dbe49cc50a04a54ffd797eb79d9379c477d09abc0a2ef95a724e4cc,LEGITIMATE,train,823
849,4a7b2ff08a4a443cdc0d4719e8a716944c016e2eacf0bad735b498a5b6eddf70,LEGITIMATE,test,824
850,77b18aafa9a6f8fa235f1a7480bb2a4b7ff90495426f7c11c61c22eef1077994,LEGITIMATE,train,825
851,0d5bc8aed85ddb8c63d03afb57b7dcd5818fb1d794e45fcdd15a6b2109cf8250,LEGITIMATE,train,826
852,8b01f534bf0f59e9a5668c5cfcb7a08f6fd7f86eda890d60dcdac1897fd33a0b,SPAM,train,827
853,0de8feae369ad057126e15e59cc07ee9cae92ed384b94aa96c3f2a0eb16b53db,LEGITIMATE,validation,828
854,032aec40c6514e8b6a79dee64a4c7ce116906625e3553e7d617a6eef78015327,SCAM,train,829
855,467c09d81e20c8bdab45bfcac0cf9748b818e5bbb05e02ec3b5024be3c22219a,LEGITIMATE,train,830
856,7dc248448e8c5a17f0868c8994288dd9213b22573b3da21655ec4b6e61f1549c,LEGITIMATE,validation,831
857,7f45ecfea8239f1ce2a637cd60402ed6a8b0972ef65a1886b1576b13933b906a,LEGITIMATE,train,832
858,aa6ddef7f32fa60ba01ad7e3d40ce0a541113e41a73bd950ac10692729da8641,LEGITIMATE,test,833
859,fed87f96baf56eef1db85922403dfd22746ba4c9b296f8d955ee201137155dd8,SPAM,train,834
860,a714f0c480f44102733e62fc8dc757c2df9a73490bf3519d467956f8de318f87,LEGITIMATE,train,835
861,bc3ce8b2b0411b85e2c94c4c340bdbf901b59b1cb0157140431c835b38517f79,LEGITIMATE,train,836
862,f82f0572da34c28d367348de4e165798c568033b8b0870559e7d43a295dc194e,LEGITIMATE,train,837
863,679d7e14ba85c9c25b86b4c5e1509023f5379173451432a3c176b34d5916b7db,LEGITIMATE,train,838
864,c7e277b549364bc8595d50de39e51d70abb566ed60ff6f908b9530db10e3845c,SCAM,train,370
865,b8fe084fdb370859fd62e58ecbec226a84cc58ebab25fd8c6587a1b78b6c5128,LEGITIMATE,train,839
866,e2d5ede7b1bc795dd2d37327bb83797e1dd0d2d1cdb8fca9e2755379dee50475,SPAM,train,840
867,abcb30d994cea5bf2170d28b8b8a15fe876855c3b8991aa4adc433831afad2bc,LEGITIMATE,test,841
868,d7bd6d59569d64d45f2a162e15c04707a9199abfc495229b753f3968353d6751,LEGITIMATE,train,842
869,986f3d1230eabdc6b62760ef8d5bc6a571435238810e1ccbe31791ff34501bad,LEGITIMATE,test,843
870,78d2bd03aa1fab61a7e98aa2baec91aa9f656b93bf783b8cd01612cb7337ed3f,LEGITIMATE,train,844
871,756700a78e7ef153d73446b7043c87686bcf5750614e8ae7498de8445eee2300,SCAM,train,845
873,9ac6b62172247c8530f18d2d3741155944ed9b1f06df0ba60130e732e536dc33,LEGITIMATE,test,846
874,28240248375a054add6566895270842b546c8abb4adc1b10e56b404cc3bf38b7,LEGITIMATE,train,847
875,afc28f6a8fb8f789dbd37335e73aee78500da67c4dbf1b7557855053912d9bd5,LEGITIMATE,train,848
876,e484b24d596b012b2347d6ca98c05a8a8f4d9d37dd6ed4349db653fe42c15cce,LEGITIMATE,train,849
877,b6713b6eba3ace8240801a68ff628a108770ee2deb9ed6573d0ce1e5c9cbfdd9,LEGITIMATE,train,850
878,e656e945b8c96f1bc849890d0a6a44a6953087076dae8cc6f8963fff28e25661,LEGITIMATE,train,851
879,f587a14cef70fabc0b0e665c9a3b8703a7721b159f5b44f33bf2687595341017,LEGITIMATE,test,852
880,b0eda5814d855186fc280e909282bb018d4d7f7e3d4a9a1cb38d0de388b7627b,LEGITIMATE,validation,853
881,61346b6522ee6905a4426db44b37258ea4bc75f51e6f92d18633355a8cc8ea69,LEGITIMATE,test,854
882,29b8ff8c9bb6e16e379c4c825bce539b2e158611ec31d22c7cb7cd7b08b149b8,LEGITIMATE,train,855
883,0a1cf993728d182b0c888a8af4bb52b22c0377ae33389e387d7afd5f99adde50,LEGITIMATE,train,856
884,7ebf203f469c545a55ccd1ea4fd5bbf9a212792f5993092e3568c71d6e4a78af,LEGITIMATE,train,857
885,21b5091014cf74ee24e5f925fcf5927648e520a9fd4d01e58b45256bc1798a97,LEGITIMATE,train,858
886,885421609afb8209fa09e2db9143f2e1d2317cb5ef843bb5b5fb766ec11eef5d,LEGITIMATE,train,859
887,375b24e643657cff8a185f68a5233db9de21fb961c53b11115e6eb59874e5c98,LEGITIMATE,train,860
888,33e37672b0aae705f22ee1769a790323d8fdf092f5993b71cdc7f0478f3bbea0,LEGITIMATE,train,861
889,5d4097ff5d36e32248bd78dac095d0f2ced618e3b50d735051b5ee90a8432957,LEGITIMATE,train,862
890,fce2b1ef030f1ec1611cc6148fe655c75ecc229dd7e7d161c5597f641135c9c3,SCAM,validation,863
891,a70c5e822c4c949a876d0eeb58e87394955a17f6e853c98e6fa0cc9c1238bcdf,LEGITIMATE,test,864
892,449d2594fc3d713c466ffd035aa6751aa5baecb29b7ad195bdf11982de536b16,SPAM,train,865
893,3df2d24490ea54f4e99570e048ae939e4f6b4e2e2bd4f1e4a96e21ff06fda368,LEGITIMATE,validation,866
894,e24d79e54ecc716af2fdab730af814a549f2b0702a18c6e293008c5d4be1f73c,LEGITIMATE,validation,867
895,1a63b4c7fede68aa776182707ff642fa65a2ac44bf17db77ffa1a2613750f826,LEGITIMATE,train,868
896,60b5576e43496e81f543c1b8c32b377bbad6e4978d1778a07e561a1f2cd913fe,LEGITIMATE,train,869
897,536c14fdd8d8947926e97502e685f561ad734d3b73326c6bc32a68a2f6b34f18,LEGITIMATE,validation,870
898,ca6677455cc7bff98b1615a60a636c91a91e69488eea621fd337d727efaa9659,LEGITIMATE,test,871
899,191ba92a177848141bbe58d121fbabd892cfc9bd5433dc41cd97d14b2883851f,LEGITIMATE,validation,872
900,9d5d4f36092b3dc90b7b54ce4749b20e27198d2c00396184f796478e8278c10c,LEGITIMATE,validation,873
901,7df88f31cecdbe7adcb688da229940c9efe2e561649d7f61879b6e2744869aff,LEGITIMATE,train,874
902,90a5dccb58923a532e4de8441027f846cdd4dc3fd9e0383038afbf51ae12b3f3,LEGITIMATE,train,875
903,9d32effbf69e9649d0ab95a5d75ba62f78819eb2e3239084bb84933a6ed4b696,LEGITIMATE,train,876
904,d20fc6afecc2bb6777855d7362827867ccc3939159866f2fd5d3d4b2e7292309,SPAM,train,877
905,598372c72a6896b74ebda2d7a427017634253db7a8df5c79bd8329e4efb3e615,LEGITIMATE,train,878
906,feaf21efacee97ecfb2cb7d87652c1350f8cfba147a272ccf45715053ba80cfd,LEGITIMATE,train,879
908,ca1b0c3773e3bcb4043fa946f4586c105d738b20c95005a936f5bc7f5d768492,LEGITIMATE,test,880
909,dafdabcb62320450290675bd5802499719b098b47e4b4ed99a3783a23e14307f,SPAM,train,881
910,b23c603ce57030ebf4c375c328ddff4b0f2fb2fa39b88ad59462e9c9f4970c76,LEGITIMATE,train,882
911,ebaf088101cc98fa75952afd5db14fc53a9e3d9876914e385e295788aa10bfc9,LEGITIMATE,test,883
912,2429f7466c5c2e4a8cda040e1f9284ccab487471cb2f3e2248f9138a42573a72,LEGITIMATE,train,884
913,901e7f5ab9311de753bc47fa7be24df23fbb82881ce8553bcbb63522b887777b,LEGITIMATE,train,885
914,05e05103cbe963d6ca50d9e983750d5a944bb6cf88cd1d15eaad21972417131b,LEGITIMATE,train,886
915,8db3ace1159de86ac417942e535ef4f34613eed60e328d2e475ed06e160277a1,LEGITIMATE,validation,887
916,0e09f8c5381392fbfd253173e3f1ec52a904f577a6096e001cc082fd372ed3e5,LEGITIMATE,train,888
917,d1fea3e0057e8267ccf615a1bb488c253727acd4ac8bbbd2f3f2d0e52016dd98,LEGITIMATE,test,889
918,a4f39af937e422a9fdced4b3eaf83561d08a5cbcc0f109bbe621b328aee497dd,LEGITIMATE,train,890
919,dc62d93cb7cfd818da23330478d1fe79c8b31255b591ec6d9a433d299fa2c00b,LEGITIMATE,train,891
920,eee10b8c7bec9e1d49bb88a14a6987c058bcd8255513fb258da70df6c8bbef23,LEGITIMATE,train,892
921,dd9530707536c7c0089b33baf49a28511867f8aff75349ea5c203bc076dcd460,LEGITIMATE,train,893
922,96df50be93f41b1277169bb9551cb29bf1276568f61aa2ae02a64ec534da157b,LEGITIMATE,test,894
923,dd9e83f0642f4a0506c0c6ff9933d7f5be3cd4ae514bdf2cdf40e51db06fa301,SCAM,train,895
924,76215299a01cc1ebb6372741ac8b6b1ef6dbe6f80fa1b4c5432a7926a021b8f2,LEGITIMATE,train,896
925,fdafca9a2d895c983861284262c3ca7b0aeb845326e2d76d8785a772cba10340,LEGITIMATE,train,897
926,6e033b95ec1bb13b761be62f33b3a5c05386abffd2f91c6a066955e5b609cbab,LEGITIMATE,train,898
927,fcb79230779b62867ca24dda2fa972b96e1586ac4509aef080a7d1bb3557210d,LEGITIMATE,train,899
928,60e9884a91203cd8221b154f628bca2f5b3a94348ef57e7fba13cc011e10c7f9,LEGITIMATE,train,900
929,dff9a4c5391b0ff01f05e13c99f5deb1c221e25ccb1ffa51e38a16252fb1a31f,LEGITIMATE,train,901
930,58d419884f4c6ae948f1e5727071190161aa47a37760a365bc99f703a01e325d,LEGITIMATE,train,9
932,2aae839023cd8d49deb18e801486d362641e01d32518b5d19d4e47374101a8c1,SCAM,train,902
933,3d1e0d8f30d3011c20b2478f1527f589250c8685cd314cbf10d8a243abbce67b,LEGITIMATE,validation,903
934,b81776f7ba5b147a7271240615b5e33f775870dcebc7acaf12176a6da04f7549,LEGITIMATE,train,904
935,e279784ba6e52c43ad4ea9d669d421760245d3cce6c5833e37c81ee24f0466e4,LEGITIMATE,validation,905
936,07e8f1e53976110c5b2d837f1f4b38216f1db49be5445afdfab4953c3a768020,LEGITIMATE,validation,906
937,a8cb0bdc205802191f9ff367656f711dd380501c2ac74e0631818dba4ba55b3e,LEGITIMATE,train,907
938,7dd0461c1ff7e9b99d9fbfffc1a6220030aca733d11d7bb9f8283c6006581e15,SCAM,train,38
939,6572b3e45eac01f4a72796b02f26ab1d4634831c4477c2b9a76c6e074ea700a1,LEGITIMATE,validation,908
940,6c00589a8836702d2adc673e525226718dfb11d9a45b6c29472166fcca6f5369,LEGITIMATE,train,909
941,68da8b8a8209eb7a3a6f836402484fc86299f7d0f9364e581dffcb4f9ddfcd65,LEGITIMATE,train,910
942,3d275ecc75aa6fd5d85ab253ee39b9e21b26ae8497b5493875e65116d8e4cedc,LEGITIMATE,validation,911
943,fa3a6676bcbcf8164a9a3caf0559285eb37f260465361352deac8cce9ca31c72,LEGITIMATE,train,912
944,e1555dca00e38e5a0278932ac9b16db40fbe335d12cf5e2fbeec2553860884e0,SCAM,train,913
945,630b681389cf471c4d00588d5b8d80918a65197cf222d584f677c9cb0918a447,LEGITIMATE,train,914
946,bf62e1a355d91b699a9f7383dee5be86a11763c8ded707ef68250e1bcc585c18,LEGITIMATE,train,915
947,ee018382986b610dcccdbf4a2a044c02e061ca647a7985df1810c415a180280d,LEGITIMATE,test,916
948,43972b20b8f36b907c9987502af93179f5df3ea991149c27545e792091b57f6e,LEGITIMATE,train,917
949,514acc36cd30bad3afcda7c3683ebfca08dc14056bc0772373a67df7942002b5,LEGITIMATE,train,918
950,e21f54b0de63ee943cb0058c0b7734a5be1e54fb7b6daf836b549c659719a137,LEGITIMATE,train,919
951,8435338cdc9493b7a74b6e0acab5808ca5bd8437d2da7857064691e85f832f8f,SPAM,train,920
952,12d5fa28b1ff58afa3d768fd61b76aa9da88167ee10674ad0f7985f8c122eb70,LEGITIMATE,test,921
953,c492e394a896df8dca555983e0fb9ab8856ef2ef3894af8ff4744cdb4957730a,LEGITIMATE,train,922
954,46c6e367318ec0d08bfa65b1750d3a11d31b42ae4811be1b8900436be1f2d3f4,LEGITIMATE,validation,923
955,c907d4bc39a99adb3bbf3f8011b6ce03a7585634faecf98fdb1c3a28a8977018,LEGITIMATE,train,924
956,87464b00cb19b8b8bb89093e493b6c0ac3a9f9695506af6e0434c7f21056471f,LEGITIMATE,validation,925
957,1e29821cda7992a2ef9a19bf3d726caa56f592f7188960c12269f73d528912be,LEGITIMATE,train,926
958,99d7206f854347b7f26503852b42783fd77f154b81fc1ce39be077b570e6270f,LEGITIMATE,test,927
959,56ee90f0add21d349dfee8223856ff04421e825c84ba61dddcef06df1a028c2e,SPAM,train,928
960,6ecc4f66456dc787ba58075014647c81be71021b167f186a349ebc08183d1e5d,LEGITIMATE,train,929
961,a3341bdf2d983fc1b4cd2db6e871fa5c322a2e4d7f8b083ca56245c688bb1113,LEGITIMATE,train,930
962,09f5bced22ccd8f6ea532e1757fe72c0cc2be081498f15db9ee4c0bed376b8f5,LEGITIMATE,train,931
963,e045591c5575c92d5366df21cc7a29fd86c39f9550a70d8bf9f53b3877c7713a,SCAM,validation,932
964,80cc984290b19f7d59ce0887a5560d477cb14b729e9da623d2bf15e02ae10134,LEGITIMATE,test,933
965,caa61eba09c7981df9fda263e2e3516debd3e9929a7e08dc690e8670c5d26bf9,LEGITIMATE,validation,934
966,e803f893cdfa0b22082d61b65aef7465bf298511b1962733c13b5f4587e06420,LEGITIMATE,train,935
967,ef2601ac3773b7269a5b86a650ae12a2ccee944588804cbf680538699086034b,LEGITIMATE,train,936
968,998c5ad91c6b98daaf9d072dd19379058bc0e2ba21b0b1cf74079c6b45b59f27,LEGITIMATE,train,937
969,86c3b410fe2df70c225fffec2a24b0e5f52120f5b9094ad7240f28c8f96dbf16,LEGITIMATE,test,938
970,0d3d824c57c80ffa621999d605a0f164bf20d09eebac778aff20cc093d1583c9,LEGITIMATE,validation,939
971,a205ed3c00560e66da8fee79b0b37d6d515365c0c568f905f633fd4338f1a064,LEGITIMATE,train,940
972,c11e7ca0210cdbb949ac269c39efb4e06ccfd35b04e31663f6d7635ecc9368a0,LEGITIMATE,validation,941
973,b0298b9384944b94919a0faef5a06bb52752ca252b04450d867178fb1eea72c4,LEGITIMATE,train,942
974,bc96b77b5e4600d888507ef3ac863f626a9cccaf6815a7cca5b00d26f36344da,SPAM,train,943
975,4cc821af1f76abfca5148330472d1315ad1210d15e6660b6d910d60a61c60dbf,LEGITIMATE,train,944
976,104ef689d713a26f270ee02449ed40fc89e7c693f2ab487701b2c12b8603c54f,LEGITIMATE,train,945
977,74e6ec8167ad0f4ba13cbe7d47af55d289b6eef6d359fdec88c678ee730ef3aa,LEGITIMATE,train,946
978,df776be5a6e6eaf059eb9da141b58100b84b5219ec517f41afd0ab8b3b54ede5,SCAM,train,947
979,34d6be1d077d82cd31ccb3765cea9025cd0645f88d89ac624f2660c2151a5217,LEGITIMATE,train,948
980,f16c6c2eb7baf4671ef990b474fe5d6fee8a0c0a0591d8340d68cffce6221876,SPAM,test,949
981,f28cedebd15fa7a473fd5196ad1432c86a7dfb6960096a4ebb80906f018d5dc4,LEGITIMATE,train,176
982,e287a284d463398d0b319750be621a968702330f1e5a986ac00e2f15893a13ab,LEGITIMATE,test,950
983,7b564ea7435c98ff9eb7d079f63256dbe4ff023145ae073d0ae61080b5314307,LEGITIMATE,train,951
984,e578ff33ed37485f9a2a925bbd8e870c372de3d47f796b602b55c708b90a5d8e,SPAM,validation,952
985,df04d2a00c3f0cfb3ead237e1019af2bceedab247c1275c96789d228c7d553a5,LEGITIMATE,train,953
986,094a0e1aea8ee422316e3b68a9a2d5259c83f7c2e5c812935a76708dc8921908,LEGITIMATE,train,954
987,6768c836be80e8683f3f0d6d8fc9bc4514b28732d57ce94f4825083cac41612b,LEGITIMATE,validation,955
988,cae3d1b415e39ab76017e15ff01e3a291bd38854197b9f4ffd7bdaefac2d78c9,LEGITIMATE,train,956
989,03285c5e3164226605fbd667f285de8e67545ec648b24ffc7815ea0bb57ab851,LEGITIMATE,train,957
990,ffd7c306b9ae57e69fb7d1731768debf07b39b56b35c9753995cf4c2da163b66,LEGITIMATE,train,958
991,cb0932e968d4d11c0f71ac1055d93d11153ccd59bb4a44ef8da8e08b2ae4d86f,LEGITIMATE,test,959
992,81d3622d141b4530593afae1d8e5f4bfc1c75088791e254cfc6502c8310ac8a7,LEGITIMATE,validation,960
994,d49dc29723248e5b011f3bd8f2473a4f0e1a30d0018d8945944c32d48f01366b,LEGITIMATE,train,961
995,6d71aa60d998aa59007e9a3fa677521279b6698a2a842800402c58580e9fffd2,SCAM,test,962
996,9b096240c9d6adf2860ddee54a10e13afa3a399c5a5c0a97d66f4ad3a8eae531,SCAM,validation,963
997,a4d2d7c66c93704308793707ed762a8334bd7c617364c9f57c9a80c7121fed4f,LEGITIMATE,train,964
998,2ecd691f360379a8ab2323c20571b217d96476fa401dcaecb0c841ba09fa3c74,LEGITIMATE,train,965
999,779dd06b4b1975f0714e7279be29c72f232faf88bdce620ef6b47ecd8bca3d93,LEGITIMATE,train,966
1000,a9058e490a46b730af6e2a3230951c4f42ca33d84440ce732452fd98d490c642,LEGITIMATE,train,967
1001,ffa146da176218de571bd6f616e3085226dfd2656eb5774ef514b16501270013,LEGITIMATE,train,968
1002,312f6a520171b533afb2f7abc31a8748e25d5649dbd3a088e9f0c220dbff96ae,LEGITIMATE,train,969
1003,6c659944ab247829ce3f44303c529510a0e24e43de5b7c43ceaf0a7a9ee7b1c4,LEGITIMATE,validation,970
1004,6e9e9ec71e8dc33ca81e041bb5d6733b1e209c3f6093acec70b9b28a6f1eed31,LEGITIMATE,train,971
1005,9000eb58a7340c9ca4bf724a126eeddec3c1cd6a94c52d070848dff486e74590,LEGITIMATE,train,972
1006,6c79995c1c6702525aacfbcb8c2faf68c1aa4c99862182e878b20c57e9169d5f,LEGITIMATE,train,973
1007,1852193cfabb80e32d68cd51ea14e57a33aed6bba6135a4fbc1012365bd95cda,LEGITIMATE,train,974
1008,77f16e4ccf8161e95e30c9e58fd933a35981b44dd1a851e0780dcd018efdfb58,LEGITIMATE,test,975
1009,e37710314b3372589bc42efb0d6de0904515e8f81c9d807f53e8ca6d18068a4a,LEGITIMATE,train,976
1010,a74b9aa702a7b914036a2b1ce489eaa16c5a3484a0b55e699b74cb3cc5cc4519,LEGITIMATE,test,977
1011,094b9bf36f8ca9f3489193035c3be022f4ebac5d49746568eb8bdf57f28c1a1f,LEGITIMATE,train,978
1012,5975906ad48280acf2ce0e8abb5a0477d813686928659ca74bce0546ed4c9e9a,SCAM,test,979
1013,0316f07ec317da5489db2fa562f576f88aa57457a02d1547f44212f94ed89710,LEGITIMATE,train,980
1014,4b85af2e30cd91640e661f80fde5d6ff2a529152d213754317a8e37e6a5506bd,LEGITIMATE,train,981
1015,65cb24becb1dccdd86c1750bf67de70181187c6f84de69d58fce1b30f94fcd2a,LEGITIMATE,train,982
1016,c6aff4fde0bc736c21093b6c44412b665a2a6773ed964dcf38623dab6fbeb70e,LEGITIMATE,train,983
1017,a7a83adf063fe995b6d78770b8bf75bcd25b4ae19a2f921221d94056616ab8ec,SCAM,train,984
1018,26bdbb8713f98a5046ef860384de1c82d73aa2945dc950269d4bf410e1470a08,SPAM,train,985
1019,b9031536fc2afbba36a2ff4e4e2230f69a23dd2618acbd8ef38ba1c854144d7c,LEGITIMATE,train,986
1020,38ed3366eee640344c1cf0982ca7164af7876357c83d034573d510db616ce020,SCAM,test,430
1021,7f686dbfd12102fa52965fe47a9b1acfca302c926481acab05ea8e3bc1df2c25,LEGITIMATE,train,987
1022,18369fca58b332b83ea85b9dd3e2f218c397e39d208ca09787c2fe761dff494d,LEGITIMATE,validation,988
1023,ba12aacf8d63e1fc37451d7169c05566ab54e0dbbc3b4885865648190600805d,LEGITIMATE,test,989
1024,83652b2d3f140e6484199917b0b834cfe2203884d4f4a1e0fea43475dc5d5777,LEGITIMATE,train,990
1025,fee67ddcf4693dda3822f8c58aff1c91f1fb074af1fc1f697fb5df50f0aeda56,LEGITIMATE,validation,991
1026,cf786cc45c0052f8a3b11b363e77bd7d8808f392c895af2fc79b6f58fdc8512d,LEGITIMATE,validation,992
1027,33e3692a3bb9786d1de7255dda51acd5531cf52913858fbc17be1f632715a67f,LEGITIMATE,test,993
1028,55c7140ab105b69252ba31ad860cf65abc75e361f12e456d3409b67d6a95f4b0,LEGITIMATE,train,994
1029,a6448b6d061e2270190bfa443b1c637724d18e2bf33001f4b46a436055e78131,LEGITIMATE,validation,995
1030,4b1c2393b750d32f3ec88cc0d130a3000cc2101f72b407029fd45d9476b45b9c,LEGITIMATE,test,996
1031,358a0a3c1eaac5cbbb1e03bf8cd35a9dce8bf901d669890ce8adbd6fe69696d7,LEGITIMATE,train,997
1032,1dfe01103a9e5a5a701fbb0cc3ca64ba14c23f7936cf91cd43b173bcab812fc0,LEGITIMATE,validation,998
1033,b5a74f3c592d28f11cd75b32fcf17db71a8f70c2902da20ddb4965293903d353,LEGITIMATE,train,999
1034,876e60eaee7cde66e21d8b466ee29a9e05a485d77e9ced225771487f08975a55,LEGITIMATE,validation,1000
1035,dfe86cac44beb212c8ff34fcd376666be3fb90c061df3456f1298b2ba5c35757,LEGITIMATE,test,1001
1036,9f33cee8964eede0263648b172f6a0c33f30c92b53dd3b1a43535628f4c3e3ae,LEGITIMATE,train,1002
1038,0f9c0271f2d5d2a905db01ecf5be4e8180fc8e3a6993d55d99d3d82030fe709e,LEGITIMATE,train,1003
1039,f0572a28a12ccd313a244f9586e2d60e5857f22b2bd70f674416a1cadef6d382,LEGITIMATE,test,1004
1040,d1ef78404958deb3b1529c8571df5e3d3d7762dc345a9a129156d7ae2248e42f,LEGITIMATE,train,1005
1041,7899d43c9ef5d15480abbc47e63449473d2059f1a867eb3ea924101f61592bfa,SPAM,train,1006
1042,ffe960c09173c29b165130caa0a78958b6619c0a14559743c0f01ebb2b57ee2e,LEGITIMATE,train,1007
1043,7ad45cbec72a708ed9f7ffe921e5a44973439b5e0521e6119f25bfb456e9e627,LEGITIMATE,train,1008
1044,adb780057dd2d146f40bcadd923ca3f4547785a4d073e454cb3eb1fbe69d2dba,LEGITIMATE,train,1009
1045,3923219c9faacf1fc7ca3aeeed380fbd6d2ef6dc6f0fd4de4c10c8ca8693bca9,SCAM,train,1010
1046,b36b6d81ded4d7ca55a179c2ce3ed35103ac542799dcf4fec6fc0cd1007b2954,LEGITIMATE,train,1011
1047,314db8050293bce16181fb2b39b3b9f6783664a16a7dc47891b34290889ca21e,LEGITIMATE,train,1012
1048,9b13da79b57ab4af13745e22c5105c9bba1f327c7d6e988fdac51ef4be49e76c,SCAM,train,1013
1049,cbbd776be085aa3ddac038b989ea9f2e8ff9d7d5df9a73edf4ba34e073e30809,LEGITIMATE,train,1014
1050,f50d549ad029b0af300f64714ce225ad5bfebc495f34f411ccac947d4da72277,SCAM,train,1015
1051,a656cbfd2cec7bbbb966e7cab0df10856d337d8f03c6d73e77f079bfb306208c,LEGITIMATE,train,1016
1052,85156b9e13c29098526ac0a37a55405108403e821a0de42ff08a96f2315b4771,LEGITIMATE,validation,1017
1053,4b2e3cddcf55bc235293d2607dc38ceb593238f8d915ea12d92cafee16f6fd37,LEGITIMATE,train,1018
1054,d229d1057b4773f498c79958462429b9fd8b4a733962374bf764629f916e66fa,SPAM,validation,1019
1055,d7b3e8fb9418bff42f229a64f06f79f04321b46e45466c20eb7bf6bf60b95dee,LEGITIMATE,train,1020
1056,6712c9a915cfc90a9207485086c53c500414e9e56ba35280f0ff3a78220c4160,LEGITIMATE,validation,1021
1057,f2b606d49f3a5825702bf668db5965e2adc8a50e2daac8d7f122f7767099a9ea,LEGITIMATE,validation,1022
1058,1e010f090d6423235f7c4134cae0a9d0ff836afa6415b70fe049271944b6e2ac,LEGITIMATE,test,1023
1059,6b03a9fe62739d9e78b1ef31bc53071e4492256a72e50ed3c4566811cdec413f,LEGITIMATE,test,1024
1061,f1e7b85be7d29b87a2bb8ad49fe4994e51829b509c7eede1f9ac2a138b8ce6c6,SCAM,train,1025
1062,aefa11cbb551e9269a610d5142420e43a30a9137d05e40e863fdb0676b111ca1,LEGITIMATE,train,1026
1063,522b9eba93aec24e206496b3f8cbd881182133c0a4085b9ea2adb228c59df1c2,LEGITIMATE,train,1027
1064,c6bdd30871bc401c9cb189b02ddfb69a94fa6ae02a051d299eab177cdad77c88,LEGITIMATE,train,1028
1065,a36d7dc7e92bcfb3c12791d3c87a58c0fd2751aacdee68493f8a5bedde1c742f,LEGITIMATE,train,1029
1066,1731ceacde814b1a78857bb6575c439b906a9d1e2b38772ee3737786b9a75e8a,LEGITIMATE,train,1030
1067,2e3d87d06495dac8bb7ad73fc488688b9e64754a578d0b4be064a4256ada5dee,LEGITIMATE,test,1031
1068,8196d06a5e549976208af9e98f5bfe99612ce92e44dcf2155d6f4265c0193ac0,LEGITIMATE,train,1032
1070,fd1e670e672eb2086f3cc4ddfff3c0418cf6fd160a801ffe0dc17ab01ff5f774,LEGITIMATE,train,1033
1071,5fd8b74caacc077d53a5fa62618674e16042848ca885c36a5fd59896df075649,LEGITIMATE,train,1034
1072,3c84d28432352fe5691009aa784c13f453ebec0e955bbced0d64852cc6acd6b0,LEGITIMATE,validation,1035
1073,0a3d9684ba8d55e9e6aee1598929bb6026c8e253e2bd5472cc075e411cd09fe7,LEGITIMATE,train,1036
1074,ca49fb96d1a14166ddb39624f7f5ac1792fa7501f10c9783867a8186c2648b7b,LEGITIMATE,test,1037
1075,b23e663200ae916219dfe4b789f0259d2317e32f3b03c1a78125d5b6706818b9,LEGITIMATE,train,1038
1076,984272e25378830db1d5ce7728a25d577df2515c86df6c5602e828d50b90e7b4,LEGITIMATE,validation,1039
1077,7ba3fcf09014c513886fb1004e9d4199dc9e0865c856727c0355b1ce4aa82588,LEGITIMATE,train,1040
1078,0fb53b7ff1ce3fa1941b30df0729918248446b03642d79807296842acf61004e,LEGITIMATE,train,1041
1079,1e62b043d3e5775a41828b87c6f4bbdf24f0dd40350d80c8fd81de942f3b5ae6,SPAM,validation,1042
1080,ddb0211ceb0b88dfb7a1371a6ffd1efffad7e2691ed145eb94a3fc9e0296c77a,LEGITIMATE,validation,1043
1081,dd8396d3937c976b9b4b79239a49ab2d9bae084d39207b1705af032c4450d05b,LEGITIMATE,test,1044
1082,538e9ceb5a88fabd8fc5f192b56603487279e1ac7135619567d4751f327536f2,LEGITIMATE,validation,1045
1084,98ed2324c93617046ff355aa674e8e3c4dd7a6c28c2dc5b3232b0da645db1c41,LEGITIMATE,train,1046
1085,602e444f2f6f4af3e7375fbcba921f151dc3327340d8e21b3ed2e65b1df77a80,LEGITIMATE,train,1047
1086,2f4eec7494300227102c19a7d8aed64daf3ec60443f3a9c7b7cd090db8657a33,LEGITIMATE,validation,1048
1087,1f95f5b7f284967ed527321c1ea4dc01a1819e8f82e8081dbfb9c6aae81156ad,LEGITIMATE,validation,1049
1088,1a42353e1fa2d34b304e9f457d8acee86d8de4daa505b5c38fe31bb520237d99,SPAM,train,482
1090,ac57ad2bc735f6f83f9f1a9e4dc5af5a4700cd64fc638a236607693a5cdf7401,LEGITIMATE,test,1050
1091,30dddfb8d86674069dc2998dfa77f6058f560c9730938adae91f6d028fdee9b1,LEGITIMATE,train,1051
1092,ecc56d6ccb5f6556452d10edf4cb93745c0d3ff655aa6fdbd708286370a216a9,LEGITIMATE,validation,1052
1093,277d452d8b3b809f883067e9d33202eb59a4a268a5c976c1bbe7553705920ff5,LEGITIMATE,train,1053
1094,18435f9d80d5ac30ce10861ca0db60d8507195b499c35af7daf0c9924abc73e3,LEGITIMATE,train,1054
1095,c9a4609c74369d2f42f9c539862f57fb276458a488b0e8560ec23114bcf150be,LEGITIMATE,train,1055
1096,f05b3c381034c2fb428763e5d03723db8fb06f9b2a6174f9c33ee2253bcf3f98,SCAM,train,1056
1097,75ab4747546cc15baee57a61843443d842c656395e7b40cb22cc913940375ce7,LEGITIMATE,train,1057
1098,060b87ae447c31eafd0bb41996711d9ecc5018f1bcec520d95f993cd09cdf053,LEGITIMATE,train,1058
1099,8c96143041f5a836c99c796873805bc7e976e9410d098e95761b71496cb40f66,LEGITIMATE,train,1059
1100,ac357b0b6b6c430b27d39d537bedd05825155b7b1ac42a2d017f087c7048baa1,LEGITIMATE,validation,1060
1101,fdb62985a8bb438586696cf71c625c58ed0cfffbdcb3dffa4c3eed94805a53aa,SPAM,train,1061
1102,bdfe2c5c8ca9e6a4db7ebd684f9b1fed1982d76f365d7607b854ec92492a5acc,SCAM,train,1062
1103,946fceff6c16f1db98112ca13cf3bb49464de686c9aed6ab1e0b77ec9fdd0481,LEGITIMATE,train,1063
1104,d7b514ea4357f6a7ef699eb8871381121d82b731b6941afee5e7575d2ffa7ab8,LEGITIMATE,test,1064
1105,ea56aa5efae137618c46b1d99ec33a1d749c3692490361f6d4ca4a5d73f2da0c,LEGITIMATE,train,1065
1106,79928be8a5443a9c9d76759ee4980197afbad80a0b6db8c958e49fc1de4104bf,SPAM,train,1066
1107,3ff0202a3d01755fcdabce520967fe703b4e83d2282402b01c192592e1cd5fb5,LEGITIMATE,train,1067
1108,99ff05e9b4c9fd1e0f9245a0bd062b589c9b2410f7c7901ecd7f187540c1382f,LEGITIMATE,train,1068
1109,fd6d91cb8584dd11b3b4bf9b67e8b9b79127ea75613b1a3a2d2a54e7e1001786,LEGITIMATE,train,1069
1110,b2df63d93b77a1431a41e373eb562763e8abd27e67ec9b2050dfabe77e3ebecd,LEGITIMATE,train,1070
1111,bdbc61910801619a8cd85643b369a611593ce487c482b9653fa78cb7371473eb,LEGITIMATE,train,1071
1112,66c6e772d3d6e42648e9e0e19f2b4a9ff21104670aae7709a88bfd0284c94d68,LEGITIMATE,validation,1072
1113,b54ff424166818def75198602714fea1646d33bca5ac44b16621acac9234d831,LEGITIMATE,train,1073
1114,3aaf70bbef3a418c244f6e1f4fef1cffb94e2cee6f28ae6743ef2306ac820090,LEGITIMATE,train,1074
1115,84ca4cb908ac6538f100691e3e98cae4a656715f6f03029e06766e5df5016443,SPAM,validation,1075
1116,cc3c88d1ed67cd61523750713bea3cf43331baa609239dc5231a75068c1ba4bc,LEGITIMATE,train,1076
1117,4d97559b8122729c52a1b1a8efd05bc5d9a6fff47933283aeb490f71b7597d11,LEGITIMATE,train,1077
1118,6a3ebc649a37071df228cecd30ed4ec4ab17eea812b9d4914983d72ca709ea6f,LEGITIMATE,train,1078
1119,9d1b5926f60c2263b965d807155a48f93d3c30f44364d91fe9dbd1475acc3a2e,LEGITIMATE,train,1079
1121,c05828d0b82c408ebd3a7fad01ff2c4e2c9cbeb32e575d3dce1e4d4fb5a12861,LEGITIMATE,validation,1080
1122,9449777d5c479593f72e4d11ca94ed6157c3183aa9367984f3b018fe8e17d9a6,LEGITIMATE,train,1081
1123,57b04e49b09194c68a49907a1eda3356f992825c9923046eae809eca79aa1ce0,LEGITIMATE,test,1082
1124,6224139c8c6b803e29c7380f53311970ac279e1c97ba2d9f939e3eb9537467e0,LEGITIMATE,test,1083
1125,fa66d677a22fae2cdffae3c7ff1fe721fb008169e86ed361baac1b83b3d298f5,LEGITIMATE,train,1084
1126,62289047034ad0ff6c4811911704c90e9bf387239e4a87288fa8aea362266461,LEGITIMATE,train,1085
1127,fde2114e61aeceb0df007db769b4665a31484251844dc1479c2db3d5e1800887,LEGITIMATE,test,1086
1128,5538d01304335529da10a3cfc949b7e417b3521e5a19f954c3c5454e58cfb008,LEGITIMATE,test,1087
1129,15cd96d25d7d69455f463b422843fc0a73eba8366b35b2fa669cfbbcd1b91132,LEGITIMATE,train,1088
1130,93bea5f7d283ff6c619ade934b83f5edd4d35e932d9e01b5b3127c09e6d51d2d,LEGITIMATE,train,1089
1131,702ddda4a91bf21669f17454bfbd5a6fb6954ccd43a447733e6fa92beddda7a2,SPAM,test,1090
1132,4e526279665cd30abab07b67fb0ca6d206d3508b5288ce32ea6eeac468f84b60,LEGITIMATE,train,1091
1133,4f844349b87ed29d5f08686eb3a9fb21b602afd78d217387bba2462ae769cf53,LEGITIMATE,train,1092
1134,b52334ff660a5dde31625766392364ac9022bfbbfb44a83b298158a506b12850,LEGITIMATE,train,1093
1135,acf7a765ab8c5083a920d67289f4cd3f4a1ac79a929e50dcce73d72e17be060d,LEGITIMATE,train,1094
1136,a3f4b04d02f072ebc940ad3b45a7d50e7b0887f5c9ff7ead5b3b9e04ebdac13c,SPAM,train,1095
1137,68662863625572a66f92c77205df6c572220165a3305b47abddca52eacc40d2a,LEGITIMATE,validation,1096
1138,6bf12688ce7c4a88826b97014ccd18ea4cf037ffb7e324dae50a9dbe6df926a7,LEGITIMATE,train,1097
1139,d956e5eb8f369d633b1998c44293bcc3d1e00a563657b09e98f301ba9e282e56,LEGITIMATE,test,1098
1140,e9fa4bc0c0d40a1944e34eb6b7dbeddd545a3afcf18ec92499430cc7a1267557,LEGITIMATE,train,1099
1141,98376d85dbdf2792cd09efe67f6c1a696ba60f6888650fe312382566ffa992f5,LEGITIMATE,train,1100
1142,5d5611074bb46102186eed1045beaf5b39cf432b31dc1cf1fb5808f03edbe4d0,LEGITIMATE,test,1101
1143,7b77116b1a1f61b66ebb2161a10483f8407e82feec130846dbc84e0b49c85e0b,LEGITIMATE,validation,1102
1144,af8a27204c1096fd7d5e093298eda6879023cc1998d4cdbd3f9af9072063a480,LEGITIMATE,validation,1103
1145,81250f6e6635168e3406ad167871accc2b31dcbf7e05433c9b498d328463a00a,LEGITIMATE,train,1104
1146,d0c5672d70f33a7fc8f350db13b98c66e9e9e0dccc567179b6d69627ea486e67,SPAM,train,1105
1147,b565965f1cd4aecb69c1f2ae283ca193989000ea1151eddf948a91b98cd41ab9,LEGITIMATE,train,1106
1148,1057e14c18d092eed6acef092bc93c9ae62998a4bde756014991502d67d0f2fe,LEGITIMATE,train,1107
1149,caec6e36c8399ddcc49382681e8d20c6b85bf163701c635266603c71c209f6a9,SPAM,train,1108
1150,a1021b2fe1f90411774c4c307f18fc67ef46b1267eee4fa7f499900bba77d5a2,LEGITIMATE,train,1109
1151,9ed1b2584530cc7c860dbbc529782586af49d4c7137fd6a6044cb6d4d12ad3d9,SPAM,train,1110
1152,310deaa576c7814880311c23aed0f91e9faac8bcb0878ce9353abca523589170,LEGITIMATE,train,1111
1153,9ed2362f181bd9b5ec5b2791cd5650958d64dfe4a3e5527937be5ac4dddb7064,LEGITIMATE,train,1112
1154,268102e9ca9cc5026be76c9d2bbd25c2402f51f95110f0a8cc63d6cca0d54bed,SPAM,test,445
1155,51cc906bfaeb7c392209b75e7af557408570a84da38793187abce21bea9f7715,LEGITIMATE,validation,1113
1156,6c43f9a4220de2b759f11bb90a7523cf8f220e667d6d85db0140f421ab6f24b1,LEGITIMATE,train,1114
1157,97d399448e8a42102bcbde2a4275c851200d9f4bf5d46cb5f78c97ee1ff1206b,SPAM,train,928
1158,a2de644658bd9a547d33a19920d41e98f4841434afaefadfc6f05a83631331d8,LEGITIMATE,validation,1115
1159,f8f0c69187f390ffc690153f46562458cdf1cae8ab0218a44e86cac6c86c5aaa,LEGITIMATE,train,1116
1160,6002e6182986262a5d3cc400b4fc204f2d04000a3bd5646ac41b8c35f5e4a2ab,LEGITIMATE,validation,1117
1161,95a8d843af57bb5977cfe2eece8f4539fd1860cc2b3a531f042506cbe27458dc,LEGITIMATE,test,1118
1162,ae21ebe5aa75b35e4b6285e747edb86992b757fba47c193b3c846165444a66ca,LEGITIMATE,train,1119
1163,9df88ee0a203e476cb611d4b799460e8fec750b8622603070196d512e079b216,LEGITIMATE,train,1120
1164,10496347ea019b50d1c125adce616b711371f3b8fb19efa56d8831fa93c11830,LEGITIMATE,train,1121
1165,b2833e3604a52d59eed55d9d63cc2ba3555371f0cc134331f4f129a3f67a2bda,SCAM,train,228
1166,cb28acf1b4c0154986f9162be7fe8bdebba03588e371c66f2e5551d61db3fb94,LEGITIMATE,test,1122
1167,ac595bf5994e405f7742f64f4c4837e3be38de444f2ecea7926c7b92959568b7,LEGITIMATE,train,1123
1168,23fcae7ea89ff39746d78f099c678a721ced887cb72cdb701b8474a44858dd9d,LEGITIMATE,train,1124
1169,81b517e15e00ee767709e6d42491de550a85604a2d4b269d32df80c4c1a28f82,SCAM,train,1125
1170,5e4d8b0943c3ce565cf8898524d5c47adafaba6e4f4ed4346aa59272a434bdcf,LEGITIMATE,train,1126
1171,a22781ea638c0a64d732c9c1dc7616975abc0ab21481c5e31cad81b695be6b53,LEGITIMATE,train,1127
1172,18c6215136ea90c1a4ea6df957ee4611a450476b730cc1dac34f373b57e1396e,LEGITIMATE,train,1128
1173,3110e0194c892e590dc92d9004508517e13a4920b26bc0d50a0846535c6ec693,LEGITIMATE,train,1129
1174,105e70de577ff65831831fceacc6cdd41e970d03d738d9940cb9231db5903363,LEGITIMATE,validation,1130
1175,9283e0bff4efe2497b1eb955959bd7499d0ebcdd40fe5cd7ec427c3d345b1c76,LEGITIMATE,test,1131
1176,26510778e7d7558a0031e95f359491445b686cf67530bd7325c6b5d93d592ec8,LEGITIMATE,test,1132
1177,7a1c8c6ce05ea1a784b1648b81326ed0281152926e2032570e03c90e41a40579,SCAM,test,1133
1178,f9045eb96df765d001ed17704c6a81a44587c9d35889b55369da71117648ba07,LEGITIMATE,train,1134
1179,97dcaeb9d71ee4cf2630837697ef9ef0ca667a7fb5a757434813a8485e6bf0f7,LEGITIMATE,train,1135
1180,f6306aba5dac9c50c5f7f66c561078d7251eafecdaeab313e9d96d6d8ad20398,LEGITIMATE,train,1136
1181,5a2df857506ed49d7f4d56ce72b39c4a46372b6942bdf8a5fda135161034b3b1,LEGITIMATE,validation,1137
1182,c7abb58411199b43854d233f79945d3adf6405d742d2edcb55121969c8a27975,LEGITIMATE,validation,1138
1183,c7fc0ac42c90e00656276d5329e8fc1047594e54a16d362c33f07ed7569375d9,LEGITIMATE,validation,1139
1184,a815adce861d28b4bc3cd2f7e9722e8f1d128bbd57f98ee52db01c5afde91893,LEGITIMATE,validation,1140
1185,9dcb90f03283f48676a5cd0ef5e47fc4e76eaa3884684be92f5faef61b32ae56,LEGITIMATE,train,1141
1186,8945768c175f54ca95fa0351a0df4b28a8998032834715567aa23e34aaeb9899,LEGITIMATE,train,1142
1187,e1e1eeb8b85372bf35f9db911df87951bf696012f41b1bb6e34945e496c93a75,LEGITIMATE,validation,1143
1188,27579ee0e1bed761bea7fdbdf8d5bc14bd6a0d785f9d1dab3073b9f9fdf266b2,SPAM,validation,1144
1189,a3b19f449b2684fe7c9cd7dac194c7e1d6b18e57b34d85659f57cce3de6d9ff1,LEGITIMATE,train,1145
1190,cff26bdf6bfeeed26647ad8ab1bb44431213327d565569c214bed8f4df2b06bd,LEGITIMATE,validation,1146
1191,9bc0d488481cf97647c6bebc7dff9f33cd0214cee8ddc0c9bbc4f88981435491,LEGITIMATE,train,1147
1192,af2edad15c4a23c6d7d06a7451824ac0ddcc265e222eabc5a590c2a59f6012b5,SPAM,train,1148
1193,711961cfab4146cf45a9d6c040eb6531b39ea096478342e800d63782b44d0f6e,LEGITIMATE,train,1149
1194,00aa13a3aa9ffac7fb0d7885b426abcd67b1f08fd0d8337916d7514f2c887c9c,SCAM,train,1150
1195,74ba662c20f094c884911a5ea5e291c75b1228989159946aab4bc53e26da5061,LEGITIMATE,test,1151
1196,902fc2d7f232766630304a2509a3ee00888f19ce297fa304ceddac2e392990f0,LEGITIMATE,test,1152
1197,7206a6c5b2da399906744c6ae12176f2233ff14545ff35eea093e509e75acedb,LEGITIMATE,train,1153
1198,6c5c54e71366efd6893c6d97eebc28eb91fd0561e6060f74520268f8a81431a7,LEGITIMATE,test,1154
1199,0aaf1e4f1893457121a80246aaf90bd3a73e47c68699d63fecf96e45fa38b666,LEGITIMATE,test,1155
1200,18d827702bc2fc855ca59dd24104c3c3cea48f59221f171e3b049cb4e51c891d,SCAM,train,1156
1201,5c8698ca15c4c6829bdc68d6800d002db01a49640c4359871cb00d41c3df1c64,LEGITIMATE,train,1157
1202,dcef6871657cd23cfb65771c6790ec235e889e6fc3c19f9d3c147ddc1df9f0e5,LEGITIMATE,test,1158
1203,c3bbe2f4b289db6abb5b2c094cf96a22d0ae140b7615ff323e56283e71abc394,LEGITIMATE,train,1159
1204,583f29a989cf461e913a68104c7a560654fb6d86dbf102399c3c14878f364ff2,SCAM,train,1160
1205,ad8bb4af31668f50727e1d52e695052b31fbad4e17b788898f67d02abd8a3327,LEGITIMATE,train,1161
1206,6dd30ca361ca1298fd6af4fa29812f1103adc06f10134c74df8058317890000c,LEGITIMATE,train,1162
1207,3e6dc9f4df7f0a83a924b3e7d08934428bcbc947a324849e422a09c8d973988a,LEGITIMATE,test,1163
1208,f6e5e629d8a90427c1ed74c9ddbccd30e6eb95657b2b1c103b5bd4c416f951b0,LEGITIMATE,test,1164
1209,3db18e666dfa0ff0da992b22a00dae8b1f68aa1fc17b81d5b109fcf2f8697c39,LEGITIMATE,train,1165
1210,bd86055a8808b068272318c1e765f3732444b46b0f783f813447ae33422c77d0,LEGITIMATE,train,1166
1211,0176a056cfc33f765dc0b7053183c36a7f0ab04568e17a7a80ba74d47ce641c8,LEGITIMATE,test,1167
1212,1224769acede2c5a1fa4ca78956e6a18dd99dfa3d917cc33bb294efdf789e740,LEGITIMATE,train,1168
1213,7730c43873173d14324c7a4b7f1030f33668726b7142ec5d2876e4035ad4d258,LEGITIMATE,validation,1169
1214,3810648ad198318b2a7b2c1948597d64f1745c2f62e6c9228ed08b3c6caa53ec,LEGITIMATE,train,1170
1216,9e829ccc8b21367413151813abf6d7ab5de65ac68e6f4120a50c02ccbc436a72,LEGITIMATE,test,1171
1217,d72bc7d4ec3afa7525732c248bca48f9d987b6b10c70e0ae4bf3e35663c04e00,LEGITIMATE,test,678
1218,c5ee54aeef2448e88d49bd568159d5cd7a5c2b7d54e5ef21339d8ddbeca28fe4,LEGITIMATE,train,1172
1219,51835cd5b1807334d84aa385a96dc60d7245e1a6acc7d00e8e85a5433c2c6301,LEGITIMATE,train,1173
1220,37737f6ae181714af92de7645e8a4c26b44b950fb1ef0c69ffa3b1c04145c32f,LEGITIMATE,train,1174
1221,edf255188ea6fdf344f2164868c88aa6ecf1cf1a88328a9e0f09e9e9b4482530,LEGITIMATE,train,1175
1222,0f26e5c14e49ffd76289f22fee36ad7e1087b2102d753d07771ff1b24eeaded4,LEGITIMATE,test,1176
1223,e675bf3c4348899ab1515946522a40594ac0676f960d072ef31cc19079779e4d,LEGITIMATE,train,1177
1224,b34732241c1f41c95ac40451400d2078b521ab77076d256d65f6e862bbe260e5,LEGITIMATE,test,1178
1225,511f060f75bb462409241eaa45d74376b110f561d79108fcff44a75f05dcdf9e,LEGITIMATE,train,1179
1226,05ab805616374a505f65fb235849d12a174db4a7c7f4850e936b757183158581,SPAM,train,1180
1227,eb19d12222f6a4a0d4ba5ffbc5236c47b8d2f7c8d56a1ea39b5ec80f63ba07e8,LEGITIMATE,train,1181
1228,7427868f883609ae636bf0404ebb9212d5ade7c3ae363c754640864fb70bcc57,LEGITIMATE,train,1182
1229,ea3ef0f19deddbcfe80f50f327586fb9be980c36137a94288ee053b1bea12306,LEGITIMATE,train,1183
1230,ae7aaadaaf3d3c3e04feba6fefdc79f0dce075f4f45ac7ec77629f939491ca71,LEGITIMATE,train,371
1231,ef807b87ea8f5c8a2d3771b45f81175cf2269c95d776bd2f27af9c5e50ab2d1f,SCAM,train,153
1232,61400ee72e6029a3cefe8adf8acbb2f307fb45ce2113aff155eec85065ac5c44,LEGITIMATE,train,1184
1233,379e66a69df3a284e84889754aaa9637e0d6eb3ea90b060f90f143b3a4fc7e4e,LEGITIMATE,train,1185
1234,edcdfd5981f17282db08c21ea298ebde35a24a048f45ace734dd394d53077538,LEGITIMATE,validation,1186
1235,3ba26b2fae86c1afecf02d9a217772371c621590b81556e3c9506cc3415215e6,LEGITIMATE,test,1187
1236,9d9c4e1c83e2c9a80d7549e2175efe135c341b0d1ef88ff9543de12bf324a157,LEGITIMATE,train,1188
1237,7e59410e645adaac12359e612d14336a34b32ecbca73b657a8109566b172d2a1,LEGITIMATE,train,1189
1238,991e32fa4110ae1d075581e0eb2649297712d5d9ca25bc00700625a1272834b0,LEGITIMATE,validation,1190
1239,28466db02b466bc62ffb8531b253a9b583696bad2a55efbec5b045b97d16a6d3,LEGITIMATE,validation,1191
1240,012263566c0fc81ae7b87a54cfb1564555ddafcdbb5e8de3365f3503b5ade362,LEGITIMATE,validation,1192
1241,6f2a8de6b3aecacf6f1d2f7150e3acedc1f0ca56e1b4010058e6d781d8385754,LEGITIMATE,test,1193
1242,596a210ee9a439ef3f5ec3bc3a3ec18668683c8801e39d018fce5f1565089d0a,SCAM,train,325
1243,a72bcd53dfc47a75b6f452c5510928b04d81a4fcd77d2466ce4ae97ef3966e26,LEGITIMATE,train,1194
1244,9b14d9ed1b8518d60b144fc7d88ce913818d0f526af8675bdb392d5ea0b8de0b,SCAM,train,1195
1245,fa82793fbe63c7fab81c3ce20ea0f98968bcc4148d9d9cc60408b45efb8ae2bf,LEGITIMATE,validation,1196
1246,0bdafe0424f8a82064b7043d3fcd3bc3cff5ea4c9151a6181227dd78c384c1d7,LEGITIMATE,train,1197
1247,3ee13a96bb4dde3f71b6707fe1acf05f004ece3ec28b41dc07f368534d5284ae,LEGITIMATE,test,1198
1248,be2ad4cd9c9f3c06f75539297c539e8baa94e2e590f84c9b1e671f360e4fc869,LEGITIMATE,test,1199
1249,a3c28ffcff2feace94f4199ae70159e22626cef8089d4ff708995a955a92390c,LEGITIMATE,validation,1200
1250,afae5c04f8409bb5ae68c1918eb1f79c6aab44bbfb583ce7d53eae65fa1580db,LEGITIMATE,train,1201
1251,b14d7d45c2b725dd61f6b4e090073c0e7e41790fed2f34f5eb2e713ef155307d,LEGITIMATE,test,1202
1252,ea245200b1f2664cc6e95402f778cfa02972135ff3e81812c3a71875ea51775d,SCAM,train,1203
1253,5e94229efa9b7ce7b5dbf201f073244f601e5863fdcbb5bbf8e1949a14ed5c11,LEGITIMATE,test,1204
1254,0da26bc21cadf9f0b48c81552cdf45aa899610d00ce150a69e4e2f88c59721f8,LEGITIMATE,validation,1205
1255,bda48a9d2e9f6decdb11b05304dc1b8fe5b25e436628bdb8adf14c901a513f93,LEGITIMATE,train,1206
1256,a54e3aac3339e3ca91628222a7c8264c2d1aba6aa04c38a9a08a206e6d0f55f1,LEGITIMATE,test,1207
1257,f5ab1ec1ffad84bd1ff2387024eb903ed3d264c03d00671b47ad38a54ca0b04f,LEGITIMATE,train,1208
1258,c4ebcc1776a185020ea68a038637a33538ee597e3af125144a7812bc081fc1f8,LEGITIMATE,validation,1209
1259,62a11e4eb4c2db9c0f6b2bf3f0edb15b666935cb418a6ff21484b74f09c01ac0,SPAM,test,1210
1260,6348ace8f8406a12ee79e2fbbe82a65998dd826182b46d960486211b4c6c7622,LEGITIMATE,train,1211
1261,db9051aaea686b5e64ca534db5e47bdfc9403652a4b886ed882f6be22b8d0157,LEGITIMATE,train,1212
1262,f6a92fd94324cc95bc7ead8f5a7ba4c841e4ab4e2381b4f0ece4bc2b67faea74,LEGITIMATE,validation,1213
1263,4662061a63b5425222e62658bb0d9efc66af9fdf3c79fc459fefcf66461b822b,LEGITIMATE,validation,1214
1264,4c774aa082e2d076ef186e6aa5c53301649b07c6d2c7be72351c5c8d072d5c69,SPAM,train,1215
1265,160fdd70e54d8fddd751e44fa2609abd90efdb2e0b28271e7131e3ed35f008c6,LEGITIMATE,train,1216
1266,b28ece31aaf02e9d6d5d8be5513757c4536d98fffa773d9222e8b7098d2dc782,LEGITIMATE,validation,1217
1267,60e25cc2e8b1749f1773aab00ef3dad606542158d88e59e7378767c1f9620e4d,LEGITIMATE,train,1218
1268,6bfb8be6df3f700a7343a53f6f8ff7af324eac8d9c8f6eac3b1cca3ce6eeaf69,LEGITIMATE,test,1219
1269,0c04de06ae7006bd1f723efefb37be778e03240ed2c6611690b242aabcf97e31,SCAM,test,1220
1270,5f29620fa5a26d61aad4debb395d2e49905a41e87958157036b7b5e8fe2303b7,LEGITIMATE,test,1221
1271,629a32430d9fb15893a026368bafbf1c35a0ba25a9f29bb4cfa28c1a5c65765c,LEGITIMATE,validation,1222
1272,5bf831dd0580ef25f0a1c6d937f9c16f38ac01145ebfb075f6f29d00bfd08fe6,LEGITIMATE,train,1223
1273,41c77f930788e089a64e7fe893a4d871ce0209c7ff0887af5ba43118cf6554a4,SPAM,test,1224
1274,92071d1ee67a6dd421341c5a1b7ee401893378373c0bc0d4d37e5d4e7e875fb7,LEGITIMATE,train,1225
1275,eb962fc8e291bdbc37c55242b7da9adfbc72d5f111d9bef6d88250067169b622,LEGITIMATE,validation,1226
1276,79316d8cb93df04aa3220d6977ab2dd4aa8243365004fad05a0bf6d302c2b078,LEGITIMATE,validation,1227
1277,545702bf30cc7b63237b7de2ba8c6c5fb945ea84fee05b6b8274760d5451232f,LEGITIMATE,test,1228
1278,52ec915fbbcae8a946c97ca5fda429e1e5e21fff753b6fb5aaa9b5d3028a303a,LEGITIMATE,train,1229
1279,f2d904ab8f92c5a2d1d49a5b13ffb087696727e6a991a9237389414cda5b294a,LEGITIMATE,train,1230
1280,ef0529fa38374d307d5cc4cbeed0f80dd9ae757e1651c70243c9f7d922048fdc,LEGITIMATE,train,1231
1281,1ce305a42eae4e8d45a75b8ac404a0ab57dc592c9222293877ccc8cad093c3eb,LEGITIMATE,validation,1232
1282,b0f925aee1a63163f34bf6331998add8bb6ae9ca24350e5a99f7491684dbcb6c,LEGITIMATE,validation,1233
1283,63798d8e22a0f246f430b903c810ce1e28855209fac6bc123d347ad11d596332,LEGITIMATE,train,1234
1284,3a25c6966df7b72701c51ba210ed01fc81ffaf702ffa00eabd8ef5aa0b9fd3f2,LEGITIMATE,train,1235
1285,cf568fae125da68ca98303d5cdc3ba4e9cee06fd8f4d8bc9fd701597da2dd02f,LEGITIMATE,train,1236
1286,f45321c7e33ed0f42fc582145b07ba9ccb20d7d8ce9076744d2b1950ebcbd09a,LEGITIMATE,test,1237
1287,794e4480465e21ba011c5eee0962d6db7cab907ce57bf51fc3f42f9e0052c50e,SCAM,validation,1238
1288,182b882b6064aaf2f094792f5027d47580c28a85fb90ff758fa14976e06b5b79,LEGITIMATE,train,1239
1289,64ec9f04fea0b8bf6b4ee1d29163b90866c62de35d44d78a0298629982a8da98,SPAM,validation,1240
1290,71d5b06f2872aee231475ee9a2cbcc4cb60310df5c3b19a7d3bab927e9826785,LEGITIMATE,train,1241
1291,335be3987074ec9b7aa5649366696cd4bf3e91041b5709f5ddff4c8c16fc5539,LEGITIMATE,validation,1242
1292,a9a5f72c810cae13c876960d8c32b90345407288b5dcf3ff2cee43e2a66b5f7c,SPAM,train,1243
1293,207594ab937caff522dec1c8fe19bcbdec3f896ad6ae790196f7592c3cecf6e4,SCAM,test,1244
1294,b456d19fc0913e9c2e38152df376f96c6e69e16b69b675b04836a0d9895cebb0,SCAM,train,1245
1295,d086d247a4d2403667f4a3cedfe98eac2a38a10078728891b2d83cae2dc63e65,SCAM,validation,1246
1296,8d6e3ec9830002a999bf88388f580682cb76e211c48eab8bec5337714e483f2a,LEGITIMATE,train,1247
1297,abee8192a16ea0a4c0fb48543e4af3fafefb89fb9bf877820fa44da0621ddc1d,LEGITIMATE,validation,1248
1298,93832833f265e61aca558d8ebb590c6e8eb6e78b9b58b08d93a0cb0ffa726a87,LEGITIMATE,train,1249
1299,7ca85d90ac8f9e9d859f03b0534e678ad1e81ffefcf90319d3148b24e6a29104,SCAM,train,1250
1300,2cf1409682c4ab19d9d32e088f0e4db350fbc8e3f65ec959c6fc00cd5aa490c8,LEGITIMATE,train,1251
1301,b006fbf5ee9d41868b62776747e4320f57a2145cd10b4bb69640f4454bc496d4,LEGITIMATE,train,1252
1302,61ebdf5df81de96ac31be380734a5bef155efb8cc0adffbe503e7c7f80a274cb,LEGITIMATE,train,1253
1303,0c72ad3fb4755a105f4ab9fd570428d1c1aa6989655e98c597da79827fb8b7e6,LEGITIMATE,test,1254
1304,29c0dda1bf0cbbb1ac16f6681109aaec3aaa1c818533fd3641407c2edc43e522,LEGITIMATE,train,1255
1305,78286b7aacfbbe1694212599a892ab81a73ea49d9bb51d3765207e5a1e50a09f,LEGITIMATE,test,1256
1306,6ab1fca58bee0dc7449696bc345ef09e13523bf36d402430251c4df9a54cf5e4,LEGITIMATE,train,1257
1307,a9a427b84719b15546b308b9e2b0920e61e8ff1e2c66e134be27b5be2b73af6d,LEGITIMATE,train,1258
1308,7d3c39c59ff3962f57923c3adb2a7c7ac063d28e415c0ccfd4d70b67cb104776,LEGITIMATE,train,1259
1309,e4e9dea901a7e18a2fbd09181e98bebbb865fcf91364d02f275e75a2a2ec5152,SCAM,train,1260
1310,98a40fe7d9ec793f8eaaecd135f9ee217ba55c38a448cc4c6824e8915f12c21a,LEGITIMATE,test,1261
1311,6d66c613b7d4ad56a22abdc029ab947aa8a32f8f55e1f373bfaddfb134559e12,LEGITIMATE,train,1262
1312,e451fde031aeb07a8b886600330abdc518fbe8430f2818074ad01307606433f0,LEGITIMATE,train,1263
1313,fdf4652c81db11a65ddd2a49378254db8d8286f0c5bfbdddec4cde6cc46749bd,SPAM,train,1264
1314,335e27d0faef5e8d37eacf7da92dc90249781b85f4472c29f71976a70a3d7396,LEGITIMATE,validation,1265
1315,656a724612ea871e19c0897e13539d8d31a94ad0a00b92bd2ded12828f48f875,LEGITIMATE,test,1266
1316,6a7dbc75b09afbe10130ce433229b25723fb06d429baad2bcdeed61451a2744e,SCAM,test,1267
1317,8fd164d5fe8076775140440bc57bd68a9dcd94783a6b44f5e8f81edfb4e256e5,LEGITIMATE,validation,1268
1318,4b70e09cb0c3a979a1c9d1d2b938e269ca5172114f7d253e46677d0063b44b09,LEGITIMATE,train,1269
1319,28581c0cff32fb3657cef0d81aa028225f77aea9064da9e2fe81e89d085948f8,LEGITIMATE,test,1270
1320,57cb863d423cb8ef14edb6b03ce865ec857d0ab25e8ee100a02e39d47e92cafe,LEGITIMATE,validation,1271
1321,39894bcad8fd9c226f7c5ac8bf27d9d1320fa4e68c907613d3d4b124de28d0c2,LEGITIMATE,train,1272
1322,751e45aa9e553a0651baa0c402558a6db1d69ac3d6d960bde510cc6fb58f610e,LEGITIMATE,validation,1273
1323,4d3ebef6f5ead3d9e89408055279447fa9c5ea9793f570a140f98c72a6601f69,LEGITIMATE,train,1274
1324,ea0e1933dd2c86db93bd9e1e18b9fa2efb1fa07caddaaf2f7189ddd5a657cffa,SCAM,train,1275
1325,b1dfe131f817f82153d700d85d1359956f38a5ec5ec482537c83f9d349c87030,SCAM,train,1276
1326,7d8d342a678634439e2bb9478fd49892f82227c912ccc61700be8140a4c59b94,LEGITIMATE,validation,1277
1328,26c968f3619053b5706c8f2c3f0a91642f3e343b5fd89f9f5289f57d6220c882,SPAM,train,1278
1329,be44a597d169fc710f4e08b1fac3ec312830a9a6cf35b11d1810e6b5f1b18834,LEGITIMATE,validation,1279
1330,f56f8efaf58b9aa7baaed7f837eaa06cf87f5a0df897451af20bb8ddc60553ac,LEGITIMATE,validation,1280
1331,6254f5664cbddad38068106bcdb652c4f651f20db66c31efdef3b75cd72a1ee1,SPAM,test,1281
1332,d6447186011eef8871ac1f6b8c44c3d41a94beba71d1dcc0d70468d56be4f239,LEGITIMATE,train,1282
1333,b39afd7b534b785564d5c42d04ff54073e34abad9ac97e7fa601e57383b9214a,LEGITIMATE,validation,1283
1334,3146695c04705b33ba272a2fabc4a2ea380c7b04325806e6def656e80962d202,LEGITIMATE,train,1284
1335,d42ccc40ed8bdc0dd91225eaccb9633db8a331599505bdb3fe773a03de3cb2c4,LEGITIMATE,test,1285
1336,8cef26830cdc2fc124a188f7de7ffeb3cb8f38196800d1ba3e3fc1a46834a513,SCAM,train,1286
1337,72643348c4e061e54c6624cffd45a438a375b28f3884afbd1be2052ea0beb74d,LEGITIMATE,train,1287
1338,2e7f3610a5e7c9e9c35c1a0730c5de039da58d6fc9a15ea2d1d527fa0138fefd,SPAM,test,1288
1339,27cc314d8457ffa31570ed3eb469d6289b36b0d55d1de1f071d8df7a0b579814,LEGITIMATE,test,1289
1340,0ea6a50db4e7b63ffe87a080103647c9f7117110432309dd23c49057cc8f5016,LEGITIMATE,train,1290
1341,befe72abdbafec0f6cd960f4fb3871658d6d62e51e48d4f2f30b782d01a615dd,LEGITIMATE,train,1291
1342,77e8ff82bbb21aebbc2e7af43787d4fa58d3297654137271d390d7f2e8a11f5c,LEGITIMATE,test,1292
1343,57a8db1bb86be55243d7d1486b5a442fdbb0e89413873c9bfd4a10257eeea3f1,LEGITIMATE,validation,1293
1344,defebac553bac818fd884b93bce02a2838499f3f6c73994d1bb61a7c74c08434,LEGITIMATE,test,1294
1345,93b8c7d97c0783f3f2c3e9a17391bcb7cfd12ddf9765348c1974f1d3d60622ec,SPAM,train,1295
1346,63104703d6d9b2caa76896f8245f5af498503a0833b1bc6dc6666e31e3958a28,LEGITIMATE,train,1296
1347,6602cb455e98816eb698e4b711ce6ef815d4ec07870c037bb4814f4dadd3cdf7,LEGITIMATE,test,1297
1348,122383c2e7e19203ee17fc301df37fe5f0d8f1caa8b4c57946c7d4f1e3bd4732,LEGITIMATE,train,1298
1349,6962df014ce8f7fd26e5a379f587595c5e06edfb391519f0747bfeb20443eed9,LEGITIMATE,test,1299
1350,544760caa3fa7b06b5982ac690fa44ce51a340889a890f375d24bd27f343b1f7,LEGITIMATE,train,1300
1351,e3d4eec1353d7e6c8953afbe1ae4071a8a8e11d4dccb5dbbd3881fad15a7cc1e,SCAM,train,1301
1352,933aff5af3efb15bdfbff0104cea51343f655cb33bf79cbc30e0d0c5650e88bd,LEGITIMATE,validation,1302
1353,efda4ceb878b949a82607ef19de351bcb1f3dd398caf162e70af24d49d6e5322,LEGITIMATE,test,1303
1355,c519fe25a2a2b50e81ba820722750ead81e0299f1a8b24a2d807372c6d1f7c64,LEGITIMATE,train,1304
1356,3acd4c6307faca6e26be5d0e2a5edf633b6890a96ba5b7954957b3465eed02ec,LEGITIMATE,train,1305
1357,b38d5357d47f0f7feb47023455b6a836fb31fc058de89c68318b82e5cdeb5b8b,LEGITIMATE,train,1306
1358,1eafb0fb898a14677448bbb750cb08d4f8011967ecd6853414a7aaf97ac49a7d,LEGITIMATE,train,1307
1359,70635fc9e6c90db39b2c6ef80df37b1ff9609a66b023c354fbb8edd8f53ad219,LEGITIMATE,validation,1308
1360,bb06bbc0fc0f619f271c02629971dc46ed3bbc7489236be95b6bba273a17a5ba,LEGITIMATE,validation,1309
1361,eda4b870fdde5496a626c0552135edb1cde39ca7a94bb30ab1d7c3519d54cb86,SPAM,test,1310
1362,51c40dd547b8684cbb91d37da707ff6eb2e24ca4161a1710fa47aca17c93ab58,LEGITIMATE,train,1311
1363,a2b021475987e70c976453abc8978087909b9f170060748d2262fcd79d7bee21,SCAM,train,1203
1364,5eef12e6f4b7030a03ab2642b62cbc6b39d3212599a0d8693787d05e5a530137,LEGITIMATE,train,1312
1365,ba49b00f2c1225ac0b227a0d7f0f57f2d08ca9f024e973d2d908d8117d567f04,LEGITIMATE,validation,1313
1366,5c2a3a37e54683d6a7a113f2a89eb67cec656002f0c1f8ab94c380c6238a9ae2,LEGITIMATE,train,1314
1367,e6c6f4bedd54e1b13862e8a467c3b321ab3b0aa4063fe12ed84e7b5c9addbf2a,LEGITIMATE,test,1315
1369,939aa5b4af68bc1d4730a5cb669aeee7202d782f03cd71d52a15bdc03f8f44a2,LEGITIMATE,train,1316
1370,ac3310f8e26fca34eb9327a211e672c6b215afc30366ba43de6baf04023d546f,LEGITIMATE,train,1317
1371,4c4c0979473011fc98844a87b258b2d629421501a1ba5dc73b44b0c8da9e5a66,LEGITIMATE,test,1318
1373,bbcb5349da8c8b682f6f28659eef29feefbf0a081f29a5487a5fda8fc3076e1a,LEGITIMATE,test,1319
1374,e70c826976b60eb85ae64fccfe489b220c7a144dd489d517fb0ceeb1110d2f97,LEGITIMATE,train,1320
1375,8f8fcb73dc71050666f26703267bdfbcaed8e35bfde3c66eff94104aa0b0dfac,LEGITIMATE,validation,1321
1376,4e940575beef0caecb468abe28b999124b670eb76ff359c29c04d8cdaba4ec77,LEGITIMATE,validation,1322
1377,9d96a854bd8789356b40d72a254a1b0ff10d207eb9fde5e69b48e080f1cec966,LEGITIMATE,train,1323
1378,e8eba9b57d9e2b23dff8df30ac6d1b8342a70e6c3214f5225749ad9f4093e797,LEGITIMATE,train,1324
1379,4158301cde2f2011d286c73cff4775e764d8dc0e70976fde950cfd0070d23c24,LEGITIMATE,train,1325
1380,648213cb99fd7b4f5691d349455b73e5af59d266190f188a3c8ee00833c0b7d9,LEGITIMATE,train,1326
1381,5c7ea578a8b6be46268f19e376dc4687d4352a7fc6cd7133fde887b1073765bf,LEGITIMATE,train,1327
1382,b554e2da8a841d1b82533e363df1b44fcfb875d90dcd872075b7314c6cb6ed70,LEGITIMATE,train,1328
1383,327f80b160819fefc56d61806b9230097abe4110e0c4893c345694c1351f97bd,LEGITIMATE,test,1329
1384,20db9cb1beaca32c891116545095de4822911923e56f70e1a65ed550479336cc,LEGITIMATE,train,1330
1385,384d3f213af5298555119edbe8d319deb5c498521272bd24b9a0e18aa7112d1b,LEGITIMATE,validation,1331
1386,2736895207aede0cd696eec0c020196d03f3d9932f6d65ab6986a8b9d8a8bc5e,SCAM,validation,1332
1387,219d221808349eadc76a5a1e6c5bd1ff660ff4ae6514fe296bf6953504560b46,SCAM,train,1333
1388,e8ea8b22793c3b4d2d000d8a9853348c2e0ee096781c9cbe56ec6030200d8706,LEGITIMATE,test,1334
1389,b7b876e19108cf25a75be463bc79729f58f917b5468be6622e7f88c19dc1e110,LEGITIMATE,train,1335
1390,96b3f5759339b3858cfcb45f8d02f7bd7d4248c28b16b75a0f9dd871b0fd15c2,SCAM,train,1336
1391,074c26525230dc6a422a5d4e8211ab0b1e66a05d54903161fd8abde726824a4a,LEGITIMATE,train,1337
1392,3dc770e89ce0166944eb73f0683b7bb9516b297e80f98c43b8307aaa9545365e,LEGITIMATE,validation,1338
1394,1379e8a2a0e56b381d2ba049df858601a2685437b081274cedf3ee66a284c4a3,SPAM,test,1339
1395,e1671d22eb35e416de4bd105ec0b79d5d9a847f4fc7eeefb0a58e67053f48286,LEGITIMATE,train,1340
1396,e2964693cb25a3f86bd1c29ad5a1e782c8fe7eed82b4a24e976cc3001a327151,LEGITIMATE,train,1341
1397,a0f6c0d2f161d5b5997d003958d22c70c3e100a180fd252d84cf147c60c0250e,LEGITIMATE,train,1342
1398,25ac72964b0c98953ec947aacaea224105d75e335eebb96e46c9fe789bebc593,LEGITIMATE,train,1343
1399,17cb33c8e9416d5a0b2033f65332f08fc74a7979eb4b795c4190a07aa6a660f6,LEGITIMATE,validation,1344
1400,db977cc0f18dfabd1b990f5d8cbf7ca0387196df33d9467a1f1f704357d807ef,LEGITIMATE,test,1345
1401,3afbce8b03ce8b182176524feae8874aea75294079916a5f55e5a5a30370655b,LEGITIMATE,train,1346
1402,9952fdd7372aaf1314c77c312669aaefaef9a84562f864e8f50b6106b7e324db,LEGITIMATE,train,1347
1403,ba0ff49a7215d057245fe4dfc72edfc79fae256202a0e68ed67b1d63cbca0649,LEGITIMATE,validation,1348
1404,18320bfe7647e317528c934d7b2f03d981e8da2d7b23679142bb8cfb6d5e722a,LEGITIMATE,train,1349
1405,1db45c4587014ae220d3aad9233acea301d015dadf3f064b5131ea10efd7a969,LEGITIMATE,train,1350
1406,ef417e6086e2ce34f8a5152f11c8de04798370ca9ce8a42707ec6a96d859e454,LEGITIMATE,train,1351
1407,51bf7b74c667973f03c31c9fc4eb4403571aebea4bab34903801121001089916,LEGITIMATE,validation,1352
1409,15fd28d605750b90f57dde7409067c32d06c75490a3ed67df96edda8bdcc829d,LEGITIMATE,train,1353
1410,60d96f5c837bf3b4dbc42c3ae49febed50f35f3e13e382ee20d7c31e95dae915,LEGITIMATE,validation,1354
1411,78b208f66442d090509afe2ab857fea2c0fb22a10d3bcf38546700ac33b99414,LEGITIMATE,train,1355
1412,96d418536cd732fbbbe914c8971a49e74d28e1c30f4b47653c8af401fe1d2d3b,LEGITIMATE,train,1356
1413,dace594e42cfff0c5d4fc01a41d75e3cc8909cd01946234d5d1295b967c802af,LEGITIMATE,train,1357
1414,97165725669c83eb3712b79f6330fd4874db37153fa440af644305f2390ef712,LEGITIMATE,test,1358
1415,f296629e1693a240229026874072af65e06b5d757ff715757a3855a0cac47193,LEGITIMATE,train,1359
1416,e1aae81fd2bf9944726baa1dbccf7d33bd61a48c0e5c5024e2452b02dc1ab3cd,SCAM,train,1360
1417,ab56cbc1728175b609f8729091024c0a2a33bc7f2e93986eec4dd43ae874b9a1,LEGITIMATE,train,1361
1418,6d95a09c5dcb9c37df7b05af5adde3106170777e6bdcdacd32a9e9d4e2690eb1,LEGITIMATE,validation,1362
1419,f2cf24ae2ce05530eb1ef6c776ead692a0be73801c4fe306fd82279a45f26147,SCAM,train,1363
1420,99d1802c171e5c3f494de84f12aea05172d2d711e85efc43d4685d710139b399,LEGITIMATE,train,1364
1421,478ed7959ad0e6e01c3634f04f200e7b6138af758fc06521a7d3be923c3fca75,LEGITIMATE,validation,1365
1422,95458bb396e582166d43557f23e91f429c98aac61fdf798e1180ed6c8dc8f38c,LEGITIMATE,validation,1366
1423,3241574a8bfbf4f6352358d4f5329b87e9ac377dfe7ffc9ee8c93d77cb64a5ef,LEGITIMATE,train,1367
1424,f31e502d721e952d542df547874863486868e0df64a1fd4b5c58f24322f558fb,LEGITIMATE,validation,1368
1425,aebab71818d990ff1c2a1f064758222a15ade87d9d4fe17826e54552ee54b7b8,SCAM,train,1369
1426,8681f73a313a762af98810c6f3c63ca207abaea8e26a6833a141a5c91439e030,LEGITIMATE,train,1370
1427,e4c5604adb0d1b0ecc6f0fe42115ac907e4a6048b8311e3343ab1a696126983a,SCAM,train,1371
1428,acb6ed6c4d13d95a659c2703bfd7dfd004c3e59aa03977e9d105b58f347ada0f,SPAM,validation,1372
1429,25231c160c0ea5d8b3ca81d74774096050b9ad007a540f94aca3346545294115,LEGITIMATE,validation,1373
1430,4c0100c005ed1fd47f341f01ef70853c04e6b817807c620a714fdcca15d49f99,SPAM,train,1374
1431,8ce1988ba1e1a5f812683188c7c7cded7fa3a8fdd1b94de98dd11d4de8f1ec12,LEGITIMATE,train,1375
1432,2e774cb2f304db4deecc923a24f585e41aa08a47f2649f26f59b341536602668,LEGITIMATE,train,1376
1433,72043182860f3efd93f7cfddccc9d25eeeba0d0b7c7fc80aab7e14c031b22410,LEGITIMATE,train,1377
1434,c30fb5a4dc60c3fab6a7694de127ce5a5bb33caf4d375eeb71ca2ca1b27a6988,SCAM,train,1378
1435,fa8bc3c90d9a2da66d9de975f585e435d8036190f3b58c66f205a8c4d249df58,LEGITIMATE,train,1379
1437,bf9dc9a965582445ad8b6c37cee8931e70e4fdafa58570a720cc6ee74ab2d11e,SCAM,validation,1380
1438,94cadf88b61d0b03a236f3efa87a33cdee123b4a7be582e7e30e655844229421,LEGITIMATE,train,1381
1439,5a1dbf7f4203eeb141f9b6a197072fc36d10bf4fdd551b7ac59c0604c61b699a,LEGITIMATE,train,1382
1440,0fb57b02c5e820efecfc955b5e9179c47a13792ccc9efcab297f25ebed237417,LEGITIMATE,validation,1383
1441,cac053ac70d45a2cdce0668fe024bc98916bb03caf16debe84ade3b038a87785,LEGITIMATE,validation,1384
1442,a32947a5dfb5285c6f647d9410095d75d297b0fbe6109bd8aaddec13e5c82f6d,SCAM,train,1385
1443,e7e107fafe9083bd7d68f173a2c018b390189b795de2252c92af210f2b65093e,SCAM,train,1203
1444,67eaa164287a16a4a8ef2bfab115024c0b1e0dbcacc2dadd4588e75674a3779c,LEGITIMATE,test,1386
1445,3aebbfa4630c3f220869c3ab9515eefcb751b25085e4814f25a2be154f16704b,SCAM,validation,1387
1446,142807962c1d43f8943c01b05d286a344fb928185bb8406b86e462ff7ce78a66,LEGITIMATE,validation,1388
1447,6b1d82ed640d849b5cf356e96a6331f503b1b2195d93beac2207ea66be61b74b,LEGITIMATE,train,1389
1448,08fba1daddebd1aee419e2f1eb0f9e4162cb056f4a8b561462f1f272f294d751,LEGITIMATE,test,1390
1449,cb9178be7d38696f5f51584ec63553ab14ed5437d92de34906f1814803a1fa25,SCAM,train,1391
1450,b7725c371d26009ec694f748e6974ec66eff232edd530fba0d63223fb83927de,LEGITIMATE,test,1392
1451,11e8e05f050b785f3f5d9ce96c94b7dc33cd1f51466de1d5c4223b03d53642d8,LEGITIMATE,validation,1393
1452,57b7bd843e7b1fa833e6c932f41129db2050a74fe976912b644e3f0b09f88a4b,SPAM,validation,1394
1453,f365adc22603256bbf7f272487e96fd3f1abdf0d9aae4ad427c753459a69611e,LEGITIMATE,train,1395
1454,f56f0ca4d0113d8ab71f1222f74ad26d196ef9336ab8fc1ee81c71afedcdb8d0,LEGITIMATE,train,1396
1455,4f191526faf0cd5773eb775a06d65bd8a7eda9354bc7a9eca6c30ca9b1bcfdd0,SCAM,train,1397
1456,b4b2d6597f13a53841c1382dd8af93ac93373bb9b0981faef5570b16b80ee17b,LEGITIMATE,validation,1398
1457,655509db78c73402ca4cc2b0953acce80f02d24bc9e0ff4b6add4ad470fe5d03,LEGITIMATE,test,1399
1458,580ec514802f4803de49e881426708c441ffc4b89dae074b152f7db69764f49e,LEGITIMATE,validation,1400
1459,59f82a41a2387834680b19e3b895b51df4372aaf6d2d3fb7258bec4eb0bff955,SCAM,test,1401
1460,8973f139234eb7b73be29580f16088c0c811602c0c00eae912396f227d5b8e7a,LEGITIMATE,train,1402
1461,7b878843a6ec8b476cced711e731d9b79059036113fdb8da15cd77c914486550,LEGITIMATE,validation,1403
1462,3d8fdd17871cf516cc60ce655b874c92f89cbd9e24cb697210db084f58b958e9,LEGITIMATE,train,1404
1463,488781c91f90fa903c8847a82f433a26f305badc23d30a5ec41359fc20fd1e58,LEGITIMATE,train,1405
1464,a927d363c6ee70cb77e88a71e603c64235ff2c24b5d36fe3db1f50526a55c56e,SCAM,train,1406
1465,4b294f2aeacb8d9b520870fd0906f54648d9b3ce8296664ddce89aaa412e1e5f,LEGITIMATE,train,1407
1466,b674c2e5ab3b6a74afa710085d6ed232c155abf2b0eee51ee9af1b66073832e6,LEGITIMATE,validation,1408
1467,935316513e86cea50f178494ec07d9dd53c0a846282e285d5084961e3672fc92,LEGITIMATE,train,1409
1468,89263b023dfb2db23be92ea1a08498ba2285d6b8b452f48e1e276346d38b3ffc,LEGITIMATE,train,1410
1469,f1a8880277c1f7fc7d3dea5ae3e966bd058bda0c8c1b5bd4d21788611733078b,SCAM,validation,1411
1470,2043f7cb21b14f74216b612bcd6e93b8f47f80228d2a1b5d1bd9f6a6e2a0c9da,SPAM,test,1412
1471,2dc539a6d8c51e3a9452f3a0a08e38061fc812f025105dce6600662844db2c88,LEGITIMATE,train,1413
1472,ce65e84e8bcf16dc013cef0ebf5e92663431d4e761079d4611624e4fb5ea029f,LEGITIMATE,test,1414
1473,c5b1ae6d8ca64d8874ebe45cdd1c65978c9835b0e3eda5b96e77f2d0da0a7c85,LEGITIMATE,train,1415
1474,4419a8a382f30323bf150a28e0eda9ab4f14c34665ac561bb458bc7366d5af1f,LEGITIMATE,train,1416
1475,a8b3842134e99d99841a5cbf7a878b3091f4b29c444e4b776617565e5f8b0347,LEGITIMATE,validation,1417
1476,7c029a612d69a27508da801936fd89f3e33bfd1ca877957557543427478cc5c9,LEGITIMATE,train,1418
1477,3060415affb6afec46924d479eccfc3d45d5b3a511ebd7b3061952e1153b608e,LEGITIMATE,train,1418
1478,5b2600d8bfa37bb0525a330d56ae0a6b1007d7488447010ff4eb49b62653b43b,LEGITIMATE,train,1419
1479,424fe5b5026e0f5bd2cef874ef867883b0d7c7fab81d0241b07b4bded772d1f4,LEGITIMATE,test,1420
1480,5200752a854aecf7466ec62a49a7c8409e87bdf67c1426e467fe888bc8fcc5a9,SCAM,validation,1421
1481,71751214e69623dd4cdd913f52d79eed75d49f767ecfb9de169cb55a2820f7a0,LEGITIMATE,train,1422
1482,9ecf56f6bfd9a3eeab48fce7aadd1b29caf347edca7f783979261452bcdcd672,LEGITIMATE,train,1423
1483,a55f30dfe0a20b58e527712137f7fb0c935eecf5c4c248d6c6884951e4263ae5,LEGITIMATE,train,1424
1484,9c9a715845fc7a3606e74aabcc1f7fe9d7867e803f6f10197ed7c4a0584cb3f3,LEGITIMATE,validation,1425
1485,456b2c10d9ac3f92ed03b4a4885c4b80742d4dc75d50aec6d9810cf09899ab53,LEGITIMATE,train,1426
1486,6e3667e1da1b5e84322b99f5120b2e545acad65c69861b200d65f1926c443744,LEGITIMATE,train,1427
1487,bf408ef3bce7832c087ec6565e062ddb03991b712792cd8f5c7e3ecab31dda74,LEGITIMATE,validation,1428
1489,32415dcf78ff074c95a64665805c30aa7956604b7baa6fbab7c6a1ce92ee2ae7,LEGITIMATE,train,1429
1490,2c7ea987d0566a7988b3f5244d65ec6d279dfd2b011b678ddc9f1b63384e7026,SPAM,train,1430
1491,b6961c36fb0ea3db687416a6b87dd3318b3792380260aa531631f8f90cf998a0,LEGITIMATE,train,1431
1492,0a8b1905fa06a98ac7584d2d7286dd4ef81852896cb416199c71c454c203f09f,LEGITIMATE,validation,1432
1493,612543d6a44c30a18efc5bdd219a387c8851fef869c088b1a2247d30ca83047b,LEGITIMATE,validation,1433
1494,d5ab6f242191ed7f199ffe4fb1c6eb7457cf47a5650d32fcbdd4c16ac51dfb7a,LEGITIMATE,validation,1434
1495,3fb27404a4f73da334a41ef76b06274b1b37504d5c5048d26ff6ffa70084eb35,LEGITIMATE,test,1435
1496,2b3951a9d7b86d794e9f8e521925d255c402b98a598b54a8f9e341f46a5e15a1,LEGITIMATE,validation,1436
1497,31bd1b626db0efd74b4dc49e9362210c8fcb6bbb53093a471fb26bd22fb3b62a,LEGITIMATE,validation,1437
1498,e20a785f5b2c881d6393fe9e9928026aafaba0f4847b5270313f30644f13ee06,SPAM,train,1438
1499,3e62f03f58de0987606fdcdfb78bcb7d70437f4979e0df8937558abd79dc2584,LEGITIMATE,train,1439
1500,258eb8add00959e2e07c32e03c6ab2030157adb6bc1b03bdc2009818e4ee92fa,LEGITIMATE,train,1440
1501,a134cd425cc6fe6d4fbf0b7008b8cfae1671dc36198a6d89fc990128ab5d88a2,LEGITIMATE,train,1441
1502,c1d76033512d98afdf3b11d7ddfd51a45a4a407f23151880274ec9d7c6ac709a,LEGITIMATE,train,1442
1503,48e2fc18f4f02c7a6880ee0209d5ae4cc3ce74e99ea67e781c19d844305f70ec,LEGITIMATE,validation,1443
1504,1283413f88f8e7cc06fa4c1b6f60241758ee3ad38732978e12b12e0b068a5540,LEGITIMATE,train,1444
1505,913410c0917b40ad23be6d555d3af6793d9d7daf4128aef4e614d79dc4e2ce93,LEGITIMATE,train,1445
1506,e822d2e59e4318059f0cde949827a8503f026d0c2ea0335e5d5c5414e71f0ade,LEGITIMATE,validation,1446
1507,2c2a56ada56a1fa7240d068893412001ba7d454fbdf0976492315ec202f88722,LEGITIMATE,train,1447
1508,c5d4cb9f38275a52e772185763646f0eeb0a7a2e1780e568c8995f4aae08e81d,LEGITIMATE,test,1448
1509,860732ecd7c7ec357a5f43a8dbdcf6577e1a92627bfbc9b12d35af04a870a6a6,LEGITIMATE,test,1449
1510,63aec8d3b278bcde1dd1c4a209672100d7e1fe82356127db254240ab2c0f101d,LEGITIMATE,test,1450
1511,9da9c2e5a2d3031145ef0c0aa3dbff0ceb208d6fd80d9d9f42b7bc0d4178fdb7,LEGITIMATE,train,1451
1512,a7e404b97b5edb1b6ae56ba21c03fe4ecd36d9ecb0cee7284e383a72498bd133,LEGITIMATE,validation,1452
1513,22bc683a76c29142b8cfe5d2abf3da2b1690713dc0137e77e0314adf2df19f6d,LEGITIMATE,train,1453
1514,b0e3536133b909640b58a5f69057dc016bb9344e372c4a6a8db2367eb45fa38f,LEGITIMATE,train,1454
1515,8ebedd7d3f232c606b020a077184f32d9f23b97dd7de51a2abbe4023a59d3592,LEGITIMATE,validation,1455
1516,a924fc67d6007d043f80fd982bf7582c7d801b7130e55ef0e7eaf452bc4dbb8f,SCAM,validation,1456
1517,d0fc1d3848d9f9f5a645c19fc9fb958d9867abd6c238c9535daeeb8730dd7584,LEGITIMATE,train,1457
1518,0a588af06ab3d175b9313a069a6c065a61ca6cb77b6a26fe04221e96a03c05c7,LEGITIMATE,train,1458
1519,e1703494281f64257fbc182f340465d24f63ab5d690cc4609738a9aa338fcc9f,LEGITIMATE,validation,1459
1520,b116c8fdd0e4934d7a4be0d36cb7071bc21d68f86dcd4df883222dfdbb227378,LEGITIMATE,test,1460
1521,facca62bf2fa4ae96266e4b64ad4f52eab02c83bb735c87bb5be214deb38f6a2,LEGITIMATE,train,1461
1522,fc4afe5a366d68e4e040703cd54e6d8ba817490e4040a39f8cd6775918519064,LEGITIMATE,validation,1462
1523,ade0fc13343c097371cfad627844d8d0065573d7ae3ba837002392b0c1c4d842,LEGITIMATE,train,1463
1524,806e91e1e2e9e271224c5c62cf4c95ca18296b16df8ee2bbd3dabeb9d35cdfcc,LEGITIMATE,validation,1464
1525,62b0f2d2bdfb9e741a98282394a535e8d05cf26e9aa01fd195c9742e6b16b965,LEGITIMATE,test,1465
1526,9cf843bef870edba1b73fd931c7520c2a1ed79a614d2e19c19ea0b45acf0e537,SCAM,test,1466
1527,f519f01205939f784170e0e0cc97d729139ec8cd3117c48fcd0dbe3fe10fdea3,SCAM,test,1467
1528,7238e7fa9506290c4dc9317cea199e49240c4335933ca9afc2e1c57876bbe02b,SPAM,train,1468
1529,2b03134be9423bfb9cbceab7f2e0c5a002d53158c57120a1e93c4de8b42c17b5,LEGITIMATE,validation,1469
1530,b8d779f8e9cb96d6666ae11c2c261dff4e494814920da409095519ea93752489,LEGITIMATE,train,1470
1531,0d9e2273164d3a6cdd9f2bbc71038c6ba9887d1acc227757a50a44569b050363,LEGITIMATE,train,1471
1532,f2897f7e4e1eb3332bd9746a4f716fd412a0065e56561748612d6166ae0dd217,LEGITIMATE,train,1472
1533,d4f197ffeef392f63016876bf7b7c5863899f433458d5dce10247930bae2a947,LEGITIMATE,train,1473
1534,fd2979fbdd264848770ec189cbd23b580083dc1687271c9494665cb3604e0a45,LEGITIMATE,train,1474
1535,12e528fd7087739afa060d08955390590de588f067a6190295d440decb867b13,LEGITIMATE,validation,1475
1536,fbee5d284d9bad3a2568cdcbf06ed779e7bdb76d4cd0bd2de65d7373f311b212,LEGITIMATE,train,1476
1537,236d1a963badd1deee2c1d24e256ad745e37bf1d29e02083725ee901b673913b,SCAM,train,1477
1538,f5d1a38dc560820482c5168d74e4da951994d00b8fd5ea0cd1db6196689e68c2,LEGITIMATE,validation,1478
1539,7adec83de65ccc38407da53ce23fce20ada78a1e86270c9fd45e086f2eabdbaf,LEGITIMATE,validation,1479
1540,820f4051114de2376108bb59ca0f67f4395731cc92cd635a13ebc73524682645,LEGITIMATE,train,1480
1541,95ad959f742d3cb812f537ffb1a012d98d62949b47cd61298295bcf77195d8bb,SPAM,train,1481
1542,344836454d4ec65178504468068199900a50639c5a2f34efc51f9060aee020d6,LEGITIMATE,train,1482
1543,26a94c2ace8445abfbe0348d003de99ede95d5c1f1284a65ccb8077d2901e36a,LEGITIMATE,train,1483
1544,b694983190474f075c88ef6ce1fc2266ab987b0d5c8ecef9bf28da36e27a63c6,SPAM,train,1484
1545,853f48ddd500a9a70b4377f50ba1ced8faed7abadb979817aa54b4f6eb7cfb78,LEGITIMATE,test,1485
1546,640a2f83f3aa11b9c3caf66fc1d1690f9faeac844d00734bc9a8f916661c7b69,LEGITIMATE,train,1486
1547,0365b580246556b0d9f27231bc89136f3c8752d1f4907ac951874cb8223e2af1,LEGITIMATE,train,1487
1548,5551aad4fb04e2826f3e1fd3303648e4f801bfb0e03eac7cb0ba30a08eb53980,LEGITIMATE,train,1488
1549,3d0871091166b251f7e134339f48048b1e5a599764386fdc97ba2fc7aae521dd,LEGITIMATE,validation,1489
1550,37477fd8d97794d065af8d35d77f6de082a44e63db6f46fe42bd5a8bfdf8e78a,LEGITIMATE,test,1490
1551,07b30331d8046700ce1dd6932c3a1a7e9b2fa382253c1970813ed2b22a1c84e9,LEGITIMATE,test,1491
1552,c4df0695512544991c64b40ee59d4ea9eca4dc60fa6c2dc73887fd3bcdfe610f,LEGITIMATE,train,1492
1553,771d2075b115fce954be4a5bf33c13077dfebd8c13f6c678869a1447c98adb8c,LEGITIMATE,train,1493
1554,218156ae91dd26cea9040b9443a834f258f5a5b0565bb6eed1fb0fe6ef364a40,LEGITIMATE,test,1494
1555,2aedf3d41afaf75846a3cfd0b0a9f7a98ae313eedb1564a6e987787ec4a0a384,LEGITIMATE,train,1495
1556,f90069853d92ead5592a92ffa0c34cf1f3b3e4e985308b9c35e8efd49091aaa2,LEGITIMATE,validation,1496
1557,60dcbbfc1ff0273ddffa0b244c7e31fd01419b4aa82e1e3e336a5323e40f842c,LEGITIMATE,test,1497
1558,1d52993b0ef38cc62a601674276f35e3af90c5972eefcffe3c3c429deab38888,LEGITIMATE,train,1498
1559,4e1f5bb5618d464563ed6a9e1b050fbcfc028b81c2808b5851ed5755999bc84a,LEGITIMATE,validation,1499
1560,c8e1e48c507ed48973309a2937b53c86ba5f89810043e4c0def99aa636a5524c,LEGITIMATE,test,1500
1561,63c639a2daae30d8357fdf1f524ec0808a5ee401a60d317541d1d5ae95bbc52c,LEGITIMATE,test,1501
1562,ec7601cc7913bcb068bafc97b4e7b5a6cc99d59c795cf442b0225cbf95de4379,LEGITIMATE,test,1502
1563,cfe97ff89a7da363ba5b7f036f7ea388d24128c4543bff10a28610ecc2b68643,LEGITIMATE,validation,1503
1564,1e1f053dd9ff27d59cf577c344af0e8fa3b345358e9e495fa96bf3b71b41114a,LEGITIMATE,train,1504
1565,34d754a320a448658f831e83db77762f6a408bfd77405f02c280bcc0c119883a,LEGITIMATE,train,1505
1566,b26362c90670999938d3df385a5e3fe64f87d338f019b9936fbe76f23e243892,LEGITIMATE,train,1506
1567,1ab94db6459530464ae04b283fede84743abbc887ed1ad22e926b53f10662fd0,LEGITIMATE,train,1507
1568,3e0c47d6c158549f69d90b923c2489e3963e42142c66f85aded884ff00e00771,LEGITIMATE,train,1508
1569,600bc7a3ad57097d2dab8f6e8c0bf6946c31279ed4f23f2142ba88d1a4c46275,SPAM,validation,1509
1570,a6bfcaf6a9926e6501c13550a5e2a8031a8e04a61ea1ee221093a39aa71c7104,LEGITIMATE,test,1510
1571,76ab2afc99dea00c70605ff77145fe94fe9e97d8713e5bb08a4895ab6e37ea2e,LEGITIMATE,train,1511
1572,40b55f86188c14f0cf52d13e3ad28301aed596af8a62fa632ea4931f00d44ead,LEGITIMATE,train,1512
1573,b93a36c64bb9ce7fd9781db6210707fc307762b0daf55a2c6ed51d24ba965f5e,LEGITIMATE,train,1513
1574,a8eaf51984ba6bb358992609c798d8e07d22e63135b435c4429d609b85ea99f2,LEGITIMATE,train,1514
1575,5a36da56c23505f73907d4128ca1751797c18dfc6e72769e9736ac028d5b82f9,LEGITIMATE,train,1515
1576,7eb1ad0f5fa857668d3d99a1ceeeb813f36802b88aeb75522a7d3a47ed6ace68,LEGITIMATE,test,1516
1577,94b54e1f839ecfc00718160e0cdb9ef918cddeaaab67583319b119666f6c4734,LEGITIMATE,train,1517
1578,25a57a07228420ba316ff9165c51312f5eeaca3d8ba93a514fa2d56f95038351,LEGITIMATE,test,1518
1579,ae09fabc703eef2470161467d72a495f4c24186bf101b53239d5ef71ab76f40e,LEGITIMATE,test,1519
1580,da916c022b93ca84a9f4c2f965e1ab8c9e3b46c34285218d7b4507cd845d115a,LEGITIMATE,train,1520
1581,e38b98cb7bb77c5a835950dac578ac544dc3e174b74b8509c3c96a30f84b06ba,LEGITIMATE,validation,1521
1582,95a99795ecbbba6c630584ad3aa0de69db87942e333aa5ba54c2ce7b9d2292e1,LEGITIMATE,validation,1522
1583,cacb59bd978813443756dab42ad31044c842e46e4c153a87243d4089be9a8689,SCAM,train,1371
1584,b2377c157e0f3e45d7549702e867da1327e2e3583c035100acc48e6808e46f23,SCAM,train,1523
1585,bd03a8fe3237a36d5ee90d162054e84b1844ae980b8a9a25fc40e24051abebb4,LEGITIMATE,validation,1524
1586,c95bfe80c8b9792010578c06d4b8a320050b53362a637a4a4bd7503cc18222b5,LEGITIMATE,test,1525
1587,f1cda9baf04ba069fc7df7bb432a1427306860fdfe8ca92246cdc61a0ec52dd3,LEGITIMATE,train,1526
1588,157b68276feb435be85109b54a1d4c0be599ef4a960d62c9ce1eb784e7140272,LEGITIMATE,train,1527
1589,be4e3bbe258895f6951a1609e7825fb00785332f3391287aec1fecc43ff7537d,LEGITIMATE,test,1528
1590,f8d5e73a7ca9c10d8842385dd5a7d8e6faabc478b0c6df875e4318500c077a45,LEGITIMATE,train,1529
1591,34aa2e5ce3ac2f00f33e1a971c7ae2ab5b1aee6951ba098cbc2450b0ad9fb293,LEGITIMATE,train,1530
1592,e83c97915b9d8910ef19354bc14e67dcb28c8b2506c727bbb783707630532a0b,LEGITIMATE,train,1531
1593,2d6c5fe242cc4f5494f985a786a2c6b34244354c097216ac35bc8adb5b449338,LEGITIMATE,train,1532
1594,07bbbe835a2117ef80f91f59a1a10249f6d1ea94b4ece7d47cdf3486fc359922,SCAM,train,1533
1595,6c997abfa345a83186abd42392d595b5e4d5cc4f0ad6e42ac72fe71eed512673,LEGITIMATE,train,1534
1597,4c01f09caca42ebd07c35d0736d597269883b957f257d1a9fe15b124eae7c0bd,LEGITIMATE,train,1535
1598,82be0c4b87c3559ab962396c7e498b10ef378e4e3edffb4baa566db78001325a,LEGITIMATE,test,1536
1599,9b2ed95d90d4455a79bac1e67234343eddc81f9415250e95f0929087a4e2f7ae,LEGITIMATE,train,1537
1600,b2fa583e1109005689480b3bf0b2ccfb274f6a2cb82069271be7d1d8ec7b5fec,SPAM,train,1538
1601,b86dbcd715a3f0031d1be3b18b2b815007cc6ec71817aab0eaf0fdfcff42fedf,SPAM,train,1539
1602,b024bf9b249b635496fd839af7d05fdc2317d33a0dcdc8436944445579f31c92,LEGITIMATE,train,1540
1603,78e5e376b169a3911025fe455c436952dffccd44512f00d1f395a0975684aefe,LEGITIMATE,train,1541
1604,a910fbcbbb0980bf820d6795bc084d150ff6a24d005997dda35557e28fe742af,LEGITIMATE,train,1542
1605,32c2a7292d831fa8ad551bd4e9ff00bb851737a87421e6b041bd1fd347061d89,LEGITIMATE,test,1543
1606,dde6a4132b93851341bbfe7a9f40d7940c581355dd7a2fead8d02f08dbcdad20,SCAM,train,1544
1607,cd1e268cbc220d5c6e2e9762a293a509abf981720af33d9a82d288b01b7dcb59,LEGITIMATE,test,1545
1608,0f5eef19e1c39a88937ad33ad73ec5b94be4c5335fdca5eb93fd2c01d1ef7857,LEGITIMATE,train,1546
1609,c2a7528c9ec6e1e385e571f4dc6e99d7e70eb50e92c326dd6443db7b8c1ce1b1,LEGITIMATE,train,1547
1610,da958d12aa480baaf6bea023ceab0b90e5322db1f7f6be2b9006fc1b43eec9cb,LEGITIMATE,train,1548
1611,18b44d82062dc91f9832d1e5208a7626f9e069c9a80fc9e586b2de4cde30ce4a,LEGITIMATE,train,1549
1612,73fa1c51be451f01e4afeb84cadcce94f7cc661dcc057d18ea6a180202a1f934,LEGITIMATE,train,1550
1613,1e08d3ee2ef8957406c350afd930894d1217503e6edc6eae265d06ed0d54db5e,SPAM,train,1551
1614,31195aada1b9c94c0414d4e72823fc206f37f847e66743e10f869eefde06e3eb,LEGITIMATE,train,1552
1615,3314453821f867b13f42e8d2d64d7c73674b9d9cd5de32ec86f054bd9e119fe5,LEGITIMATE,train,1553
1616,f2ad18571bafa21f9de4872efe9d6ef35b0cf7c6a6908ae4cc2776b484d9e82d,LEGITIMATE,train,1554
1617,e71adf4bb53091b2eef1681ff62a84d9bf0ad0afcf99090f24e1b4d804d615c4,LEGITIMATE,train,1555
1618,1d7bdf363d307ce259c6721c0c750b3739773f9c010d0c9be2504f71c7b7edfe,LEGITIMATE,train,1556
1619,365001dd10c53ddedc1d02d5bea32f2ec71a9e6f4424bd509e27528641c2132c,LEGITIMATE,validation,1557
1620,60df312ca50e5e18262e10935875592d78a2f1b2a2da3068d2f4e775448bd5ac,LEGITIMATE,train,1558
1621,8d9931046bfaf9af70a811d83b4162d64f007827be669f2ffbce33308b065067,LEGITIMATE,train,1559
1622,4a3039d508d7dc046b1709612cf4d76f60286c9c6b70771b8d2c89586853d114,LEGITIMATE,train,1560
1623,a112dc2eabffd76099a418d0d6a07755b219bd84361bd1a08ae88498b7ddbd3b,LEGITIMATE,train,1561
1624,2aab58d8a837f39ae3def327dc43c8e3b0eabc04643b5d461b2516457db3d173,LEGITIMATE,train,1562
1625,ab31144a95dbed4688d623e033a2d578c443a808df5941c997112952ee7f6d3d,LEGITIMATE,validation,1563
1626,1668bf0fc55d05f6bb9b14cb51aaf8807fd85d056fa5240221346d84179461b6,SCAM,validation,1564
1627,3205a905a086a9cdfe674545b66a1b957153440c53508f85470e534e5afb2e45,LEGITIMATE,train,1565
1628,4c0adfab9ad1dd0adc3bfbf51067c0b258b8df6d867e2d4d0a146cebd658f903,LEGITIMATE,train,1566
1629,666e2acdd6d1ce2669cd5a45b6f951c17b215b856d911f6447c6d433735eef3c,SCAM,validation,1567
1630,a07a257207ae808efa06c09e70cfa94b4cc4ec73317d5b3f3f4595cc47142d0f,LEGITIMATE,test,1568
1632,f5993cf30d286bce037779b5787d8a2e4b72b13ad8ad17c789cae6e594079d0d,SCAM,train,1569
1633,8c201f5ec6bb914528d247a41f7bf740291247bdefcc76f2e0f8d3f525e2a850,LEGITIMATE,train,1570
1634,3587bf3e3ce990ba042e847377cfb4641b130369dddc944eaa541dae704af2ae,LEGITIMATE,test,1571
1635,45338db53f3a14e4cc70241f62457e1409773b73a9f83c8d5df302d07f794f7b,LEGITIMATE,test,1572
1636,ee1432ddfc3a128f8e14a415ca9424ccbb916a2e9c73cf397bd6735e3e4c10a0,LEGITIMATE,train,1573
1637,34e64d359a17d793b6150937fda8ec4d8e5633ce50f25d012655a056bbcabeab,SPAM,train,1574
1638,f3d86c384813bfada22a439c27564eb05bf380d46103e7db73aabcfb771c3e6a,LEGITIMATE,train,1575
1639,e5f0c6455d5ade3937bba10c5b9ba14b2944f9076e929ddedc220e5a735fee9d,LEGITIMATE,train,1576
1640,4628c90b36e9f08625fb3886f5610ec0a2a02494ef436102eca9c8335ca7cf6b,LEGITIMATE,train,1577
1641,93b38162f41ff7b426cdf240d605709fba6e3098343e1cd6368e4b8d507750fb,LEGITIMATE,train,1578
1642,4cc2cd1298e2f57457f5cc0874d7ba45bd8aa3afd5cd30bffbf43508daa023a4,LEGITIMATE,train,1579
1643,d3e72b4966aa2b720971b6d866c9c4844a38df03210c972fc7f52bdb86c0e5aa,LEGITIMATE,test,1580
1644,f5a3a22b42a56ba817edec1151c0b1a796a576324d794a99e859e6f276cc474d,LEGITIMATE,train,1581
1645,ec1f57f06fd8b7770818a1e0a40d65a870941d6460fccdc8379a1399ca1b4aea,SPAM,train,1582
1646,2c83fb26b3de6061a6dcc016d61accb9966f98c51c1ce79d78b316a74511f8d0,LEGITIMATE,train,1583
1647,f24c26b0554a04a4be3bd4a6c297ff403b8209afa83d8a08a1b7c96540659b7b,LEGITIMATE,train,1584
1648,1d8f0dc568c7d915d98446fb16ee2d2719149807fc775f5ba8dc1a10ab99a6c9,LEGITIMATE,train,1585
1649,0f0f600ccd18fe90497379d2cf7834d32c187eda11118511b825a014b0ec70ca,LEGITIMATE,train,1586
1650,336a9d1e71293746420d2563485648731c5cdba4454cbc16a253c2422d487589,LEGITIMATE,validation,1587
1651,ced11dc4d474012567b7680cfb317ad9f82add675b3fb5c1cf481a231c2622ef,LEGITIMATE,train,1588
1652,9cbe0d7c1d77014014bd63b56275555ee2253c684cd244e18484b6b609434df2,LEGITIMATE,validation,1589
1653,0953d0a946068cf7a6fe04f8331c25713310b490803dbc2cb3eb1dbe793011fc,LEGITIMATE,test,1590
1654,a55adb0e2c1f19e940327ff8f1c85ea85e03c89c0ce817cd01e60256a7757f95,LEGITIMATE,train,1591
1655,64063ac65c99c598696e138909263d14bb28d67ac33c3112cab102cce5dc7cf2,LEGITIMATE,test,1592
1656,7de442024e2ec43ea05347340ff94938697fbbf466fe309099dbd40e9839cb2d,LEGITIMATE,test,1593
1657,079dfe63e81cb57224bde3660b46e482a690be3ae271ff7e246f0f912d472078,LEGITIMATE,train,1594
1658,529fa522ed1b88910daf9b67745c9bd04d26e7ba574d122c0d98ff0c9ba6c442,LEGITIMATE,train,1595
1659,e7d90135b894d5294b3bfd5c552823a5d322942db0c024029b521b0861c735b8,LEGITIMATE,train,1596
1660,8801e71984e9095111054f6ac55416ab7e448847203c9751380bce80abd372de,LEGITIMATE,train,1597
1661,e5a4392ddc4dda5bd5501fed9c6fc5fde808e043526050ebbfac9f8a85a8a662,SCAM,validation,183
1662,b5dfe3311934d774d1133e889b70e8f8291378bfb9a5d9287b2831c145bf117b,SCAM,train,1598
1663,a556883330a5aaf8225dfbc42512576e03d1fe28046509b332d2e7147e466591,LEGITIMATE,train,1599
1664,033dd878072298babbe5f4737ea9ac2457e99adf45e12db088c65812328f0b62,SCAM,train,1600
1665,6a718646857894510ff2b0195c3cd818d7ba73246063a2a1d4b3c4b6275efc6c,LEGITIMATE,test,1601
1666,7e2ac53a5289dc607e4cca1d0f4326e6acb1c5bf6e829e4155b6605e9d7bc547,LEGITIMATE,train,1602
1667,f9dcb402b1b520b94c0daa0f880e69fcf4cdc72b79fbfb1c56216e5d8bb98c3f,SPAM,train,1603
1668,4de34a48d7717486796378e03a09d3ac8c56f269a6b563e8f25d91dc74627cf2,LEGITIMATE,validation,1604
1669,ac1e201af97d249b4543c1c4c38b478d63634b50c1e7ba12b93843677d787abe,LEGITIMATE,train,1605
1670,48904c80a32239b57284fa35243fe2d80180a71679e6e91c570fcaa725743bef,SPAM,validation,1606
1671,3bf2fa55f0641ba7d1fe24e6dd7bc91a77118fbdd3d4c2e4d463923c298c0faa,LEGITIMATE,test,1607
1672,5a17f7cbf4d907dfe9261c48ca248b8013edce16906ba90078ac670092026d5a,LEGITIMATE,test,1608
1673,7f12063a4fe67fdff2fb05cf6f9b016404c762f33f152b664dc2735d22126ba4,LEGITIMATE,train,1609
1674,9da4aa2d0dcf9a6c8bdff404f08203c9ea4a91848ffca172b0787a05f360e67e,LEGITIMATE,train,1610
1675,6dc23c6b555a2fb3404f0aaccb1fa113bb4e4aed26d8f0497c39786d38584174,LEGITIMATE,train,1611
1676,2bdb5ee30d287256cab422b6220c9a27a89ab5466b4d2f1cac678ce6c0516787,SCAM,train,1612
1677,599df55d764a554ad94d882fa06bf38b42b4f8d6c27c646d814251861661eb29,SPAM,test,85
1678,31b08d2b033840df92c697c479e25a477d435e679e5037d77070c17e5c37b97d,LEGITIMATE,train,1613
1679,167d31fdcc0633ce500ef072e2202178d0e8cdfa6843f4eb444dbe3c66fbcc97,LEGITIMATE,test,1614
1680,a99cccecc592d3e871d2bd566d011acccc884f95e6f5a68a23f8400473751687,SCAM,train,1615
1681,ea132d883c4eb2dd2e7c85c445ddb8ec0629d3869513ef07349118b5324841dc,SCAM,train,1616
1682,ee169d64dd402f0d286de64bd786c4c6ca19bb0db7b2e45683b9ab78b9da3920,LEGITIMATE,test,1617
1683,fc6f53d7137f1f08937e4d4814fcb70c132620bc359796b5dc798e851bb6bbcd,SCAM,train,1618
1684,fb725ac16ace6b8c678eaebab852cf13892207d421ffdf0dcc0f85c79eb356a7,LEGITIMATE,test,1619
1685,340d366941efbff6c9daefb4f9f124b1429132bfc872131ae6e601202716126c,SPAM,validation,1620
1686,6c1106ae630c220f9efffa4fde014cfde8630a9801eccc030caebdb9e2f0acbb,LEGITIMATE,validation,1621
1687,c0f7d1230fe5fb759b92597fc4f331da2db2bc7844d6b802e980db48f1f5294f,LEGITIMATE,test,1622
1688,e9ff12c7a798313dfc939dfd8d225ceb95ccd8b094c7d9a79b29f30440300455,LEGITIMATE,train,1623
1689,b79b68eabc4265634912d301e88812ba41946084df4233f28d00f4d44fcbafd2,SCAM,train,1624
1690,4ac6f633fa24a195a1784b6b60da3b6498f38d933378bb03c21563772c270de6,LEGITIMATE,test,1625
1691,b438795e1b71e99edc545d6ee1f13ccda7a93ac114203e927b1dc4266db60346,LEGITIMATE,train,1626
1692,1c4a5463c1d106f2d96f7c6310aa54c16240a84e6d5fe77c39f11139454f5692,LEGITIMATE,train,1627
1693,7f935d95e269f0fb8d4bac34ed0523ed536726f038cc057482b5bc3f23b4b310,SPAM,train,1628
1694,4e83150def4ddbef12e174a305a0d0b1119f6a6170f2971bb688e2ac375b0a6e,LEGITIMATE,train,1629
1695,c3de6155b4954d1e61080fddb686f15557d9985f1e930c05a0452b46fe82f1bf,LEGITIMATE,test,1630
1696,76253bfa7b9913dedb3d9c43b7f669e08a795ebcedd82194951654b0abc66f80,LEGITIMATE,validation,1631
1697,90c7c15d3cc1e8ad42771f3957eeac4a75d93296a68e6282d96563baea7fa743,LEGITIMATE,validation,409
1698,0f03be0b0c3f17ffa0612f091051fdc6a497ac815e92c59c14c13c3b7a1ef086,LEGITIMATE,train,1632
1699,7f1d9b1b7a5f94184b4364110f86a1f5f2f97175aed701680140b1fd1ad0a6db,LEGITIMATE,train,1633
1700,30cca250c519c8df5e7f3601294a1b0b9cab214b17449ab4b2c9238807d28cfb,LEGITIMATE,validation,1634
1701,13ce06d18e111a267679644a52d4b8a80706d1200254f3a038a41a6b75ae553a,LEGITIMATE,train,1635
1702,9148d4a840efd1dbb212e8faa0b2714aa4d7dcd327706289778dc8553e82cd23,LEGITIMATE,train,1636
1703,d7295d0352d745929cfe038aedda7a9cc6c20f17b368d4642d17f151a4bacea3,LEGITIMATE,train,1637
1704,0e1ff4149175210f7bce153e8b2727d7176fdec94d8f45499d0f8540db922c6a,SCAM,validation,1638
1705,5912fbea1e626dd2d5850b19be85b754ed5bf241c7df6924e02e7c27a6c5108d,SCAM,test,1639
1706,d5c4ee4a3e35a689e0212c34325aab0d844c6ebd2b9464210eb73e2b61e7eb8c,SPAM,train,1640
1707,9618874d255d63513500bbaae8f43c4a60d6fdc028996c42995b2b836756c9e3,LEGITIMATE,train,1641
1708,a782142ddf7e8ea1b7069a197c39270f9e2dbc038ad50df600a05496a989443d,SCAM,train,1642
1709,78298ef7b67fb3fe4abd1e578e2dcbadcec02479a12ca744b4610c0db5c84215,SPAM,validation,1643
1710,f2077a0ad9de79f47a2b13b06c2a27cd11431f9687ffb9ccab667b5607646b7c,LEGITIMATE,train,1644
1711,042d975d847f3ff9df842c02968c5cf160e423410b863340beb41346d4b10b8f,LEGITIMATE,train,1645
1712,9e387d176d015b65f7b40b4f6b7522c6b3f5407fb9c13cdaa61fcd8cce4c8016,SCAM,train,1646
1713,530efd75ad3912ebbc0293c67d678dc4f49075fa6fe00698386495278a54b88d,SCAM,train,1647
1714,e5a1688723de4a574078c383006c4e330b8f4cd17394efd82cfe04b4b2dcdc70,LEGITIMATE,train,1648
1715,28aed665013dad9d07be7e6b3d8b509e314aa7b9b481f19fc4cae90b68ed66c0,SPAM,train,877
1716,2d84e1808715dd9e9f26babefd5177a8d9d6f0a87f83913a9f232b15d6d4b3eb,LEGITIMATE,train,1649
1717,b29a80506ad06976664c8aa89969b2d2403384be6f16a475a52378d08eca4ae7,SPAM,validation,1394
1718,9a366d0aafe0c3be5d0cec99f7ccd261598656a2b759aa259d283a66311ba986,LEGITIMATE,test,1650
1719,7fa27bdbe87487e3e78532f1988785590512390672fe016735f3d8bfe6cdb4ce,LEGITIMATE,train,1651
1720,d9a125f77e860432075f3c0304d0a05b1603bdcbf9811a35fa741f690fc3c946,LEGITIMATE,validation,1652
1721,ef898365049dbfe96d7df50df030cb52f037cdb1d04ae8af90655f3923091033,LEGITIMATE,train,1653
1722,b632abfe8cb6182d459b11fe636bf9c432baa566066ad21984034a34db6725ce,SCAM,train,1654
1723,5ea684ab791c6b45f0b058c9b5125e00f67653da458a8ce0083360c17573472f,LEGITIMATE,train,1655
1724,9d77da1042a4e318d3ea81863ffbede7e66543d35c8e75137eeb9ce506787c2f,LEGITIMATE,test,1656
1725,c22c1889cfaa1404a002b2017bec12866de9bc597eab2de0e61276490db578b2,LEGITIMATE,validation,1283
1726,565d23061c436c6f62215280f8b991829120e154817fd04bfe142d84c5b6261e,LEGITIMATE,test,1657
1727,dd45b6082e696aae2d2a1932593e88494f9f7f5dd855b295e5083c70fa0b5bac,LEGITIMATE,train,1658
1728,1244b898342abb058c5fa6484105487933e486f5d53ae4cc5dffe9704dca7d14,LEGITIMATE,train,1659
1729,2bf24bf1be43ad38aa10fde22cda54201ce5438caff2b0678f654a24d190dabf,LEGITIMATE,train,1660
1730,ef8f7dee3223ae53dc68efe5bcb399fd5f2bf670ab87c60b71ddc25deffe3e55,LEGITIMATE,train,1661
1731,61466404b7a94796e8856651f41872dc3aac22470d25bc6dad617dc14b7d8104,LEGITIMATE,test,1662
1732,2ec633ef8dcf8bb5555d1d1d3b6fe29dd1c57558d66e22d9e8ae7f98df67f8b5,LEGITIMATE,test,1663
1733,b73eb6e2fe90bd9667c181180e0be0bbe0739d7962c5e7414c31e848cb44c2aa,LEGITIMATE,validation,1664
1734,a9f33531181bd7762a15fc50493889782d58cd5537ee045d537fa83d231a707d,SPAM,validation,1665
1735,d3469ac465e4865de3a7f44ca664828cb1201ba19fed90941bb1daf4857b1b60,LEGITIMATE,train,1666
1736,8c7b74b849bd3a5b28800bb1e7772ca97f1d461fd7950a8aba41c5fdfec2a9b3,SPAM,train,1667
1737,ba4aa077a0c891bd783751b5694d1c17fe7b35b76019b3e712ed906b8a17d801,LEGITIMATE,test,1668
1738,828ec1814cd5bf6def0f5b6c16e063c3f29727d13ba6127c6fec07e5b8dee4c2,LEGITIMATE,test,1669
1739,d0e4945946329eaef68fa9f399bfe1a4ae37c0fc8ab3ab57a6aabc6d19a3348e,LEGITIMATE,test,1670
1740,9590a82ef2992719b024eb10b9ef7394ec1c3c71cb36be85be246c8e71d5f729,LEGITIMATE,validation,1671
1741,e4d8beec57a3740682f365c8ba4b1ab1bcc2980f8ec915a8714d86a358342aa1,LEGITIMATE,train,1672
1742,85d75a3c2f3edaa34263e9d452c3801d7ed215928220cc2acc954b1d24407c9b,LEGITIMATE,validation,1673
1743,2528f560335d557fc7d60ec9340bad79dab82b21c46514e2f0ab180e58cb419d,LEGITIMATE,validation,1674
1744,34dff13fa68a3650632f4299d1c0b4e8e666228b715f0360cd61fe5681bed937,LEGITIMATE,validation,1675
1745,01e6fb6c87af2bf7eb563996a5d30bb6e84320b6c143cc909f6e5a3428e834b5,LEGITIMATE,validation,1676
1746,0cab90deb25cd6c227662adeee0d2ed9d58ce3d4cb3e2705b2c78fd2a4b9f6b5,LEGITIMATE,test,1677
1747,d55b955be4d90c2a75782496a119cc3dfdacf62105b60893228036356ababbb8,LEGITIMATE,train,1678
1748,6ce614aa068a1c8ed14050d692bea11b81b9ab5a4d2e8a38ecd6b70df9ff53b3,LEGITIMATE,test,1679
1749,9914d5afee368ba2235f28a9ea7e4e2b2332169fc00ce6679f16444e58adcbca,LEGITIMATE,test,1680
1750,aa4092a927c38da82440c59afa134da41ae7a647a4ebdf1bceded4247fdaaded,LEGITIMATE,train,1681
1751,266175b613c87c5037229791cb5a9dcad99c1ea0a96fec1cabf6d6077ba6a576,LEGITIMATE,test,1682
1752,3663f05c2d8e625896fe2f830b57f3a226cea3262fc1b546b3096df85fd4bad3,LEGITIMATE,train,1683
1753,3e180168100ae6523dd84477bbfabcb37417965ad94d438de12fdfc76f6c8d21,LEGITIMATE,train,1684
1754,0e147e5c2ac32000aa894055f073ce9527c8c28119e65871737318b6daaa8801,LEGITIMATE,validation,1685
1755,cdd372586cd75afc65d51fd35c92859dc0984ecffb232b683168772001bee7b7,LEGITIMATE,train,1686
1756,3e36b9225b1ad265d3b3b7052d6305da0c82c45ab6b78c2132ec41b944471d25,SCAM,train,1687
1757,185e072476823b42d89a18017530790dca7d550310b0756075cda63fcba950e5,SPAM,validation,1688
1758,02c9e26363b37b93c974eec6b20aa9d66564d41371db2f6ddb902099339b3cbc,LEGITIMATE,test,1689
1759,9efdfe8ddbeff2aed48aa0dc125f745e762571db7756e51bbfe630b5d23343c2,LEGITIMATE,train,1690
1761,0f7cc12cafa70a67260ba1e6666fa6bd31ecbf8fadc2b145ae553abe2f368962,LEGITIMATE,train,1691
1762,f0cb3b3e544e7f4fda0cf4ed7678b54ffd0cf0314c17b00feea9c2c8a27580fe,LEGITIMATE,train,1692
1763,023726216e1ecdea69d2b272610e804814d203aeeb841cead608172ceb982d20,LEGITIMATE,train,1693
1764,29854c3ea4b281427b4cffaf70ce0595682a36da24832813cdfb309ce2900884,LEGITIMATE,validation,1694
1765,ff0a9ac23374c874cae009058168b36bd2fa359d8d10911f6b1ca8228c5550e5,LEGITIMATE,train,1695
1766,bc0660ee942e29af7605dc598dfd3554dedc2849dab2e141500c80d1e47808ec,LEGITIMATE,test,1696
1767,2484a7bd991a058eadc0b81ab42c7142a074bdf878909ea52bbef6cac76f7fb6,LEGITIMATE,train,1697
1768,dd3d516842dd518816882a94f634ec421153ab567ded331f428b3962372183cf,LEGITIMATE,validation,1698
1769,e1741f589fd787bba05f9d253f484080fcc91fa6da68671989fd8aad0838aea1,LEGITIMATE,train,1699
1770,f4fb812caa2cc2fcf20457c14d3c1d969c6f93411b03a68c2fd2a19e0f004e3e,SPAM,train,1700
1771,4fb0ad24371fdd955ec2349ed3f9666e2e1a298e8d4e843a41a5e7bb8752ac32,SCAM,train,1701
1772,ad219efd91ef4c5bab2ef26cc4b3fff99348d28824ec167dc1ca0270d7ed82a4,LEGITIMATE,train,1702
1773,aa54e789d9896a8a4a67247effd19a2f5ed0f1174071a75b5134d6834c879be8,LEGITIMATE,train,1703
1774,dfecb86061fa497ab02c6b7d39827d50e20a8055cf92dc01d41cf97bc9803b49,SCAM,test,1704
1775,504dbe4a8adca989ed2a5183df6c183f5a53ce4ac0f6f9ccc475353a0082289c,LEGITIMATE,train,1705
1776,d24e2c5f779cacf88fa019d9482d84b6726788ece006924abe1589fbecdba2c2,LEGITIMATE,test,1706
1777,d6ed26bf0c9815320cebb0e4cf4dc29df83a242612e6ef72d285627eb4aa7821,LEGITIMATE,test,1707
1779,b2e2bc807a03e5a42e0857fa21aa3b4e1e95d2eac0b299643ed31cf61da83140,LEGITIMATE,validation,1708
1780,aaea5cbb715d2270cc4e054951fd59e00ba0bb3b8fabd140eea623f1e3eff627,SPAM,validation,1709
1781,9802c99a6d61d35ef4eaa2fa3553d423935f89ab05a5508de28a057a91da327c,LEGITIMATE,validation,1710
1782,89203b07b7ef9d96247d0812a91f8c37139aaf27ab308480dd499ee40c376a3a,LEGITIMATE,validation,1711
1783,2e9687c6d6ed4979ed825637fa1841dad9dde17cafc12b2079fbe358a752fd8d,LEGITIMATE,test,1712
1784,dcc7a4c9ed9eb04f2b9bb54d48208395bbe2f64c6444f1827df7250fd59df0e7,SCAM,train,1713
1785,8d70044c40d97bf0b423ca87bbb14a79187d664138970ca0a054d58bd3ea54d5,SCAM,train,204
1786,3c48bad452dce903fcc67c1bd79ae6825bdec91411361013a4127d338723f9b1,LEGITIMATE,train,1714
1787,9fe846c1362eadeddaea72b368860220861e8723adfaaea2a09e7d04ccdcf342,LEGITIMATE,validation,1715
1788,e40e99b4eec798ea180ecf77e7d60c25fbb130d66f3fef11206638c2fa8402db,LEGITIMATE,validation,1716
1789,e7a3e1393151f6bcd3226564188d68cbb618722e59baee60d99eba2c850187c4,LEGITIMATE,validation,1717
1790,c5c0fd88fe597b38a3be5114e4fe525baba921da231de5971c2cb89039816ae5,SPAM,train,1718
1791,10d5a7de15c17bb79c9b54c20f46b33bc52fb78c227b1486212cd34376c43734,LEGITIMATE,train,1719
1792,3e6fe93698722d8f39343f32d9e8891b3882b001083db3574e7a56e1df0e4241,LEGITIMATE,train,1720
1793,cbf3be13dfae8c367f2d40e9eb751771da4427a6c7c5dc8b780dbd39fc369809,LEGITIMATE,test,1721
1794,109b1dff58a1906fa23a53acf1867c0cc21d09463a986904c6589f93b7fdb8b0,LEGITIMATE,train,1722
1795,8fcd0973c5315e0a5a51d96d284b4ac1dde9d3623a138e951910d80e867bd6fc,SPAM,train,1723
1796,441679c9efa87d54d3af16cff251c2ddfacfd8de26b2914a52c344759e558f5f,LEGITIMATE,test,1724
1797,fb7f33b1c58cd03f0bc83e619b0ec966da389a8fb9c08173afedc919dda24d25,SCAM,validation,1725
1798,5b28ed0b85b0f31a66dcea5bee856a69e2f4b2ad4fc5f63d7893d3fac323f5a5,LEGITIMATE,test,1726
1799,6186849a19a8e9494671768893e34364eddc7c51368742f28f5c162867193f2a,LEGITIMATE,test,1727
1800,8ad9b5651a405cbd216265c3c849f99019667cab0479dc647004b6d09e2ecd07,LEGITIMATE,test,1728
1801,94a1a4cc8ade151498a7ed87b05ab63eba9aea5a13934a891a2a26f845a91fb1,SPAM,train,1484
1802,949eac618eed79194add8a44b24158df6e5c5ab43ebdac465ae532e4551a887c,LEGITIMATE,train,1729
1803,3fbacc3e15272314e478ede813f4f1a2a2459c5eb3071d107a311fda8f56ba51,LEGITIMATE,validation,1730
1804,ea6c20bd64925699f60e78d7d7b3dd350dbdce967e3050f2ff28ff1fb0fac638,LEGITIMATE,train,1731
1805,cb4ded43911cdb22fe5fd2a49abd652f57013356b9711d9db673021157c4abfc,LEGITIMATE,test,1732
1807,ad20625c4b13c55930de8649b424ddad1a91957cdf5ff4b6ccc20960527d0a52,LEGITIMATE,test,1733
1808,08000af1856a976f864d22bb9a0c08a7545d49c78112cf7809dedfaaf5f9e911,SPAM,train,1734
1809,c53ff0ba9c875cf918cc17a6f482f4f236e50306efbbca57b94109bb2d5d5ce0,LEGITIMATE,validation,1735
1810,6decbd40cf9b04289be052043d5d54f857dbc6002c6e2c472d9bd4872f6f317b,LEGITIMATE,train,1736
1811,9d92ae9eee6730e1e7f119cefd8b8747d90c30cf8d969f6f590fccec875c71d0,LEGITIMATE,validation,1737
1812,1e356501638ea77218210259384620c6c79735c7bc1bf02c7d939bc6ffc96205,LEGITIMATE,validation,1738
1813,f7d526f8abcd0230551957bbc7b25e953fb61e6f3e3174f073f4683128dc9a2a,LEGITIMATE,train,1739
1814,296a31ff05466d78e9fd4bd9482192c958cd42626a29d04956a9130dd1eabf8d,LEGITIMATE,train,1740
1815,f8f0ead7d17e70bbc2bff118019346a04179d67771a4423967af38beb4854f19,LEGITIMATE,train,1741
1816,8896c18335f05bf79f48388ae7d3e272a6ebbb4f5c2f4c652f3f44a5d87f7142,LEGITIMATE,train,1742
1817,0b4b8bb479f8fa9f94f2da1792f4b1bc1378cda2942d5aa6d191d3c79e23b4c7,LEGITIMATE,train,1743
1818,3c5fa52348b325d8fadb9148d0d03b3a36b1e73fc9831e8af72d3e87a0b14a11,LEGITIMATE,train,1744
1819,a8d116a36f8cd73e358250dfe83e223a4c5f965e6defb244b066b0323a45ac4c,LEGITIMATE,validation,1745
1820,b991aa20b2fbcd2d4b866983c28d3d17845ad7b7473feb77070661867f885fd1,LEGITIMATE,validation,1746
1821,d9c20bcf398b314b19eb3898e35d44fe570184808347b4bb9d3f58560a46b272,LEGITIMATE,validation,1747
1822,083fa3ae40683d11d3bcac999480d44e02bd240e625e92af8360816528430d13,SCAM,validation,1748
1823,4cbde2a7d812698864d366655ae43d4a725b9df2c33448a6e794566a65ca0dbd,SPAM,validation,1749
1824,48d9d81358dad2b89ab0072939de9bd7a555cfc364316bcf93cbac4def7911b5,LEGITIMATE,test,1750
1825,45b6bbb57dd5d3a9fd359494d2cc31251cfdcc78806fa3297af9ef0b1700d0eb,LEGITIMATE,test,1751
1826,e4c47b3c549728c2b67415cfd8e806a3b0361d4456d755b583e7403e7c74c337,LEGITIMATE,train,1752
1827,8a99773042139546e648be3be7ea96f63fe334cada842e714a50c6e6542563cf,SPAM,train,1753
1828,667ed11b22e3d1d329f70d74e57c2999e97fcfbf7c6a5a81702c6aebc9ac708f,SPAM,train,1754
1829,46e621168cd19a5ff96a5d0215f169855428eb1c41a3f9f0b8a4cf2521aa85cd,LEGITIMATE,train,1755
1830,cbd537e6fbc6b6108393f20b9648b2910d0b766991fe5951168f81e5b0882a05,LEGITIMATE,train,1756
1831,0c18cadfd3471b158a732ffe78f1a9a44316b049013bef52c332d85746b8c1b0,LEGITIMATE,test,1757
1832,a380d193346154de27f4cefb004918ac9c77a84564de73fddbc1aa91f478b175,LEGITIMATE,train,1758
1833,e50a2a92cd62e890f4eb68657e25dd872e7a1b070938db0badd6f6d0228bc583,LEGITIMATE,train,1759
1834,41b5839c5774b14aaee8c8716946dd9fd9ea2cbf6ac290ff4e721ad9783d1d14,LEGITIMATE,validation,1760
1835,a80a66e5b3fa850a72afe12ddcf638c6fd6a4413422373cfa23924dabe39c1c0,SCAM,validation,1761
1836,c2a3e7d24cf23781dd4c7cb014fcf67c21be2ae5102b9dc46e1076d6d1e9f3a0,LEGITIMATE,train,1762
1837,3b4d183496e869d7fc2c5377b10a26b7dfdfd688c3d11e9fdb23705551300eee,SCAM,test,1763
1838,98188b498b9db0d6026877674f9c3068e079b77e01a133774bf1bc511bb25d11,LEGITIMATE,train,1764
1839,e54b7c5c981b65448643aedcf36a3bb91186f4c920ed384f3c247ac84d36b850,LEGITIMATE,train,1765
1840,d8e4320a9756744b2c45ddf8d5d65761eb4fefccd52c71c75acb2fadf175cbeb,LEGITIMATE,validation,1766
1841,1b1084fc6a215473bf22ae8c1410d1a670e1f36f19817d8632c08b80999d9268,LEGITIMATE,train,1767
1842,8a5b6f4c50b7d82b9dd869c7bdc5195822556aff7a41bd440636a48b1b8396f3,LEGITIMATE,train,1768
1843,cea696fa0da8dab27bc83fbaa5b2b699f2f663e43d43f7c74a81f97ed8c8c56a,LEGITIMATE,train,1769
1844,790b7a40f9f058f0e6b39bfea421435432fc40cbcdeaac23876a65d409c61adf,LEGITIMATE,test,1770
1845,551c4c834bf4a5e69981ab867ca719df9be89714407d847daabaa52f9c598846,LEGITIMATE,test,1771
1846,d2116713d400172d7f5aa823f323eb6dbaf219a7e4704e4ca45c5d6f37989364,LEGITIMATE,train,1772
1848,afbe38373b46776be824ee0d823cd413176bd41c1ae58f19c1e92d080914e22e,LEGITIMATE,validation,1773
1849,98ec82b9d1dd99fb15e04e7bdb9b58306ebaaf81102fe6b25acfda4aa5de4ddc,LEGITIMATE,train,1774
1850,ea45285e53be029ce0f854e2ad641602c0100d3a14f54ca1e82c34cf9da236c7,LEGITIMATE,train,1775
1851,4a3f2550f94e23bf0ad0fd2371dbd6f37bec99821f5e7289fb4034f374901692,LEGITIMATE,train,1776
1852,323501d22364ee32a4711e90efbd8f011aae5f9ac37cfb1c52377d51deb61ecf,LEGITIMATE,train,1777
1853,9e0a1960fef29df9793576c21fa19cc88a2bf9458be7c83c357ea2079b636c24,LEGITIMATE,test,1778
1854,8f41a99eb5b8ea63f34d2f0e0edfe9044df3eb0ba059a07c85e503f1113fbb5f,LEGITIMATE,train,1779
1855,e6a6a90cb9ee8a58bfae8add602cddd929184c08a3f8cc8952fb7f7f92c77ef7,LEGITIMATE,train,1780
1856,e18aee9318300c1ecc4dbfb3b22c8ce2a040ec1afac3097d04bd08c79f21725a,LEGITIMATE,train,1781
1857,d01d805dbd64ce8507fe93f1fac619c035e3448faf3bd4339ab687ae3da47474,LEGITIMATE,validation,1782
1858,4ace22204a8f1e7878720b1be1b9d0adff6641fd0a2c0d9754a1ada70b3784c8,LEGITIMATE,train,1783
1859,ae04047e492a19bfc3fd1ac01d7f4891421e7785d8b859b3ab7fbbeec10f2c4b,LEGITIMATE,train,1784
1860,8d954a964c8b84900d9ee3ae1759500e0e608051bd0ea1bbc36e1345f5481f08,LEGITIMATE,train,1785
1861,8d95b1e48927396375b862da82d57c88f722033c3ec5d9f81ecd70ab8e042624,LEGITIMATE,train,1786
1862,5153160aaf18664c5a4a6ecfe49f29fd57e216caa042eb5e7f8aaeac55d16690,LEGITIMATE,train,1787
1863,34ea67114771270349cd4298714069f5957e859064303579e38a2e235667fe32,SPAM,test,1788
1864,9a2156bdae01c5b3a4713b8eb95c7c604c319fc819286ebaab255816febecffb,SCAM,train,1789
1865,99409fbc41902f8fa79892b1d661fb30224162a5d5f46c4420be1e9b17019ef2,LEGITIMATE,train,1790
1866,ab8a74c413024f9d87061eb0dee045ed3c6e141573c89cb041aadbd62c0e510f,LEGITIMATE,test,1791
1867,4246119cb7c5aa529c2745c121b80ea52dc65534f2de3e0baf7683bae97aa981,LEGITIMATE,train,1792
1868,1a5dbbe8f648f7f2b3daed0b8677babcde39a43365a442cdcdc6ce9cf9e019c4,SPAM,validation,1793
1869,a415d953d85517c1ccaa598fa551fab00534955c2516e6a8f8c00963aa2c7534,LEGITIMATE,train,1794
1870,e03b22971657256074b656ffdeff2143cc79c85090a836ba811838a3ba7ed81a,LEGITIMATE,train,1795
1871,98f146b3a9907508255f4c1b439fc2c517fdca21d66d9a268aa79df42546bc9f,LEGITIMATE,test,1796
1872,83b362a422c91f63555e7a041190600eb7747708fa0638f2db4ca121dff23282,LEGITIMATE,test,1797
1873,78778736cbd380a705f5a39794c648e9461dc97011b5df9d541eb327f8b37d97,LEGITIMATE,train,1798
1874,a527c7647a60ef95050b3782eb9cd9f6241ec7060ddad1fbe86cce7b91f9a16c,SPAM,train,1799
1876,3e5a3857c10b5be26f1204d10cb9185cf7241f0a31c4e69cc61076c9233c74e4,LEGITIMATE,test,1800
1877,fe7a6d52eda6a788f8e2fc06df16aece0124594e736a3b65b371ad9200cdf921,LEGITIMATE,validation,1801
1878,831cdd3886156ce20af60dcaff62f9673b4b8c24334daf023c6059dd63c08c0e,SCAM,train,171
1879,439028495a2be3da6fb41480901aa56d49c16a388197c3b1ace4aa24155689f3,LEGITIMATE,train,1802
1880,04cabd0c30054d3f485f182ebfa36c018cd4b9e96b40f38c2b2b578a8b70bcc2,LEGITIMATE,train,1803
1881,0644c9ba47d1dbea6345d83bbd6646a215727495c92081795b23a0c619c65e7e,SCAM,train,1804
1882,f4c30402411ea8394c731ff2fe03c6af319a74abff79c48f6e0100871ee91d43,LEGITIMATE,train,1805
1883,f81e0e66cf5e5caf8c5278778f0d101e857c9bf44444d5d71f006510f3298117,LEGITIMATE,train,1806
1884,085c9d1d9f0dd9bd785e8365f15a86bfe3c81c2000de0dad28760680b6b028f2,SCAM,train,1807
1885,4395913d91ddf066a5326be3b99b4766e76d94ed562e4d82e05999efab2204bf,LEGITIMATE,train,1808
1886,7adf94daa2a8e9809e0a0a23fd14fedb754a472a18bb6e83ac4b2d4dd77da6b0,LEGITIMATE,train,1809
1887,3cfb952ea0b92360f325b4b746738f64050a21f1a2c49d1301d4c95ee475cae7,LEGITIMATE,test,1810
1888,8bbb80ba359c9ae7a7c3bcef09ee8b951f6454285344332658bbb0cff149ed4a,SCAM,test,1811
1889,6873d537a14839ab38cfcf3b07dea2452c43523868321bac910a660ded5a1d06,LEGITIMATE,validation,1812
1890,8ab88dffba12d14492d411d4fce695cbd0b124e1b8aeb61c6f8daaf7f5978073,LEGITIMATE,train,1813
1891,f16f05b3649daafd874e7a981e8ad9272cde4a99b21f35a15d2783f2d5515f05,LEGITIMATE,test,1814
1892,55c1ffcd0004e7c4ea3852a1ef8d3298eb85c061e4a3f51b8de32da8c89cf7f6,LEGITIMATE,train,1815
1893,15857e89468176b478f18e2cfaa54caf648c68ef48faaa1c5f95976902075acc,LEGITIMATE,test,1816
1894,30fbf43cad485299e61ef1598ae6324f7b0f184b46cb40f983768f8c0293bdf5,LEGITIMATE,train,1817
1895,212477010507db6dfa709d349be8a2e028ae3e7af2a14c05ab3dcb55725ef73a,LEGITIMATE,validation,1818
1896,6ec5cbe5d6b581cf9c941cbb328656202f8d22c14ff4c710fb24ed219376d9ff,LEGITIMATE,train,1819
1897,cbff6339bd07fc75d4fa7a5c0d2be0db7d0293a37dedac533da0acb66fd35612,LEGITIMATE,train,1820
1898,7a6c53c75acaaba0eb14a439fd07e8d3a143185f02cfd446067eb360d7b87958,LEGITIMATE,validation,1821
1899,37d5e1105b637ef40cd081287700797843a5e2415734ffc16edb925547d0fa6f,LEGITIMATE,test,1822
1900,3e81fc00b268dd69568d86fb2a74f5f64dbd9b30e9f042dde19d1eb016b057c5,LEGITIMATE,test,1823
1901,24a8e9c6064b6ccd198ce780ccc55197f03a9597f2f4b42d1b8ccb009068ba29,LEGITIMATE,validation,1824
1902,842a44c6ed0511f08a591f5ccbe5301d19facd1aa5727a1fc60a544a00f359f1,LEGITIMATE,test,1825
1903,75049cc389c696a3f343bf1413ffeb4bfceba53fb0070c59208c81b2bb6d4ba0,LEGITIMATE,validation,1826
1904,0a0696b6e0ed82378a485cfd40ab1e10b8ac9464d0ebd64e4e0e4babf30639fe,SPAM,train,1827
1905,bd9972799d7db75835f85d0b8a2964360a60433a0f899ebf9e17f5f4933055e3,LEGITIMATE,train,1828
1906,88239cf9a82aab116a160f9f90f23cf967ca62d64ab2aee51b999ebcab3b8fed,LEGITIMATE,train,1829
1907,cb1d3b5c64ca5909c612518c4967952dd29bcf903e228f3a1fe8f3e3fd695748,SPAM,train,1830
1908,d9695ef105baa6a69e63f1b5e2dc8dcbce243ea004bc58e01a85c746e568ab5a,LEGITIMATE,validation,1831
1909,05a87fa60782693f6fb73c88c32fc35c243eb953c9ce39a46666ff0b197be01e,LEGITIMATE,test,1832
1910,2e524732885ce1c6a8b390f375c0b14e30fd2d272b9679a449335bba91a0c044,SCAM,validation,1833
1911,ca8d123392e2198551c40748076e91f3b244818cbd7e16a10fe738f03d4bd134,SPAM,train,1834
1912,e0dbcb0cfbd633e58ae820e373deacf462018623fa53dc4c057d16e2feee60e4,LEGITIMATE,train,1835
1913,70cc61518b0b786d09f7c71af9ef8b6b920cee34c270c5efeb6b40c6efbf0bf0,LEGITIMATE,validation,1836
1914,64b1daf11885d65d081971d16387cc6f5f37b9d6b14924b822423c50fcf5df3e,LEGITIMATE,test,1837
1915,0489cde2ff5dc9051704ca2f708ab6bae3520b8df369e2ac5987a4e3c3bee0ec,LEGITIMATE,train,377
1916,54baf0190256baea26e5a243e268b447ba8c09d0a860c853bcd2096a323358e3,LEGITIMATE,train,1838
1917,f99677fa529d52e4cc6826c4a6d867758c7b1fbaadfa167e5b2c13cd7bbdd08c,LEGITIMATE,train,1839
1918,5c5de294422bb37748efb9726f91a67e9cfbc7c7202493af0c9d5b7d900020f7,LEGITIMATE,train,1840
1919,f3c1e6c701a9fd31d70e772b2089f80d5b5544467a7b72a9ae1feb5c30954555,LEGITIMATE,train,1841
1920,ab74450b3118158f447a0175baeaa38b4215c7bdaf1696778ed9960116906dd4,LEGITIMATE,validation,1842
1921,812261b1ba1a9c0a87fea0eb7911346be737ad8327cd7cf6f223215ec8468070,SPAM,test,1843
1922,f7b824cf014ebd6aa2285f933d5873cd04690a0e581b53e1dd57f3a2ee6d9b56,LEGITIMATE,validation,1844
1923,50bca91756d3d92351d9c87c5c6c65c547a58d39150881a67d692d5771bace44,LEGITIMATE,test,1845
1924,0e6fb3dee358a7aa9823e5416aa680703fd72c4c0ff50234fc850cdfcaa8d6b8,LEGITIMATE,train,1846
1925,ee17fa820bd7eb8aa5b737c44c9cb42a338c3933a2391ff7b9cbf9278cfc2180,LEGITIMATE,test,1847
1926,f693530a16f7d28d59c73d961e033f98384f8ee37c204f6611369207d46c8a12,LEGITIMATE,test,1848
1927,882ca1d22aac6cb378491b6dd044ac24d647dbd5d219ad6c333d36ed00309b23,SCAM,train,1849
1928,c7cc56211558edc93408163acf5a8b7e703d552e038d8cd21d1ab40a6728c851,LEGITIMATE,train,1850
1929,8ba3b79dbbf2ef15120693a89015d8e893451437e9e7513000097881048b55e6,LEGITIMATE,train,1851
1930,d770fa547372db2b9c286c53a56b8130bee49d03102453826e241c44c3247003,SCAM,train,1852
1931,66efef4e451899e9a2b2ed31fd9ff8b886c28f97c065e85bc2ebfe757288a1df,SCAM,train,1853
1932,f2a484896f8a358eaf981709b7ff1acd7cd6d57e00aa9499212d726ca6745514,LEGITIMATE,train,1854
1933,56d70210ad91cb553b01c8dc53a2b2d58bf0599dd4489720afa58b01cb1bd4e8,LEGITIMATE,validation,1855
1934,14bb9a7aa61322b943c6461015dd900e5fc770f261916cb496a0af9232f7d4d6,LEGITIMATE,train,1856
1935,a2bc615610e21abfe1e518de01a3dd918843939d0f75b7c7b7880839ddcfa9db,LEGITIMATE,test,1857
1936,30627cba17ebe29e4e451659fe8979142044eb50a2c82bdbeb8fbdb0b3254a24,LEGITIMATE,train,1858
1937,a550808baf22a2494e0e363712a669f9d3427cf8a0b78a7b8055b0dd08c8a1a2,LEGITIMATE,train,1859
1938,68a178070fa6c63d4f48c46ad77b518b81b341e00b0acda1e5570e576162c3ee,LEGITIMATE,validation,1860
1939,cc86c3c05068d682e03f997c8fb0aa36b1af17af3a506b4ed18b5bf0819f8a17,LEGITIMATE,train,1861
1940,9a0a11c2c7b875f63427d19c020ad601c4eb77ad45b68044c8266bc428977e2b,LEGITIMATE,validation,1862
1941,fbab94b43ed086bc9f2b3ae43da4502f019153eee6d3174c6f7abfa66b01cf90,LEGITIMATE,train,1863
1942,5f085a41107536f38b2c8466e972afe2082161564e556e0ad9a21a78cc6d4e2f,LEGITIMATE,train,1864
1943,6f7e25c780a86093dfcdb519ef2d47be5b551a50f9f3ff044039d29ed81af9b2,LEGITIMATE,train,1865
1944,6c79c2528ddec1a0ebf64264c1a414700a27d9b66d233985d8dfea606d970cb1,LEGITIMATE,train,1866
1945,354185e52e75ba8f5a10646e75083eb10e09307a9914e74193ecafeb3e56823c,LEGITIMATE,train,1867
1946,301f4eda1f3aad26d2f3e6903232071efe8838aee51c5c403a2a14f61fe8c546,LEGITIMATE,train,1868
1947,88d0fd64cd6f4779aa586fd0c26d7980635b3a199d501e6dc023a91404af37ea,LEGITIMATE,train,1869
1948,d093ed02a6924d405788a442d14f45e5117cf8338d5e1f73b4508ed0467aff0f,LEGITIMATE,test,1870
1949,0eae69b2cf61da7dae4d7983173a62ea2a7c7295a37ebbb27e65f0e27267979d,SPAM,train,1871
1950,3fab7d9e8413428212695a4bb2dc48454b92817cf9c4a41e00daa2c6f03ab6b3,LEGITIMATE,train,1872
1951,9cc0415a33457a7e372c3fcad82f23d33d59043b87969c8d530c91ebb2386905,LEGITIMATE,train,1873
1952,80230ab16651e83332f202feffa9162c945d9cb32f323a82d7292b5caf57ffcc,LEGITIMATE,train,1874
1953,0ccca73e062428f8e4fc21a518cc4eddcabe53493477271d6065fa7642a7b133,LEGITIMATE,train,1875
1954,d40d653f38a792c76144b5c28c83a8e0de07aae873d98d5f2fb82598460cd871,SCAM,test,1876
1955,f58bdb24ce6bfb286259e9691d8bd0538b9cb54e634850594c0e6522db37b04b,LEGITIMATE,validation,1877
1956,d4862dd224ca7119608e7579535f8bf48fbecd653478267a0b6fc5007da1a5b2,LEGITIMATE,test,1878
1957,da6113240c2280188adb205589d3f362cdee8f1e85d3145e9787963d283f8fb7,LEGITIMATE,train,1879
1958,7edccda69199b4bb6ab6932b87df48a1e7b850a88850ae2f16f170cf694cc637,LEGITIMATE,train,1880
1959,e3a3fa7181677b4081ebda868056429b5fee5d180c18a97882dd34c99dbe8709,LEGITIMATE,train,1881
1960,6685fa507f49ee6c92bee66942c372c3657840d9d7d514e1964159dd6caec51b,LEGITIMATE,test,1882
1961,5718c4c37cd4caa63630b3ee2bc5f706e243d7154d8d0511185cbe7723b13951,LEGITIMATE,train,1883
1962,89411ff109c4e278c53a11ff4efc0fe9cd6f2263a4f624a0d9acfc84bf83021e,LEGITIMATE,train,1884
1963,630d4a7a3aa18e6166c95702c66e01a5477d94dc8bee84644f111c2371559fc4,LEGITIMATE,train,1885
1964,ba3968ccd43a2396cb0345b07653f258eb8e30c96ec7e3a94c7c4b9619c462aa,LEGITIMATE,train,1886
1965,9a9332a4b0dd8c3a08bc9ef03cf68e8c83f8944b0e93423c7462e2f6a02b7d2e,LEGITIMATE,validation,1887
1966,f306b1909aa7257ca1816ecef1427355799936730be4537fc8dcd4fb77a70b79,SPAM,train,1888
1967,bdc1fcf7f4f12fed61916e5a5be3827f901831bbb65f7374e61154d592f1e236,LEGITIMATE,train,1889
1968,5b0cb9dd568a126568628adb3c6f3accdfa94b5c6c11057203ab9f9dcde03d63,SCAM,train,1890
1969,d160418a48e271c0ce0335ab392c43895bc130780d30a969aa975992cb5a16a0,LEGITIMATE,train,1891
1970,ff8f46bf7c589a9d5628e27de19b20222649aeccf03dc359b5388ee6385fca02,LEGITIMATE,validation,1892
1971,ea53b5e6776caa5c609c483baa1f24e9b45dc4160f6eef111a83658ed73b55d9,LEGITIMATE,validation,1893
1972,441f0bb5957bf6c4e127701e1c4360107a37722dadd4bf2ec313d244321fde24,LEGITIMATE,validation,1894
1973,73ca2aced0bce3b9c3002cec4118dec1b413644a97f8722687545144a857d015,LEGITIMATE,validation,1895
1974,3223ab66028de8d78c218477f33f5e0d5d68f83e2ec338d8b3c9f41f89efcfb2,LEGITIMATE,validation,1896
1975,bf655619d3222e0a9074eea315be6c9a78e5019706af2e732bee94a6893f93b9,SPAM,train,1897
1976,40340d4d4976e44677d3eed9aee8d7d47fe9c1710513c4347050be9c69e23344,LEGITIMATE,train,1898
1977,45c802a5e91bc807a6fb09ccc5b31831e1d598e9f2de0471c9c0ab66119fce74,LEGITIMATE,test,1899
1978,4f2c6a45c84ed935300a2ce8820bea46709212f4bcb1932e6bcdc4a620c6d964,LEGITIMATE,train,1900
1979,48fc0abb47d53f7e68705886537f5c0ef380a2459612bf3575150ef1216df4ca,LEGITIMATE,test,1901
1980,7771c2ca79fffb10a6361a61b78a0ec1602ec4c815b99c59d537e01b549990e1,LEGITIMATE,train,1902
1981,3bd1edfc50a75bb044d41b4ef9ee49aae43797a93f14543f53c0d914e2c06041,LEGITIMATE,validation,1903
1982,7717b9efa098cd1916ff51b8f3a63ac77415fec7e3741fc63f0146b000e5c3d7,LEGITIMATE,validation,1904
1983,d126a59f813a138926c5596d1a0113df063b4a461e8f077b8eac1f5c958917ac,LEGITIMATE,train,1905
1984,d1b9a9234f32af36a6cda869542f9cc8436e821a22c9c60afc7e1a4090b12907,LEGITIMATE,train,1906
1986,4326c7ec6541a6e510cca9e5da9b94181e8560ade709a115332d7548d715405d,SCAM,train,1907
1988,a9bc7e8116cfaab37ff0431a90b6499087ebc1b274082c9e6ac916e7ee60da0e,LEGITIMATE,test,1908
1989,48aeff4be5c09eb3e47b5d27ba9894800eb17f5686c4231fd53a7054f3f690c6,LEGITIMATE,validation,1909
1990,9204ca63d1eaab823375587710ca5b54519da21a0cbcfddf59b13a76a16050c7,LEGITIMATE,train,1910
1991,b365eb368c43be87aea217936a421507317a53af4f9bb340ac2ea7cd81cc0a7b,LEGITIMATE,train,1911
1992,7028d78ef5a655887d5e964396319ffb326dded60e9a0ff601dacdd65598ca34,LEGITIMATE,train,1912
1993,34a19dd7726703fa89fdb52a314142b971e5a2558b2f150fac022d0704e729b4,LEGITIMATE,train,1913
1994,7117017b9cbb491b9af54eda5dd76a47d576348da2de653f458742f7e1e6de2b,LEGITIMATE,test,1914
1995,c0cf25c055622be2a8cc38dd1db9e3d49b3647be40f02595da3da249a680b416,LEGITIMATE,train,1915
1996,2ad4a45f33cf74bb69107bc215870b56da343bf02a532c3ef8fec5b94301eb51,LEGITIMATE,train,1916
1997,b04bd2bc603b613f49d1781ca5648f488e3e1c9c16f7cad56614eb7fe8f913e2,LEGITIMATE,train,1917
1998,76a7984e6d034fac7e64328a117b85098d8f69653ffde9af5a9e63bfcb732233,LEGITIMATE,train,1918
1999,14b4c8b5e510851290f8cb1c3b6f1f22be73317e2b653702a90ff62990601d2b,LEGITIMATE,train,1919
2000,12f2043494a5c40b4e583b275abc14ee3681123ed075c458bc4fcd318e368993,LEGITIMATE,train,1920
2001,b691f40700cdf1aa4cec66f0791b8a10da3cf2fcf7c8fb9e903000266a3c5c22,LEGITIMATE,train,1921
2002,98f1c20d8f90b2e3643ead9ddac8bae9ff07c333eaeb66eb931136c0fc7c9804,SPAM,train,1922
2003,7ce29155e4bec8fbfb86c213e89a499e8b2318c32363750e49ebc14b2975c33b,LEGITIMATE,train,1923
2004,f50e5ae6225e66f6f9df85d4387ec0e7766a3e032b508042ae9e48d985ad9b5e,LEGITIMATE,train,1924
2005,9e577f6394bfeb3a1392f73bc2096d074ee51b7450373f3378125174567909de,LEGITIMATE,train,1925
2006,8760162e2c648c2d64c9abd9e0a087342960af716241030fe5ff48ebf62ec0fa,LEGITIMATE,train,1926
2007,90a27efd8f6829a7f30b6cf6ffaad46ffcc68e97dd9d063ab815957f0ca7092e,LEGITIMATE,train,1927
2008,375472b2e3e8f6e2cddc1be808faf366d06b22bb775452a9a9dbb41a01b623d1,SPAM,train,1928
2009,ceab8b2ebe3fd8b9d7a698da6bd45683b4074b58861d81304d518c8b7c2b6857,LEGITIMATE,train,1929
2010,9d405f1cb111ddd77ac127cab32ad447a9dac804b5a2dad84a3d70f8567120db,LEGITIMATE,train,1930
2011,b094254c0430fe582c4f99e388f91d3a5abf7fa7be274de0a1dc30539209bb25,SCAM,train,1931
2012,57aba10d20755933782be3b8d20dd249cbe053ac4a494da83b75ed9ba35a0dc0,LEGITIMATE,test,1154
2013,3fd2e20a2975298b78e6a13eb42ea6c18939a51549a8b4d0c876917587813192,SCAM,train,1932
2014,943f4dd211408ed03c1a75ca5d53f94601a9a167738708eb20ac6ef8e2b12b70,SCAM,validation,1933
2015,3f1815ddd2e75fb139daf039a4b27014ee5d6b1f80aef1fa58b95848d121ca47,LEGITIMATE,train,1934
2016,8f938ad64978236b5185f773795e7921c0f745a7907122cd98e9a2b207c0c834,LEGITIMATE,train,1935
2017,84a564cfde0d43d5e66b683a18440ebcd4c65c06f26e3c0f4d99842fa10465d8,LEGITIMATE,train,1936
2018,6980c905fcac8af4f89649cb1e8778f35de53d558ec102bdf67ecfc7232225ce,LEGITIMATE,validation,1937
2019,f8ab2c8a05639fecacb2da7c2b3c2a8b3f7c61bc5df60c2cead4291c4d6ff776,LEGITIMATE,validation,1938
2020,9fcb89627329f0dc509af101ec27fb8460f20edac12c38db4dab5650c1505cf4,LEGITIMATE,validation,1939
2021,652c9ab1c87d57c1aedb10dfd6fbe0837299215c1c759529eebd846c942eeb20,LEGITIMATE,train,1940
2022,4468fb9aff2cf5556a180d254ca054cc3b5c7899d02da0430f05f26b818270f1,LEGITIMATE,train,1941
2023,4832e835c6082bc828fa3e51dfbda651dd52061f8aa842d520919b7bffc4c5a9,LEGITIMATE,test,1942
2024,c297bc927302742f7684a70b40d97305d29bcd9cd87fbb05499fc437147063b7,LEGITIMATE,train,1943
2025,f0d91b5028e960b48ebe6eec2d0b7ea1303b5c750b3b1e3398505f08b12cfca6,LEGITIMATE,test,1944
2026,8a74eef7fd2b83110e54d5e4050f7f1d8e44b233ba6cab1c3de1ee7231a5ac1c,LEGITIMATE,validation,1945
2027,9a42885d1e2e6930108d5acb655e4d40a8d9493fb2a8811f381b6702137ad069,LEGITIMATE,validation,1946
2028,f2c0cb4b51890326d9470548654744e38076fd6bc965643e9a0dc4fa6f8a5e5b,SCAM,train,1947
2029,da6046580e5b52e9839bb79a252e9d41de2ab13c632e8819bc3dfc324f1c524a,LEGITIMATE,train,1948
2030,64749f324c2a334accdb48230cdc4bb74dd7c0e4257921263fbc88cd31615f16,LEGITIMATE,validation,1949
2031,5347a4f838b3a6a852a49bb9c2194c6bec95ee5a6b17e6f1ccd5b1b04ebd747e,LEGITIMATE,train,1950
2032,326ea831bca21b7d4b425f8bc566d8593ea0d7fcc00f99191cf22854c8fb41b2,LEGITIMATE,test,1951
2033,8e25b77cfac21ba8779cc0347ddf1ffd341dd6108dc182907f20d50191380f9a,LEGITIMATE,train,1952
2034,9760f248ffe93614407615502e836dfb68dbc560e7154be8a4ee3cebba75789c,SCAM,test,1953
2035,cb91129cf0f0dcea7fd9f28225ed6766b348fe960a8654816e3632fececbc720,LEGITIMATE,validation,1954
2036,0b21fe69c0e905e1d7bd6cccaeef86e6ce66a98c8d105895f7db9c79e2eabfa0,LEGITIMATE,test,1955
2037,32987e7e55a6c3fab981250ad5522a0e3310f9bac1cd8eb2c6d6459c640deb02,LEGITIMATE,train,1956
2038,df7eae8f07006ceb3ce9e190a582170f04a5b7c1e4a9facf007c5955a028d172,LEGITIMATE,test,1957
2039,77ea7d7825ce39b855c1a39ef164a28b5eb6441f22c89d205862c77784c24544,LEGITIMATE,test,1958
2040,344d3c34617def357be37acd30a38a3cc77b86f39e1c7375881b2ecf0949cff4,LEGITIMATE,train,1959
2041,c206c54eb6ca8c3b7ac6c5ee37bf22a390396d2f3be31e6efec53a13a5d44ad9,LEGITIMATE,train,1960
2042,89f770262450534b96badf1a4e204e8f090f913b1593b37def6c6f154c8facd1,LEGITIMATE,train,1961
2043,76c29d4661ec9f8a7aaaad371c0006c8d07ee39c50d9b32e82276199922063e0,LEGITIMATE,train,1962
2044,9d51ff613e925c37b3bf927ad2b8832b6aa6788c079bdc025e11b516ca7e1285,LEGITIMATE,train,1963
2045,4aa72aa14a355a64b89e310666234da25a22142d39c0107d5c5502f870677432,LEGITIMATE,train,1964
2046,d725e7135b3ebd04632f1d337aa598c24e5d389df94a5e995568ceda46ecbd78,LEGITIMATE,test,1965
2047,fe3bf84ff17e68937f18a1aad88bb86694deb97a15ff78abf6ffaca038128fac,LEGITIMATE,train,1966
2048,575d674fddf3b7ffb4c3bd11cc0a42cd099aba4a3a1f8de602105a50e2a7eddd,LEGITIMATE,test,1967
2049,08d71897d2eea3bccc172256a1d0be02025069873b5a22e644ea0d5ff511a62d,LEGITIMATE,validation,1968
2050,918d1264df1c45b09ae73ca3366232231e4b0e8de17b405dfc54bafa999d673e,LEGITIMATE,validation,1969
2051,75f00dbf82001a0ac11a53078fa6833f512ea04b3a1cffa1fb8550620501ad13,SPAM,train,1970
2052,7b2ca7f7560161c574f6a643bd24348c5d80eea93b60f0710f10db72bc00809f,LEGITIMATE,train,1971
2053,86c75f0cee78caf22797b38acf619603d226d02c5963963ad9cf2f23926f47a2,LEGITIMATE,train,1972
2054,c15dc87ed4310f1bafb4b3492ed495eb94a434eb3af6311f6f2b17cc529a73b3,LEGITIMATE,test,1973
2055,00b11e07ae40a69a39b7a690e25188cac4258bfd97ed20e3bdf80973719a32fd,LEGITIMATE,validation,1974
2056,ffce5a110d2b40be0bb314a7b610fde847d14af7e2e991c5221ef89010a22f24,LEGITIMATE,train,1975
2057,3937f58943c7db0e28161b375a2146fe45b07d021bbb089ff1bec1cff6f5ded1,LEGITIMATE,test,1976
2058,806688a3d4d940e3bc244932bf07849986d882ec71a89d8a2bda87cfeaebcf59,LEGITIMATE,train,1977
2059,8119d3cd367bdfa77a243cbf7d73d3b2a2b178c7217efd70434b84abf67bb966,LEGITIMATE,train,1978
2060,a3e271e7c9894d15c1c06391941a783d4cb1d288f068e11a82f52aa93b3d8dcc,LEGITIMATE,train,1979
2061,260b45813a662c7b215d8e5ba0eced66e7d174f65ec3feb88b6121769215dbcb,LEGITIMATE,train,1980
2062,15a9410af232a70d278440f994b89625459e6b7d3f1ff127f0f27b9d8930362a,LEGITIMATE,train,1981
2063,40612ceab3de1fd362751b0594bada32e315f5f3698729796a5266e272f79d64,LEGITIMATE,test,1982
2064,3518d80db2b892cb9220fd08cd9fa2fe9e95457aba7273d1eb101b8084147ae3,LEGITIMATE,train,1983
2065,9948966f08f775f657f26029fb210a7fa1938bff5643bc5274b15c65d9d0a740,LEGITIMATE,test,1984
2066,c2f076d2ecdd04062ffacb55e1139c767b38f987d1d2eefb9c2996856d6a4126,LEGITIMATE,train,1985
2067,7a865c5d0d319e59276afb962973d6d2b3d9bc325b06c9515dbf1b36e9a64694,LEGITIMATE,train,1986
2068,085b3421973ece95e316f90b845b0051c2b2310a4d568cd788b95100fd0eb05b,LEGITIMATE,test,1987
2069,6582247cb4741704f372ea7b3de4761f36d7e257623698d14582bf1810e5e0aa,LEGITIMATE,test,1988
2070,8087e84b2f813930f1127c90cff860811ed4efdb24d712269be5f32051a120fa,LEGITIMATE,validation,1989
2071,5b221a577256e2b183a2f96c18561205208e96c3f9e2b48d26d71db56dc0e139,LEGITIMATE,train,1990
2072,e055853ef645002fc0d2b9e469eb1fbd61ee4a9a6f5a08fa87b16cab7caa8265,LEGITIMATE,test,1991
2073,22547a4904bdfc3a78ee4bad6dabbee4516cda82e12edbcc9d3ab32b5e1b8807,LEGITIMATE,train,1992
2074,3348aeb9ff561e9baae589a2ab02f1135f49bc27003a0f6eeec3b3a9915c172f,SPAM,train,1993
2075,f1e1f36bd1445571821076d955ccd37f0d751cf5f574140eff6767c358d80b73,SCAM,train,1994
2076,09c92fe0ebd4f532298241e462af33d7caeee9f227df0ba4a4cd3caf819e3a54,LEGITIMATE,train,1995
2077,550672f32b6b27ef0a1f0218e5bcd977254618906c74301af89f8919adfd7b6f,LEGITIMATE,train,1996
2078,d85b9891bac5c12d4697d8ad29ea8473c642f186cae1b0addb5219f4f212cf79,LEGITIMATE,train,1997
2079,86f3bca30515fbc944f72c3547a5882c83e871b0c6a43bac5ae987ff5017bc1f,LEGITIMATE,train,1998
2080,2ca93321860a697c0c3b25453de9aa7b93f02ae9f5d2c182d1b4b617bcdcbffd,LEGITIMATE,train,1999
2081,1afe1c206d14d5dbcd21c71bb01207361929dabffca06b1c8594ddb867ab0106,LEGITIMATE,test,2000
2082,dc4731df99274fb5eb70615b888b15eb4b4388bbd0d6c79ed1b655a5d61d0a2b,LEGITIMATE,train,2001
2083,b42d0abcc79a81dc8ba2fb004cb34fe6cd6f71b44d38b7d3334f02838753b3c0,LEGITIMATE,test,2002
2084,472a234378b5d03fbb539feee35c3f115019ddd583e589b04f72bfb96f4c8e85,LEGITIMATE,test,2003
2085,856f5d3eab5b830c5b9fe569cf598de6691534df321e3b39f11e3e84639672f8,LEGITIMATE,train,2004
2086,f7d6f3448eaa2d612699a388f2f62bb1214f3be9e5fc7483dffbb087ab28433d,LEGITIMATE,train,2005
2087,4031366ae20e8cd752ba2d158846c314799d80807ba04fdd930c92f1bf1deab3,LEGITIMATE,test,2006
2088,4ec002c0cef407e622b8aeb75e030c1b197994a5dc334ba3911e9c457fc66da9,LEGITIMATE,train,2007
2089,9329c92b453461960b6ed83e49521d9d1583057b3e94d9f433e79082068ba4f4,LEGITIMATE,validation,2008
2090,d3205338c5f3a9607909a55d35387f134e227f2375efa841d0beee1f4c54b227,LEGITIMATE,train,2009
2091,9c0036990b9f4bd42a45e1da036e383b1286f1909ef0622d833030d54eca9f78,SCAM,train,2010
2092,5487ad34836bb0248e913829f4d0cc175cba5f2d90cbb33f49c76634ee8165ad,LEGITIMATE,train,2011
2093,0125b7d40da4587759dae14238ccdde9e82f82c41904028193832a337c96b110,LEGITIMATE,validation,2012
2094,cf1bf2432e4587b7bd73fdd13c015dbbd796e6ba78007fc0b51272b2916b159c,LEGITIMATE,train,2013
2095,7cd930ac6f20be6435ee7e4ccf0e67376f8b766631909567df2fc1a7039d319a,LEGITIMATE,train,2014
2096,66ab18044976aa1db1f995fd94b810f8644917336fcf420ffd12976a00b2b715,LEGITIMATE,train,2015
2097,b7122ec26b41bc54a4689ee33018a1258e9f741683619a2dc92cd29e62de0cbd,LEGITIMATE,train,2016
2098,2f4b6429d25a9498e8a57c091b497803a937c6e1ced531e5ae87dfaa1c0d8c33,SPAM,train,2017
2099,39bfff3b9593ab69e0cd137df5ad5f54e7c3c2598c3f89e326b704f3f0e735a1,LEGITIMATE,train,2018
2100,c1652aa898b49882b04df6165a50d87f0f3f7f1136fdc2d2c64f09b613de45c7,LEGITIMATE,validation,2019
2101,e9006575db31485792be378e8ff83237d8b92cacad56e59d6e63aaab9a7f525c,LEGITIMATE,train,2020
2102,474b59cddd94b30195c7b59de71e5d999ede0e4ce7f88ce5295b11cba902277e,LEGITIMATE,train,2021
2103,424c1f1f5ba5b802384314354f14bd39ae56c682c780936b0ab93dfcf805faa6,LEGITIMATE,train,2022
2104,586f4f68f7f64f864401e86a308925ef6321463cc1f7e38e30218ad15c91735b,SCAM,train,662
2105,9ad8b432b7cd60e546a2fd9af22cbc083f059faadf9434e63c416b4c0718f1b0,LEGITIMATE,train,2023
2106,0d023976865e189ad489424ba1949c012046a2c171c4f39659f50f318c0c3c9d,LEGITIMATE,train,2024
2107,73a0e93c32ded76852ebd297e1b9ab50e6c609c72a9c06796feaf5be1a9c1ea0,LEGITIMATE,train,2025
2108,8402d51d966fedaace27fa4996addca7fd5e3e576b66958c7a6b94aaa1608a90,LEGITIMATE,validation,2026
2109,bd9f40cf7852f6d42af5f154b7ef195f2260f5283568a8a1b4d37a677fa22a5f,LEGITIMATE,train,2027
2110,67408a1d1e21ad2485947e513ccacb0d037b845cbf7be14a9cb7e210ed378d7d,LEGITIMATE,test,2028
2111,3221434779457f51c93fe2d880ad43b1096e29bdd0ffdeb8d95852d0353396f8,SCAM,train,2029
2112,4cb3d44e5637773b29ca697f03bc1bc4473edd4432631218a0dfe4cbcfe9193e,LEGITIMATE,train,2030
2113,701dab4c3c32da6945cb25b5aaef6b5b4a6c05355387083273fbf47c8d5a92b5,SPAM,train,2031
2114,a14ad36ab567e8e166b477c3e68505303fca1f697ff02fd91fe621f8bd55400e,LEGITIMATE,train,2032
2115,3df6b0c4dfcffbe378d800cfbc9b3a73e80174061c67f8d77ab3b67f4a1456fb,LEGITIMATE,train,2033
2117,317e958e0cc226e2768d43de2edb001a3734ada70399faadba5700d830901c45,SPAM,validation,1075
2118,9ce82d1a328b1191079932bb31ad9c793b422492b4f81ed8fa989f4428f9d1f9,LEGITIMATE,test,2034
2119,ceb947e0d524e51fbfbb2f95f972b009fee7faee5ee626cb959a20b63ba53af3,LEGITIMATE,validation,2035
2120,1b318fc53ce36f31cbc9cac0cea2d40250d04c0738ec879474bd884f1226ae9e,LEGITIMATE,train,2036
2121,a1c5b5678bb5f71cece7d64f519bf396449ea792def833ab8d03a5876213abae,LEGITIMATE,validation,2037
2123,1a3b7bb4f0f4f3a2a959e9fb3d99fb9d92481f64c8c2e066ddaadcd7067c233e,LEGITIMATE,train,2038
2124,cf087a614421a6f8f681eb36fb0e323b1aed398bc4c1472b804a5665942bff10,LEGITIMATE,train,2039
2125,549c292aac833339aabf47ef9af3e2685777f491fb71dffe5f16b009cd6e26f9,LEGITIMATE,validation,2040
2126,6d52b351cde56cc741a35de688fbc75351a6baed9091d362c1ec119e7976dc6f,SPAM,test,2041
2127,e9e90eb4cc6a1324fa122a29d4365714f69538696a8a3be933e29dbd27f21d66,LEGITIMATE,test,2042
2128,d9da6bae819da438684df69a507314ee2a0241987f51642e5a2b45f69d86689b,LEGITIMATE,train,896
2129,2d4c82cda224991e1fe4fba745ecec6aea3a2220cb0761b4e25eeec3581707ad,LEGITIMATE,validation,2043
2130,f1bc827934c0d140faf43f6c9a7e7532f57346d07323600c201ef799b1297aca,LEGITIMATE,train,2044
2131,d3d65e1a69469673d337447cd4ac0e4e8bf908be7bdf8766208c71d7d4b3aee5,LEGITIMATE,train,2045
2132,f85b0694fd1bbdbd40afd308ae91a6d861a31a97847708490a6e369c586f7cec,LEGITIMATE,validation,2046
2133,2f28a5ee1ddc9bf7cee0f1fab8c52f5911e24013f248e44831757ea9dd67e930,LEGITIMATE,validation,2047
2134,5068b6858f35e4b0653b38d511991f8b13fc272b9a63cae06682c686e7c205e6,LEGITIMATE,test,2048
2135,12c85e7c863481aad2ad9f1ad7b0f017f4b51c4c226ab3b6f4a6ac1f36f629cc,LEGITIMATE,train,2049
2136,e4e19a00f9cd8f7234489b328be540d8307d97182472d934e40f691a4d73bdba,LEGITIMATE,train,407
2137,8e3c61172bfb8c85f08b86752d6cad10bcc0bc9270a8852cce96c070c3db75fd,LEGITIMATE,train,2050
2138,ea28757ddb5f0db776cddf208562452cdb6452979661895c42cdbe0be52f66ee,LEGITIMATE,test,2051
2139,50ac66945f652cbf69c422bfe519fa60fa1cf4bb339c04237bc4624409b4f493,LEGITIMATE,train,2052
2140,8157f123a1aad2eb644715dc1099ed6c73f5303717c5a00fef64cb74471a2643,LEGITIMATE,train,2053
2141,7675f64406b4167046517aab0fafa05aa994218cb1053073f3e4a388443fe078,LEGITIMATE,train,2054
2142,e74df317134f207f4aab4792c87cb47cc503b92baeb288f305172b16e0d52605,SPAM,train,2055
2143,1d243ff0963299885877aa26df643a3eb4e8810d0960a58e123c971119a7d386,LEGITIMATE,train,2056
2144,bfcfc97e8f1e6dc36c0c05819b61aaf50338e1a3c8fb3a3a07d029af6bbf5f68,SCAM,train,2057
2145,7150cbdaf8aa6d29407fa5adba9e21e20e193578a470cb69db89e471463bedaf,SCAM,train,2058
2147,89e5ca5f8159eddc62af629c8d2a1dcc86b46c6a6c1c132de48629b7c5be4ad7,LEGITIMATE,validation,2059
2148,b3cf4d655d401834f4d345eea27fc63ad695f0b7dc7cbf0ab5ea6e7b1a6cc316,LEGITIMATE,validation,2060
2149,3521d25008697a04f07089fc4d03ad5722c654e37ec68639f2a73029b6ab98ca,SCAM,validation,2061
2150,6fcf1be10ec0c70c5090972222fa54a2ce2a7a2008e0af0341e516ad958765cb,LEGITIMATE,train,2062
2151,2df045ed57931e31e1293d7bd52bfa7dc596fbe670aecfde6f602fab0a0c1de6,LEGITIMATE,test,2063
2152,2d488282f982378553f01f03ff78b310b6bc172fc58e651c0d1f268d4563fc63,LEGITIMATE,validation,2064
2153,2a918cd1e2b9db93b8a390cf0f39d541cc5b87266928e2bb5a7903e4f699b177,LEGITIMATE,train,2065
2154,c8bd7cf1ea9f27ebc475c83fa54621dfa226aa25cf4224ef6e845a442cdb7be5,LEGITIMATE,validation,2066
2155,54761b4db0f94be90f2f368a95889d0ef3ac0eb07fb53ecf96e35c7b4f4c6192,LEGITIMATE,train,2067
2156,b36bf894d0d34f19c8a3b147ef83c762129e7b910b44a0456529fd19f1f3bffc,LEGITIMATE,validation,2068
2157,c472a4ee0e15d9777fd53abaf1a0e209d7a50843b073930a806cd0afd7d85a4d,SCAM,test,2069
2158,7e963901915cf5910ccb972cb6d7a1eb6e65d7914e70eacc1c49fdc499de7d89,LEGITIMATE,test,2070
2159,61701fb17352b8342c99958a108a5db382d2bb54e25de53f350c36f44eb63dac,LEGITIMATE,train,2071
2160,edbd07f414105b3b6b3c460f773d89039fe92ec015d4b726a0f89fecd3701110,LEGITIMATE,train,2072
2161,baff66adb2dd0cdc2848330c53e0d6d05c238ca6d113318d1f44b6b9eb42376c,SCAM,validation,564
2162,7cddc120e9b41ca95f3980ebddc54ae9baebe7abc76d53b695f8ddf80ff62c6c,LEGITIMATE,train,2073
2163,78284ee5176303e4b6f64c9d8d3d526d5958e29c54cebc5ec3261dcd0a3439d3,LEGITIMATE,train,2074
2164,f1bc155fe85897941f2460af353f20bcec97109e1c6754e1ce86b379b54f6882,LEGITIMATE,train,2075
2165,bc548ffc8776f13417d68b42dce1e17a22a4307c60332ff0200cabdecac20591,SCAM,train,2076
2166,437fc543d7fb6884583a3e98330b6b2360c7db05e1499f2f85c539222252e9a1,LEGITIMATE,validation,2077
2167,e7eb7bd416b3e3f3c2e8f53811477354c0edc709c3753848cbfc406ca1de8d29,LEGITIMATE,train,2078
2168,ece8d2235100b377a0110bf6255d18e042f3af86356e94b82267e69f73f7bb24,LEGITIMATE,test,2079
2169,0290d3e520c40cda12392f5ec9d915aeee0cdd092ae8c07090f84827b3440a14,LEGITIMATE,train,2080
2170,3824763e08ec6b235446dd1bc8b1ca76644672a37122d7501902ae814d220603,SPAM,train,2081
2171,7fe5b8804aa0da263f9c6820b6b4efde5e78d6b0ec3d3e8a86f973098ee37790,LEGITIMATE,validation,2082
2172,7ac6dfa928b491143b0f3fb9bc0918d6d0bd478ddb036391e2a2d2b89a096715,LEGITIMATE,test,2083
2173,807bcf829118d91e94a815fcd9926640a08dddc3c82cc03915e64e1d0b223ae9,LEGITIMATE,train,2084
2174,ca6e09f9c27c4cc75f42000ccc00926c6cfc97a30a0d55f4f46e70ff0e57311b,LEGITIMATE,train,2085
2175,799c26513868156fd70835ab55468df32ae10fbf8d4115f543b98f878b1ea982,LEGITIMATE,test,2086
2176,fcd284de0bfb12e2d855bc489e1ad62bcb7db129befeb665850f21ccfd172b55,LEGITIMATE,test,2087
2177,7ccf571b82a5d3850853e1df3f078e0b1f4fee49c9389f70090ca479104a53e0,SPAM,test,2088
2178,b5455bf7424263cd765cf7092a25419e8b9f4dc4c90060dd61464c7400e70a68,SPAM,validation,2089
2179,2febecccef442dae89b7cc84dc34d0d4069a7ba13935cdd950062b41936aaff6,LEGITIMATE,train,2090
2180,6b87e1609c26ce64953a0c896c0c691e4aedf28df5ddf710a9708e12d9db41c0,LEGITIMATE,train,2091
2181,3702cdd1b183f8feeebb29a9e376d0b4ae6f697475901e56a5b578fa566f665a,LEGITIMATE,train,2092
2182,69d066b75295385b2ea75a5e7f4cbd239540e7bd8bb2c02d578e704e95e3cdbe,LEGITIMATE,train,2093
2184,d96263d4b008fdc17ebd07dc779ecac2897852014ea9737fbb8b8b39a62c5455,LEGITIMATE,validation,2094
2185,16f0cfb2e0357814b75e081d7f1cf98fb078192e41ea15d1194e9cca3b2aace1,LEGITIMATE,validation,2095
2186,ec7bec707c783e46c31fb9a8aa1b5a14d7a63294057e16819564188486e93601,LEGITIMATE,train,2096
2187,6a94a9490e7586f908518b163ebba9053458c4d667808ae753e6ea71706cf550,LEGITIMATE,train,2097
2188,fcec1c1eb32d9d08212519c52d1cd8efb753673d830918c3d24f361ec7edf8ec,LEGITIMATE,train,2098
2189,bcf8fe9f7ebf3264aad09334d00913213202211ae47fdb312167bb8089bb5d53,LEGITIMATE,train,2099
2190,95eba1e05266a1c578ae4de15a09ea91f57fc932d094a53c4ded5dc1e0c49e40,LEGITIMATE,train,2100
2191,42d3adcaf751d7a748f21e3b31e40c88647f9f6b61073db06662effc3a6496be,LEGITIMATE,validation,2101
2192,a3cd899e5136307e822892c36c36915ba7fe90f1ef5df78e1d762549d7c7a8c8,LEGITIMATE,test,2102
2193,88b42f2015eae9f0911a9234ca516c5eb3a480ddc3bb81588c7cdc277b3a8773,SCAM,validation,2103
2194,85f0f6a8a2878626bcf8f0c73b6bb6148df9640b6c9ccf99a47d3467fbb9a1c1,LEGITIMATE,train,2104
2195,bc60ba80dece33d0298d238f968bd7e1055aee52b576df2e7a57a526fff44ac6,LEGITIMATE,train,2105
2196,c4b0dfb5287ffcb1a5626d42030249e403af3affd7378cd83819be60aa2d5ed6,LEGITIMATE,validation,2106
2197,61a15853f963052b7cb5ec8fa06c3779743fe9df4b6cdc0c127295ba7ae51404,SCAM,validation,2107
2198,ad929d9bf7edcf2127a0959e008e37ab2bd9663c04a188c241851d771d8b61b6,LEGITIMATE,train,2108
2199,93f16e8809ccd86a0335ec69c9acea4aef430fe223943e3d8df58f5ff27a5aad,LEGITIMATE,train,2109
2200,ff8c2cb9a937744aee002b444b3bc2754442a9feb5849fc8e5cdbe06e5d4640b,LEGITIMATE,train,2110
2201,4d0b654cde3ed5883b6e02710bee2d68063ea410dc55933f3d0eec09263b18ce,LEGITIMATE,train,2111
2202,3e7c0a7b46ee7c65a0903bcbb27ba8c4df3ab59df717c94269c5f301944e76b2,LEGITIMATE,validation,2112
2203,bb8735a9d7b1ca3f0be03f95c37435481fecb21986938a1b2f07b8b5022e5897,LEGITIMATE,train,2113
2204,d87828f0f61afb3c84e665447a2f36c0f7e5030e4d5503b2d1b67dc98c6d6503,LEGITIMATE,validation,2114
2205,09a68dfbb7a741cb874f5a58cd39602ec8b6c7bf54cc0cf338401b7bce2b5237,LEGITIMATE,validation,2115
2206,1129a2aba1c673f575946a07b2eb9cc5f43ac1baef6db9564490ff1d7a32643f,LEGITIMATE,train,2116
2207,db4b0f3b4ce68f220e918bc0dcc7e0996cce741e5cdd4de53e530bf766f376f3,LEGITIMATE,train,2117
2208,6304d2706ab5eda53b8ac61cdba75ac75b5904c5dc0e5575dc2f8048283a5e87,LEGITIMATE,train,2118
2209,175762ec87e631866eac27ce104cdd44aeb42c81b45519ec373e1c6e11d17f65,LEGITIMATE,test,2119
2210,fb397353a9384af63dbfb1d00c27efaf2b46cf75391f1908ef9daffd0694c464,SPAM,test,2120
2211,cb8386298ab421191799497645caa97fa5862dcc68b54b3540b5969f7a3a2a7a,LEGITIMATE,train,2121
2212,879e14ca143c6ee63fdf89100933e3a9dacea7bc09328d664c988572d22a4651,LEGITIMATE,test,2122
2213,cc48104154afd75f1641803277010617f343d15b13830a6868e83b833957deb5,SPAM,train,2123
2214,995505b272370b711c31fb80510977db09b373b3829715da15856522daa0179d,LEGITIMATE,train,2124
2215,c8bed8f12a3e00150ae27efabc4ec7c07fa9b56bd627792fed1f743353453187,LEGITIMATE,train,2125
2216,3469dd0c4cf07b01b10060f68974eea6912ac50a30104a95f75293de1578a556,SCAM,test,2126
2217,b2a4ccb5610d9f45b79f50353f6b241007aa1c41f855a3b36cf20a707ec00928,LEGITIMATE,test,2127
2218,b6499f867ba53b08ec6b8b56b094007bc63a7e5c68222b9081dbd4098fc84eee,LEGITIMATE,validation,2128
2219,f8110920ab81d189008e50e976d25b745697bc6bc6cf99d22be5cae31afef876,LEGITIMATE,train,2129
2220,75711f60880934be100f8536ab114fb820e31d687ef07f05c002cd7790e96703,LEGITIMATE,train,2130
2221,822974d4efbbe4235ad215a9fc2af64fb9ee5f3295ff88ec7f6594fbb0fde34e,LEGITIMATE,train,2131
2222,212f083c5046444ef1a550cf80bec6e5f01752b510315b370c9c33e46feec940,LEGITIMATE,test,2132
2223,ed8e2dbe9ea0e468bc260bfea240680105e01fe5555fc2497af1d2e05f166002,LEGITIMATE,train,2133
2224,3326d983c62404b23791b510fbb16dbf5881b36e061f9266f0a982d7ce545b41,LEGITIMATE,train,2134
2225,a1ffe8a6221ebfbd2789c9805a122a331998ded8ce9a7e3cbacb25ea975f2dd6,LEGITIMATE,test,2135
2226,15f9c487fcce4d3f02e424613e9cf91333603e1b6b289d99a36b0a1365b50640,LEGITIMATE,train,2136
2227,9314ee1cbfa608a30366d451aac02564d1ae2178a2130432aea4ba1e5467cd3c,LEGITIMATE,train,2137
2228,8e6f9acc4af4c48d74b35786289565ca260756882df6cafedb2138dc590c49c3,LEGITIMATE,train,2138
2229,9ef985c69de3528e69ec4e23a5a3b72c4432c2416006ff1df41018e0e075e4b0,LEGITIMATE,train,2139
2230,4da56b530d842978f76c67b5790a0800f5b31a8b85025fc4d12732dda91f9cd0,LEGITIMATE,train,2140
2231,9c995d16f4189b1d7e05345a253948b4d117d17f365e53c78ae2bcfbdf74af62,SCAM,train,2141
2232,09d62e6a5b37b906a5f004c75142b9aaa9f15b14a4016dedca458632ca6f4e74,SCAM,train,2142
2233,f058c07a2935b6563b51a15b77cebd6c3635a7d41cd06885292876078781bd0f,LEGITIMATE,train,2143
2234,1c338851d4d689db2afdbf5e507de0a9e13b5aac92f80197a8b42d636216d822,LEGITIMATE,test,2144
2235,bdfcec0d339581e42a220b0ca06b79dfe69b5e3a088b18b04c36d839338e8248,LEGITIMATE,train,2145
2236,482b5268648e744cd581e075a7bba79e2c074115afa7a4d2aeb98591709ff2bd,LEGITIMATE,validation,2146
2237,239212dea0c952af089436e18aead6dd45e8f2f9ce07aace352da52e406ce399,LEGITIMATE,validation,2147
2238,fef21beb9d4990bd0a39bb2d559107810a47736d85c3d19ddf7e35d6c3f3ab7e,LEGITIMATE,train,2148
2239,9a0b01232f675c1912e4468cef1ac67ea3dff1a1b34ec3b965e6fd04787c5058,LEGITIMATE,test,2149
2240,f7091dc5ccfa2c27cdb1c474d2080b24c23a91539fcb518b6b9f1ec876202f86,LEGITIMATE,train,2150
2241,ea6aa1740acd0211bed57026cd07224add92de3580e92d7b0ea55d69f5ad441a,LEGITIMATE,train,2151
2242,e24ecc02b85e1340c1113bde84e44fc2280946575c12fc3a007a37563e5a35ea,LEGITIMATE,train,2152
2243,67e404d889247a9e4b2c44ec8c07b38376be60a894fc074d5cc7ccf1b800d610,LEGITIMATE,train,2153
2244,83a5b83625614420f359b197f4dc69f2129981ffc85e0e1b32a85381ff59dca3,LEGITIMATE,train,2154
2245,74dc8d2ed44f3a05986d4015bc425e16ff525bd2981046e2e7b5898388c9f838,LEGITIMATE,train,2155
2246,e58f0a3176ae4a5d173f3254ba4c55e134db8ba6496f34f5c784afadc1113836,LEGITIMATE,train,2156
2247,cb452e4a9a81812d97663773785cff24258d3fecb094b1a4afbe42176e201e8e,LEGITIMATE,train,2157
2248,c3e265fceb3bfb40fdde28d1fc31d46c550b9c5ef1737b1e939ae88707c627f4,LEGITIMATE,validation,2158
2249,3c3c1b59e17859f6f88cbfd6a0415eb7d48d375091763b038322cdeee3452e2c,LEGITIMATE,train,2159
2250,b2deff4b7c0b66dc33dd1c21fa8e5654c1efb1a07dc08732ed8aa5e7c1fa314c,LEGITIMATE,train,2160
2251,398ffc4b79d7892069e2325d074e91a9b5ae6b5fd0a9d9627afa67220d336106,LEGITIMATE,train,2161
2252,90edc9aadf58dd47baa9826963725c1089f935f264dfa118859b65c8164f8c7c,SCAM,validation,2162
2253,b0e3cf332bf0a73124f7909c6e88644863a87fb0ed30494168d0c101929b825e,LEGITIMATE,validation,2163
2254,fd94e635cc194c65b4236338b1f6248ff3a6d6a75c657e073ed05c6858a0c57d,LEGITIMATE,test,2164
2255,d400ad18c8e23a621f7045621e98f039bb73e60c0f711fcf371b0718c712a715,LEGITIMATE,test,2165
2256,e51bc8fcc46782699e93f903c35a4784349a5ca8adb0ce29bf259d6bc7002dce,LEGITIMATE,validation,2166
2257,d1d8bce5de74eab20f4e0e448793512e72a55ade41cb48df6ad516e6a15b6e26,LEGITIMATE,test,2167
2258,5f53a47764ebf14754b843b08b314096c64fca38dadcf9fd93d2196df812e0b7,LEGITIMATE,validation,2168
2259,ece63afdb425d7c45daa3001850b4136fe3c781f4a3ae86603162b7b340005b3,LEGITIMATE,train,2169
2260,274e33e5d5ad2ed2f0d28afdc0607152c6612725d21e45651f5ab2f8a91d17ac,LEGITIMATE,train,2170
2261,181b35ee2a2942c49e466077bf5a3daecf8719b8f92743c3cb7fae7fd7e17a96,LEGITIMATE,validation,2171
2262,39fb1c680eeb4166098190505dfb32ad96f3997503c11fd2a2c8ef82be13080e,LEGITIMATE,train,2172
2263,5ede7fa8a06d2e78ed3a2aeaa0ec576533d7f087f2b10e57b07bbd9e12e3d767,LEGITIMATE,validation,2173
2264,76b6c7e01046bba35223f908bb53c4e8de6ca31e58587bf6a636823520ed2ad6,LEGITIMATE,train,2174
2265,56641ea5c002a361f2926555dac8aadc4df4e2e85e3c11db4db02a74efc4edc5,LEGITIMATE,train,2175
2266,76886845515218619c3c74bf445e080c72c23e1b492f11df5dead2e9fe04a027,LEGITIMATE,train,2176
2267,de6e57ca39265c2071037bd493ab0eacd851f896dbe2749890dcb040d6f7139b,LEGITIMATE,validation,2177
2268,55db255324136a084e10f016d60a3274ad47eb50407efd2478d9b952207cc040,SPAM,test,2178
2269,25c5aad8faa42176de1402baa0847ed6b3ed982b17bee1f8865648c04fcdaa1c,LEGITIMATE,train,2179
2270,d60af10ebec1a48ca8a209eab0d4f2334a0f2838db45c842d243907c3ed89cc0,LEGITIMATE,validation,2180
2271,56d170570d8155be0124f45d6d07b8d13eaccc8af6229b87f5f010eda0b62190,LEGITIMATE,train,2181
2272,1e7d39310acc42706e627d3fec93445eb4a31a61dbb3eb0d1b7b77e86847664e,LEGITIMATE,train,2182
2273,44466982e42189f731a8b6698a6db13a48321b70b4fbb56cd57548734d4ac4af,LEGITIMATE,train,2183
2274,d314365519cfbb0fbcf3dac0440c7e61d4ab92380dbd672f067dda6ac21a5d22,LEGITIMATE,train,2184
2275,faf29ef1574b5d519817cd58e69263f5c11b08def3fe39b465af0ada8bfbe68c,LEGITIMATE,test,2185
2276,d7a50f416db30a82e27ebcd8274c834def365f9882c6336c7090b4fa18431dad,LEGITIMATE,validation,2186
2277,138c9a178f126135574595cf947924c70c6bae3b5eef4c90bb3af56b696b29d6,LEGITIMATE,test,2187
2278,2f4e889622cd46693497f8917dbbec3248a3ab5323a5bbad9c0f18bd8172e56a,LEGITIMATE,train,2188
2279,461d6b2e0e6d858344ab9b6fbec062f294d7a95f2d3a8dfa521a6aafc7e0ba07,LEGITIMATE,train,2189
2280,5e75f2767eff1a40edf0a06fa7997b187c40c11ba9cb9d1b8a0b7812c1039476,LEGITIMATE,train,2190
2281,adf6db778b10ee7c1740d347bed036c3e5cb3669a8e72dd880d4f4a0615f2ece,LEGITIMATE,test,2191
2282,eeb9d4621432b9c7019c2a1afa1bdc3a33fa0eb79320c429529b391e85660a9a,SCAM,validation,2192
2283,e84b18e2a599751301abda32bc36a01f0ec2f137aa0d29cadd3d34db9e4efd08,LEGITIMATE,train,2193
2284,e1d9dbb06bae3944bc54d4ba8c33aab5f2453f99f5d12b6639e4f8c18acf6062,LEGITIMATE,train,2194
2286,06269131faaa42431dbdc16c1138d596b46909761d92172bbace9c97b721b4ea,LEGITIMATE,validation,2195
2287,dd92abcdd6ec29a13a24da826b99a86b5fa3e78d4830b8ad2842fd2fe59ada68,LEGITIMATE,train,2196
2288,10e2d29bf6fcd1d64f0ba4c73c088dffb1f45da6ea84a55f864b7b3fd6a4e985,LEGITIMATE,train,1736
2289,d3872dbb9583267b761d52c6f6efb0d68455d9f568cf0620fb0158e91b300ffd,SPAM,validation,2197
2290,84bc34fcb3121ee7aaee3a0977096cfb77c92ade9c23ca355a54bd27084cb058,LEGITIMATE,validation,2198
2291,cea057d316455a24eb0a4059e370a95ae61f58fb22e3d583493986b1b36a9d46,LEGITIMATE,train,2199
2292,a400331b0b5be97a0c41d5481d1e6f16ed3a5e6464f2baab90c21620627fac79,LEGITIMATE,test,2200
2293,48ed169a23c8eef00298e922bf93e9c2d32cd4cd2ee99520ccd23d85491cbed5,LEGITIMATE,train,2201
2294,fb2de67ff8318adf62b9372c546a664698dc4908773945051db0536ab95e7268,LEGITIMATE,train,2202
2295,24f80b9697e99f84e8d70ae3573d10c8f9ebdc0cdb21af705622c4c5635f61a2,LEGITIMATE,train,2203
2296,d1770d6ee20ad77b4734ce3d0b8230b9bc0a93a8cb575558a2ec022fb715f0b3,LEGITIMATE,train,2204
2297,fa1e10ee3b3c8c0f8e3b18f95c426e67594ad8c9e71eca286ea2992bfbd55d6f,LEGITIMATE,train,2205
2298,d9a25ad29198db091429336087ab7314afc893159d8adb8231b130a82318dfa2,LEGITIMATE,train,2206
2299,2913dc435eab99dcc32a68f366b39b4c249e6cced3cafd67f31ab5ee83ead9b8,LEGITIMATE,train,2207
2300,399e2eefdacb5b87fb18433e54e1479a591a301fdcc4931a425a2886bb3e42c8,LEGITIMATE,train,2208
2301,0ea06d599b9c1bf5e7d189eb1c9ad21af3f01777a022765e29bcbb2cf188c317,LEGITIMATE,train,2209
2303,4bf6f379e72795d96dca60c9eabe9c9fa6258b4dc8040a42eb71162fb932dbf5,LEGITIMATE,train,2210
2304,5c4591679a93dc874e34b00b874b89d4d20b7d44ad27517e7e0629a42396caf7,LEGITIMATE,train,2211
2305,d7c83b3738ca8332fbc5c276e4108d6476ac061acd93e8ac6de4c78f8d04cb6f,LEGITIMATE,train,2212
2306,ca46d843fd9d17c0e4caf80f7c222d66d576ae1eebb609b1f7b6e8e7dcd26f09,LEGITIMATE,validation,2213
2307,06690998bc20bcea3bc5a096230d27ff918cbd3766c1846f075f259534ddb928,LEGITIMATE,train,2214
2308,ba585498d03413022023f2c622ea66d201fbdcd1bd167a564963168c5f10b646,LEGITIMATE,validation,2215
2309,c42164f11961f69a89843f935e47b9030eec41d4e6e212505d0e1b70acfa6d8e,LEGITIMATE,validation,2216
2310,465befad6fe024be5f052c73ac3d1521f667745df06a85a7e3d10a01b38a7282,LEGITIMATE,validation,2217
2312,c6ccbd7dbec6d137405741fa7f7e82d88ac4c2530e60b7c29ac7ed73bd677250,LEGITIMATE,validation,2218
2313,a9109dbcb7b14571776a991002882f1fec9046d3a87c97e4d0420e312c5f1dbc,LEGITIMATE,train,2219
2314,d9c899f0b5d3b3c5ad0146638cde00aff17c92eae121e984f934dacdd2338020,LEGITIMATE,train,2220
2315,a22a31fd3e4dcbf1d7550b5ad5d89534efa18eb0c81097c14cc25d0c493bcee4,LEGITIMATE,validation,2221
2316,214bfa66808055cb9aa563f53e6d52a8f1565d386de41fa35cef7e73ee799e5d,LEGITIMATE,train,2222
2317,298cc95983a0a4d08a005ee341d05ac87a2ac04437c2a21eb6c5dc9ef9195315,LEGITIMATE,train,2223
2318,dda66b97e0c1dfe2819cfe9e4dd1804576d9b848643c3146d198ef0fe2ec7f6e,LEGITIMATE,validation,2224
2319,612a11889fcc56c826526ac617f883974eb6cfef06e531c09b80e261d397daf0,LEGITIMATE,test,2225
2320,0a23779cac4b458cf9c45dcb8e23e564ecb4f7971a712aa334e0a36d47588983,LEGITIMATE,train,2226
2321,7dc1044066ec0d8de27e80eb347de8534941283b72fb1f27ac4be4afe894937f,LEGITIMATE,train,2227
2322,7dc7ac635ca5248ccfc271e94bc1e97a1278a9bb45a3d2ad01982687e4624603,LEGITIMATE,train,2228
2323,ccc2f873959bac6ffb03e2e974344eeabc605366df66920dd17d5a6cfb407663,LEGITIMATE,validation,2229
2324,ee787577631db30c6abfc03edc729e3c337a2da9380f19246e54e6290b9e7d94,LEGITIMATE,train,2230
2325,65709e6fd5b743585f3a6006a69c7e4c0054f9b30c1fe66907b51d1af277ddc9,LEGITIMATE,train,2231
2326,afa56a512fc79fe2d9b77c85c930ff0a8c177574bbc88d4f1458fe1a0d9cf50b,LEGITIMATE,train,2232
2327,f70b3bc0dd47fe4f0088fb57e8e022bfb63b2828b2ea3e845bf89a4b5c9d2dd0,LEGITIMATE,train,2233
2328,dafb121983ad60a86595f1293e566b8eddf25db4275e69ebc6eda7a8cbe7b91a,SPAM,train,2234
2329,74a76f221c4c199b5298fafef25a38a26b01fdf38cb1903c704d29fd1ca6d903,LEGITIMATE,test,2235
2330,dd6a94d073292cabc8585fb31b005e6eda7ae48dbc8268488abf37824b184c54,LEGITIMATE,validation,2236
2331,fb777f8b1dccaf8d9ae9d98e48d2c12d4c82d343b6a75a12d642fe8f71694397,LEGITIMATE,train,2237
2332,abfd43955e1033d0edd90bb55c994ee1bcae08679e2bcf0228054e4c8a1ccaa1,LEGITIMATE,validation,2238
2333,1482880c6130d5561852c74bf1131f4c41938cc4f091b683b26fb6f0214e408b,LEGITIMATE,validation,2239
2334,a65caac406c4b4cc36d5501b9f83a94e9924b207a252b762f2b8dfe4b04f9e97,LEGITIMATE,validation,2240
2335,562ee50294080d22746bb7fd0c5b09aa6e8432ff2049b05bfce9a42b62889e2a,LEGITIMATE,test,2241
2336,f2e054bed33d593be5922196d3672ca453ce22a1028b0a105399470ac23c959c,LEGITIMATE,train,2242
2337,b8361e5bbe0653d60f8cade1748b482248cb986140b87eb9d61874d35526890b,LEGITIMATE,train,2243
2338,1bad30fd8350ad3acca1e1aae1560ea330234e0e00a7e48820fd5fdd617131f2,LEGITIMATE,train,2244
2339,de2ca275ff2d3c0c7539cd528fc8d25284fda902104aca93492984fbc2c23d4d,LEGITIMATE,train,2245
2340,ffcebe2fbc9edbd4a614f0538169f0d460d1fa1bcc30653ad1e60e903b730070,LEGITIMATE,validation,2246
2341,05cf720df00acfa59d3ed208000ee16235ed0d159edf4b2b1f0fa8aca6d8f381,LEGITIMATE,test,2247
2342,fac5901b8ed77535e145c71e9438d670962a27874033b2c8fcdfe192b67dc08f,SCAM,validation,2248
2343,161b8a88ef9a839a4d71cf680a1b8e6f698deca65d7f08e6c71a19b7e6a89259,LEGITIMATE,validation,2249
2344,1a78f0cb63b34f0bad2de7495fee06cf37a28bd342a7ee01efe11754805e4429,LEGITIMATE,test,2250
2345,5dad09e89300122aa55c4414433240959190691a0d34f006a7d6cb99af6183ff,SPAM,train,2251
2346,cb6fc317c42eb124e048ff4bb0220a3782ad8846d44c7485562e7a2e09583fba,LEGITIMATE,train,2252
2347,0fc2966f07acdca031b5bd8a747f2c5156c5abff36eef950351216f9f89f4a02,SPAM,train,2253
2348,f2ccad33feced7443de0c72d814596b2568aeda4d66be73ead0fc3958b46fe8f,SCAM,train,381
2349,ec3598ba40dacd2a04d4d7382b47578bb245fd19cfc29f17d3fcceb6bd8d5bb6,LEGITIMATE,train,2254
2350,29189bfbae8ea7670db3817e1087c847a7aec7958f52f2e23cdf3adf472691ca,LEGITIMATE,test,2255
2351,11117a08663861f1f88f48df710537ff77dcbe627c1b0a38eddca9d67246cc6a,LEGITIMATE,train,2256
2352,1122e7240c7cb976280b5f1de8a305be6b5e4b4dc19ccfb2022129dc479d6d59,SCAM,train,2257
2353,0845ec03b9b43d73f99b3e4e3ef697a94ecbb10d0667f40110f9eb91827edfac,LEGITIMATE,train,2258
2354,c2926ad18d1a6fa12c95a5b553b3e37d84cc5152da149750df73f57e9518e519,LEGITIMATE,train,2259
2355,75db467a99c5751420dbf870d496cde1035366a0184e50081d3288a3907008d1,SCAM,train,2260
2356,04f0f4cdc32e85c981e0f5df29db936b8dd59cbe7a2649c875c6f6ac4f5a8644,LEGITIMATE,train,2261
2357,a5de8118b1dc808f755f8ad87b014f2d739888812f504a0517da55e66c2967b9,LEGITIMATE,train,2262
2358,810eecc2521737f5ee2ecf3283ddff48b3ba4f7e62c98bb46482087b0480d0c6,SPAM,train,2263
2359,4fb04fe83a9a19570cce78f08e71fc9cd7b14322efefe5ac25217b1a22c95a37,LEGITIMATE,test,2264
2360,92a4da2753240853827f0d27258e8c7f8b99ae30276769d83b80ef665c4248aa,LEGITIMATE,train,2265
2361,35eda2c67237bb980ecef8e1733ea827201a17320c05747fdbea8e220f05bd89,LEGITIMATE,train,2266
2362,08a84f9404a3b3855ec9ce343b395cfe0e8008b565171e920cb0f087defa76a8,LEGITIMATE,train,2267
2363,b45c906bd8bd2c80cd4dfda6a1bac89763ccd4202264dba76b3d406e40186b58,LEGITIMATE,train,2268
2364,acbd8d6583655e1adff7ff3aab5f1c1f9bd88d6c3a577c143f636a03c624c54c,SPAM,validation,2269
2365,e966ecd54a6c664f626906528a72170e85b5f981c807ccfd58259e017878735d,LEGITIMATE,train,2270
2366,b0da962b697b0f3c9826e018116a16cfd74d15b488732d2bea4a3793f37a283c,LEGITIMATE,train,2271
2367,70e71225b1d9bad41f594615d573127ddfd549cc5723e3f8c8cb2dd0a37b998c,LEGITIMATE,train,2272
2368,df16a5214241b00739ccb63d722073d9cc7caf2edf45a3b64e904c19b646d920,LEGITIMATE,train,2273
2369,b5a244bd2602e52528430f00e92485ad6668e600789711799e49b65479e078fb,LEGITIMATE,train,2274
2370,622e309d3aff7b00a05f40dda797a2f56d9bac22cbf2b7bf89e95a085ab4e3f5,LEGITIMATE,train,2275
2371,edb0538bdeca41d7a1d16e509e69f10e547324c04b681d7f71fdde8197336ca5,LEGITIMATE,train,2276
2372,84e41483132140674f65877316f222ab0ebdb5a0080d52bbb4f1ccde47de559d,LEGITIMATE,train,2277
2373,6e62391389c6feadb9acaf005b6156de9b3bd15ac4e7e2f0a36e3750c3ac6c9d,LEGITIMATE,train,2278
2374,c667a783cdde0d57a945f7c084add0773702650d1cc1429f84b47928a5d2fb22,LEGITIMATE,train,2279
2375,fc4a69fd3fc6cb6d83a0bc0aeb61d6e72d189041368b465f92177c92b397dfcc,LEGITIMATE,test,2280
2376,e7fa7cf6378785afa32b410a11e23b4be475587b5f94d3358f05ba743ddd5a85,LEGITIMATE,train,2281
2377,322cd368fcbf9d8b3de2397922fdc8e3ee532a38af5596a4dc1805323b34b200,LEGITIMATE,train,2282
2378,af1414304b3384597ce1c90f9fa4d8f24c109f61aa1419776b4ed2a7964e6dda,SCAM,train,2283
2379,c13db2f754ad8c44ef7fdda57c6274f97d2c71708bde5aae4090ed63bc50a798,LEGITIMATE,train,2284
2380,6ce19ab34b9ea680bf2598ec8b8ca64d6bb856d610767af84904c644dcdce024,LEGITIMATE,validation,2285
2381,1bd1c346e4fc94d7e513d07ac054e3467c69865baccb315bdb58e75d2a269b34,LEGITIMATE,train,2286
2382,8edcf1f8dc6ec6a6b5aec67c69e2addd3ebbe81945b86f0fd5fe39eb329a36d4,LEGITIMATE,train,2287
2384,0a1578076b1ccd0ef93408af74b243164f32539bdefbd6f5d00313734f45ca84,LEGITIMATE,train,2288
2385,bee65234eca590988ec6c0672a0533aeff9a61fa7dfcea7f1893aeea4edbdc43,LEGITIMATE,test,2289
2386,3c5e186cb9206ac3a062bd7eb850c5ad263e8025f6142d5b9690e1af99050160,LEGITIMATE,train,2290
2387,0e772699e50482adf4ae8ae8751a5ca02860d9610434cca264a07f98629bfc52,LEGITIMATE,train,2291
2388,1ee1e06664db9133d82cc479c6c42a406099821ef15b68cbcde0fb53fffa85e0,LEGITIMATE,train,2292
2389,ce2642ffc7dc76e885fe06bdd6b2375a8a8a27f58d9631d77083b1c38e72b690,LEGITIMATE,train,2293
2390,80604b1ded0fae9fa7e06e7a16482dec995d90ff84ab5518212b6dbe27ab9736,LEGITIMATE,validation,2294
2391,aaf4c249a4719097f9b5d8c37bfd8379b41e0b4d906fce2f16f78398de6bce9b,LEGITIMATE,train,2295
2392,73af57852773546f19efa2251db2ac61bbe87e25fbb8c43e89d59933c259af1f,SPAM,test,2296
2393,b07ede63035f3a2ae770d360b5b23de7b569db3d1f56726bf231949ccdb906d2,LEGITIMATE,train,2297
2394,4ed9f249b16a3c6b07284ebe6c2d132b483e0e6fa27e409d36167c3e89671858,LEGITIMATE,train,2298
2395,709131973cb908d641284917623d28e770ecc22b4a2070b8bdef36a1cf35582d,LEGITIMATE,train,2299
2396,dc8d2008b5c081afe2a6cd4b927d944daa69026a095d1a912fb61e9e9fde099f,LEGITIMATE,validation,2300
2397,aeadfff2b37ac70ebfa60b47dfcea4b740b9aa2abfe699d4cb4251e0c2a5bc1f,LEGITIMATE,train,2301
2398,f0250ba3c87c1737d4ddbb94774b89f670061b1721ad293a79ef8a939c81d88a,LEGITIMATE,validation,2302
2399,32ba0036091a16e1a355ebd1f9106feab18aa4868942e0aab79760275a63fad4,LEGITIMATE,train,2303
2400,6dbf4fd9c9c65a44692eeb7e69a0073eea4963e5f0167e6af2c95a599f23733a,LEGITIMATE,train,2304
2401,218f04bcbbf4e519dabce80676d266c78d599f963f17be93a7f3b3df3a7514a7,SPAM,validation,2305
2402,d9287e046b2ea2244634da224fce57aa4847bff692c8398863fd2f670596a4ea,LEGITIMATE,train,2306
2403,43936af3d2c505ca717963744f43f0bb9154d4b06c784e2996b68c5d7a2d2cab,LEGITIMATE,test,2307
2404,5b425c241e1fd4736a6db9f519525679b962a6f60956faefd8c0df7aa5e64a87,LEGITIMATE,test,2308
2405,f28abf5b659eb2319f402831671745f4320c52c0900372e8ce99b14df68a8ff9,LEGITIMATE,validation,2309
2406,f368666d297fc23725045be809497bbe429bf9ce25291ca3ea4629d022839232,SCAM,train,2310
2407,f69bcd45e1e5a20725abea75ea527e72ce47c486032624b1bea124364ffb31a5,LEGITIMATE,train,2311
2408,3399b80d89224d92f183f7f8f840298e8b4b7cc1efee04aa37407c72edef6a1b,SPAM,train,2312
2409,427d920eaf2847568de50503b87e0d5e7d6ed3baf859536a0410544330d52ccf,SCAM,test,2313
2410,4ccee761e8fc576cb28c5a2271add1cae350583b6078661cd13e2950216c80be,SCAM,validation,2314
2411,a9ce8e1c7f404902453249f686d9092a02cb5d6b0ab26b9ea35478c6b325d50b,LEGITIMATE,train,2315
2412,60382403d00c05d4f325000188e4d5e20d0061bc7891056fa2ce9c3a712bf415,LEGITIMATE,train,2316
2413,4be67c390bfe679e49dda15b492a7870aa6b4bf51757a36efb0d543427945c59,LEGITIMATE,test,2317
2414,2c7cf1e629b0fc8707af49a160d789cfe4992bbeaac75061ecfa323720ed7f79,LEGITIMATE,train,2318
2415,f6e952e5e167d9cde2cfc9f914d0d54b0bd072a4eb4f611b8c3e50d6f9ef36fd,LEGITIMATE,train,2319
2416,516569fc68f8cd5055e2bb127e5581fb5de547e0b4366762423daa7e1342077f,LEGITIMATE,validation,2320
2417,dd933021405e2fb1b4b3b781c44126746388d548eb396b6d9fc365da9050cd7a,LEGITIMATE,validation,2321
2418,57c81db067772aeefd136025050878b4b0d4573a8144ca7e7102e19491c555c5,LEGITIMATE,test,2322
2419,890bba29d84878a5bded807e13613bdb3eae82e9a9623f2e779eb3ec59a3d95f,SPAM,test,2323
2420,4c7186e9b31b62e5b0a66e21196beb9f479f2f472312779279b8604a0643e604,LEGITIMATE,test,2324
2421,21272a00ef2dfb3a9355baa87af02c33c950e4586f39a608b76d67c2b8a7b82b,SPAM,test,2325
2422,d20bdffb03b37205f0fcbcfff676159642cde36d881e74b8ea7883cef833f37b,LEGITIMATE,train,2326
2423,40aaa1041f179fb3713284465578265ef6833c047672f674352426f98129f441,LEGITIMATE,train,2327
2424,9497c3b6d940e6361d9326fc78a745f4064bfc82a853878698a258e360ec485e,LEGITIMATE,test,2328
2425,c40e7f84605d77d866e006eb7db019da13d66d7158cf5081b074d8197cb7d9fb,LEGITIMATE,validation,2329
2426,6c1a12bf1ae84bd6d46ef0551ceefe085561961889c02849613a6672527bd7e6,LEGITIMATE,validation,2330
2427,927dc6aa05a0e2cd777c11917ac67e7b75dd1fedc0b32fa8409719fea5ede10e,LEGITIMATE,test,2331
2428,82776f5542980295458c92b52da5321ada9fc075e08cc0553e3a69744219cf66,LEGITIMATE,train,2332
2429,2fc744271716bf501d008b4ac788d7a4cfd30dcf61893752bfc3225f0810fb2a,LEGITIMATE,train,2333
2430,7fe235ec2e8258f7214a0b527b5be3f99950509379d405d6dde325b42a69af46,SPAM,train,2334
2432,4b5ad45aec296a34c03c9c295a17760b79d08714eb251196cca14506dc451065,LEGITIMATE,train,2335
2433,896e8fddb512fefe426ab8db0179165ba03edcd4c69abc6c57a5791c24c59527,SPAM,train,2336
2434,a07b87b2e0d24222f07f0c9faf4b2c16f2a3b642a71cfbc1e2433bf5994c61f2,LEGITIMATE,validation,2337
2435,34791ae9bd669a119e7cb321d878abdafb6719c91a4c8ef111e6111c297ac9ed,LEGITIMATE,train,2338
2436,a37e20d2f04540069fcd8bd2ecbed3217433f516bcdc265bca54bfa429f18820,LEGITIMATE,train,2339
2437,cf93d4cdf5b41955b6473c10caa3b22ab41d537aacf8da105ba377da15cb0569,LEGITIMATE,test,2340
2438,c70fc18010470b773e511f4b20942148816bf19c0781b34c5c865f303fb5f447,SPAM,validation,2341
2439,e9f47c1f70315c1bc160e6f8b17bfc9eb8d278d772e728e4d2f25ef786ebb875,LEGITIMATE,train,2342
2440,b768ae0c609cd790eb2fa2711d0babf5d243bc114707ca2576e019a9de3a2449,LEGITIMATE,validation,2343
2441,d17c61b49f582426653f9b21325fe2d7dca0d5349687943e13b068b4b8207b84,LEGITIMATE,train,2344
2442,545038a1607dcaba20bd52a7042add219feb09ddab7a227d1250542f34eb5cb3,SPAM,train,2345
2443,bfd7756f2b24f8095666bb8b2a408071f01c9adc8e8c7def70540626baa9a85c,LEGITIMATE,train,2346
2444,19a82c4345ac98869ceedb7cf6929ecc50261a080b9e07e1d81d2a4bd8330a05,SCAM,test,2347
2445,fb678a749ad52a77449792544346bc6240dad1bc51aca1740c6fbb4d4ee52da9,LEGITIMATE,validation,2348
2446,075d3052f8d75f34cb0adca119decf591b5fb8f9fc2ee90b9614cc24558a73f8,SPAM,validation,2349
2447,b07da0ec0ef5546c9e200a274f59de1a1aaca8285cd896cb54c5f7ddf1e24a09,LEGITIMATE,train,2350
2448,77e8564a20234e344c6265153a6ec84da45c0d1ba56b173f930875ca45a6fc44,LEGITIMATE,validation,2351
2449,f0b2968ae7999aba135b480d802f0fafc74488ecfb9b0ff609d699972adc5d21,LEGITIMATE,train,2352
2451,9216bff45ea147c30bec9f6365c47f43f95f318806dc7b53777890188899f71f,LEGITIMATE,train,2353
2452,8941c318ab85aff8f3b24e1af90561702fce6289eaa3b43336edc68c76fc1380,LEGITIMATE,train,2354
2453,9b293d071ab5cf430768b6ea6b72dcef1605fa04120c3cc261231d3d5c61d8d2,LEGITIMATE,train,2355
2455,9c5f73c3850775e4f46c3aec97d5a408de5c739ae4019d58e2890e7ee026756a,SCAM,validation,2356
2456,2b1eac811e8e776396aa8ac3fac0b16efb1c69fdda4c3b24adfc8a487b6f0f17,LEGITIMATE,validation,2357
2457,4e164a7b25cc1028c0202db3b67fa37c2bfe42c2064d022be253976ffddc6d85,LEGITIMATE,train,2358
2458,2ecba4bee7f6ecb6fbe545474cbad41312c47ce9e082b9dad6134234bd8a854c,SCAM,validation,2359
2459,5d10cfc6246266c0f0e034e4b74fd51d9ce1553ffaeae5127c3b229e3339194d,LEGITIMATE,train,2360
2460,acee5629d24a0263960774e49bc0cd1392c5e29379fddd511eca5e7526135c13,LEGITIMATE,train,2361
2461,4f38ab45ce9b05c5cb4b8e58954ba450ffd9ce32be78aa84b16eaa612f1c9c7f,LEGITIMATE,test,2362
2462,64d84cbd4b57aec1005911e4f04b915dc10e40fa25c0964b9c087bc79178f286,LEGITIMATE,validation,2363
2463,5e3f11e836f7bfe9e383ebcdab6fbc2abd33b37a77d7a49f75a1fbc4d2fa589c,LEGITIMATE,validation,2364
2464,6f1b41ac87c5c983f3c1fe3256032223391f016c9f563a278478979d89660e26,LEGITIMATE,train,2365
2465,a5219b8be6516045999d90bd5ee83108cade6453e5bf287009747eedb8232ca2,LEGITIMATE,validation,2366
2466,5e51b5221adcbb674c95cb7a1815e7a26b458990e3011d6887f328f7607bd7a3,LEGITIMATE,train,2367
2467,ac254e6b9fea66d4fe900af33290594bf050b8b09fb8273d5014078c095fb031,LEGITIMATE,test,2368
2468,ff0a2de8c45159c79ba452cd97625464baedb3cfeb79d5f8dcc0309068716de1,SPAM,test,2369
2469,6287bb0aa443a06723742ae942036ba3312ebd2597b4607f0ca212ba56fcb781,LEGITIMATE,train,2370
2470,b99f2189e0086b90f518189d1b47bb1fc746ee72419a6c360facdeb4befe68fc,LEGITIMATE,train,2371
2471,b7f46ff45e83af68c33c853945e0bf46ea04f3913edb239f66a826a93252a2d8,LEGITIMATE,test,2372
2472,4c1eac0036cfa359ea0be10fb112d7d0b44b3747fc780a79e5a242ee68f67c3f,LEGITIMATE,train,2373
2473,e2ca66c9576a8ff717be2da428200dfdf6c4966ce183838857dc66cc5a5f6ba5,LEGITIMATE,train,2374
2474,c9ed7e80331e511fa72e7c4b74b94e338f886741eb49923c2f244645fb7e1cc6,LEGITIMATE,validation,2375
2475,87ff1a8a81060cb439073b93b055c6561f7837058cc7483c461ff7b391c69c7d,LEGITIMATE,train,2376
2476,21c692152405832f73d10e983fa256d99df5171532882b31dd6c184558aff6a4,SPAM,train,2377
2477,3fbd82513954200b869198f6ebfb284d821a52932d1b9f0b845441a2ea378f78,LEGITIMATE,test,2378
2478,50d583ddb82ffac1ea131a158528a55eea28074a603c21c643382685ed131564,LEGITIMATE,train,2379
2479,3c6f956bb3c468e161f0d6bc61a95575edd19b53c0cd19e517f82832ae312667,LEGITIMATE,train,2380
2480,51ba9779c118193b287a340d8b95edcc9ea3c8daf2715c88c59c2814446648d3,LEGITIMATE,validation,2381
2481,2d364e5f41b680f31ad497bced1a2c92b230349fb3e15ec120b4d6cc13ccca0b,LEGITIMATE,train,2382
2482,029b3e74e166e9791c3c7069468ebb2b8ae5498f5ce1b61948cd60c8acf6c821,LEGITIMATE,test,2383
2483,c076d3e40ef40ae67525f6fa3c08df0114b03cb561a7f2da15e6a6335c23ac5f,LEGITIMATE,train,2384
2484,e5a92a6f01502d74854248dd9934bce73b729c49c184524a8f44a379e9951f8e,LEGITIMATE,test,2385
2485,314570d9cf136784f991d59d73715ac488b578681d405e4de1b111c359cfaba0,LEGITIMATE,validation,2386
2486,1a7d94b6607f2117d2cccaba045fb72da6af49d438665edf0a273f3833d28374,LEGITIMATE,validation,2387
2487,f7b1658db2b1e9508cc8256064033b781395c63ab551757fa0468d4ca082b17b,LEGITIMATE,test,2388
2488,6d081f821e7d01372e8fa47de7a9ce3997b3d470676a38ade63bfff560f7b006,LEGITIMATE,validation,2389
2489,8b89dd543d45886d0a56b0c7e9f50cc45296a5c4f21bb43d376681b6e6562a9b,LEGITIMATE,test,2390
2490,c048011bdb36bcf269c5e2f5872229bcd5b825ceb4678d789b2e8b9503c12cf8,LEGITIMATE,train,2391
2491,903876ead318e16af00b3b587aa29b20f43625b5d1282eeacc5e5a1c8537d2b8,LEGITIMATE,test,2392
2492,7359781cb9be8cbc7594595a137862142acfc6269ac4cf2066b7f8c815dab4c4,LEGITIMATE,validation,2393
2493,5b50fc71da4dcdc8ad0cc403f67485c2959655e8e6e93ae3a4393b4fce7d7894,LEGITIMATE,train,2394
2494,1b11b793d12d812cde22cb915a4eaca4a46675c7c9655f15847e9cc80e0fa26f,LEGITIMATE,train,2395
2495,963c812774d40e78725ff38f533171ee78119d9d58fdeefec37c45761213c020,LEGITIMATE,train,2396
2496,3dd13eb60b7a143d75d766d453cc67e1c493cb6a79a7834ebf56dce8fa1b2388,LEGITIMATE,train,2397
2497,03986d21629f73c88832d0f74a9935963516be0fb587d6d11baaa8d15fddd63a,LEGITIMATE,validation,2398
2498,c3a2c13cd11235d4d0484d3bfbdcff0da1e2cf82d22417f2e1f8b3d80fc4198c,LEGITIMATE,train,2399
2499,5dd7ef98111bf16008b31b37255a69644bb689b8a2ac402a72e0145b7a13b6ed,SCAM,train,2400
2500,6b70b884da1de42e914268820c3d8dab2caa0be223063953f4b9db8762df8dd0,LEGITIMATE,train,2401
2501,228bf7588547aa8cf9e4d3ca6c9b82fdfe7dd248266ce221f2db12059db9fae9,SCAM,train,845
2502,422583c9628a38f12be8c5cc0e64cd67ea43973492d863fdf3058b04d7046d33,SCAM,test,2402
2503,d0ccc3bf1958f492ae5e0fbd4990918fa5eb83ed79d82074e7e00adb13ad4bf6,SCAM,test,2403
2504,9f813b65889a8facd13409b161737d0b7af26aa14304cb6e52cf2b5ce216e62b,LEGITIMATE,train,2404
2505,8464ccd8df648c1442a9c0e5b0466a73cd0d1f876a17a6acb8b4c40102771481,LEGITIMATE,validation,2405
2506,e2c72cb6a32d98404baa9f46984f81d9c3da1f8aeb509e86f0393abb2b0beedd,SCAM,train,928
2507,0c58306a9f87569cf06c423bc6434df40bce50e8be1ab1a7da9fedce305d87cf,LEGITIMATE,validation,2406
2508,43f8c2dc517e3a15e09f6c128b30c422a057f1c32bfd4b77480cc745a1ba0183,LEGITIMATE,train,2407
2509,32a21fca0cb44e256cf74548cd5ac94e8b5df63a00814910a0a566f7e39b08db,SPAM,train,2408
2510,127d87e52d1cfeed7cced8973c1a8573c6c96a251734363ab64da2612d5f14ad,LEGITIMATE,test,2409
2511,213b0af7c9aed9980053cf2c58394b171f8429552c1f95e5c5fc1ac550dbd8de,LEGITIMATE,train,2410
2512,892fafbdb46c51153983e43d2c484a8a0a7284997a7baf1112d2d0c7de6c6bda,LEGITIMATE,train,2411
2513,e6172b0c54a50ab87cdf6b9889388e2f5d25c379ba83c45f2a575b12866cb100,LEGITIMATE,train,2412
2514,ac346a47905b62b57cae13805f8d9e8ced793a9c4a5e1a757217004b06beed94,LEGITIMATE,train,2413
2515,993e7b796647e78268918f941e67988affc489b893fcca87f42a329e13b688af,LEGITIMATE,train,2414
2516,5e046180abcaebaa505f793c5966267bbe013e793d5cbf31b7c5006291e2959d,LEGITIMATE,validation,2415
2517,44455f70ed665b9bc9b36f222850dbe90ff2325acdba440b4c4849bd2866ed9b,LEGITIMATE,train,2416
2518,b2999d0064ee9ccbb04f7047623158bd8c0d097dd049fdd688d473da95be603b,LEGITIMATE,train,2417
2519,5b82e91fc6efdb8c02343192e2c5306c8c29d712f3b25881a353d6c20e651c73,SCAM,train,2418
2520,cb5543eac94cc7e441a32e4cc7b9b13e122ff3df15a22199634f924583a460c8,LEGITIMATE,validation,2419
2521,8a7a8ba50c5a9b8cdf8641658619501a307db7b7f54ba140fd3969a506eab2ca,LEGITIMATE,test,2420
2522,0ac5b5cf0c1e49a242c0ac3ce975b203415317b579e79e5804565ed93b87d4cd,LEGITIMATE,train,2421
2523,22a2a4abf636922ddb39f2c9b4cae4d483e4a5cd8a086056eaec0aae51add93a,LEGITIMATE,validation,2422
2524,1d07fa1f794370c52224894c96f3759c597ac2c5c99a3baec10b7190d365d752,SCAM,test,2423
2525,995bd21f09c7fb5fbd1b903282f22d7900de8e7725dba35c759562767e5dabda,LEGITIMATE,test,2424
2526,ee74e3c4365791eb191d51e0072694bb93028c37074f88228cedde16f4ba61b3,LEGITIMATE,train,2425
2527,857ca3b695fc5821c98942cd45f68615087aeedf1b6fb81315401cdfadb55d21,LEGITIMATE,validation,2426
2528,926c1aadd9b6ca2834a895605a0c031ad2cfb8ed6c476de2a274fb6c7db08c61,LEGITIMATE,train,2427
2529,df8b54f92d695057e12236279a04cd0131cef2bd9795defc5afacf28341c2150,LEGITIMATE,train,2428
2530,ba4819af752af45b660f999d8f814e3c11cd7ad7a04b10890d54425b3d854986,LEGITIMATE,train,2429
2531,630474d265a2a5af5a8221b0eeda042896dda1149991c7f36695dc62c3173238,LEGITIMATE,validation,2430
2532,0c592603e2c6d851d1815f5f86fb518f04c4ecbc5b63f8deeb33d074c052c975,LEGITIMATE,test,2431
2533,064450c4f204f97c19236bf9bc1e1a75efb9a94c29deed8d28d0ddec7dd4076c,SPAM,train,2432
2534,114e5f58317a756f1e1f881f0474a03b98b2b3d57cf4784c127a0a0ec7b7ddff,LEGITIMATE,train,2433
2535,a7bcb6718b107ae6ab347bcd5872b60e3628706b34d40ab1ad40f61338d3ee35,LEGITIMATE,validation,2434
2536,e09a49501fac8dec2f1bb4c45fe273a92ec8ad1ee4920492a83b5615131267ad,LEGITIMATE,test,2435
2537,934cbda2fa1370892f84fa5c685fbf9df9e14628f0a92b7f26caae39c7a1a818,LEGITIMATE,test,2436
2538,2d0e30f43ad9d2844555aa33ab8c4ea4d5e5d37eaca83093eebc1ee9a5fb9c30,LEGITIMATE,train,2437
2539,5776f19d641b6f672100582c39b68ad7bc6e79cb3a7c05932a5ed0c61537fd1c,LEGITIMATE,train,2438
2540,4b614c4d3e189f48357b6695790f5d784cda37a2c146a8afe457752a6f9e58b8,LEGITIMATE,test,2439
2541,aa44c2dc1bd91d63adb7b96b4bc58a23a7ac682a0c076f3d935d26f5819faf4b,SPAM,validation,2440
2542,12144b3ba7e7d3f84c793f0d9772664fa90bfd3ef4379fa22eb8e51b78097151,LEGITIMATE,train,2441
2543,8e3cd79b84e42bcfd924f76704a7f315fe6a82510ad758c404fc90eda1c8cbd8,LEGITIMATE,train,2442
2544,2b9b92c3e9422eec213ec3a2f056fa456dd8a66fa8b624f516f303977362465b,LEGITIMATE,train,2443
2545,b14b3fce3e5a6c70bc337ebe454be1a469ec8854816c98009088760680d3d49d,SCAM,train,2444
2546,cb35751a5ab980bdf3e17a67c27fface51ce42eab9023857163e8ce031cf3626,LEGITIMATE,train,2445
2547,0e72c87ed3abffc691eb80227e5f025c4ab6049ad8ad2789022b91997e6b2760,LEGITIMATE,train,2446
2548,96a682de7a4b8ff3d564ce8472e6347fb594932c4dba1819bfec00b94397c4f4,SCAM,test,2447
2549,246fa07822220acc59395ec1daef00fcaa94233e6f56ca6647816fa485115c03,LEGITIMATE,train,2448
2550,8831850b7cce8e38a605c0d954e4f65809a96c8cf67e6d26d8827d7ad9317745,LEGITIMATE,test,2449
2551,0a7e88aff9a79c535a4eb7eb900a70ff2f04ae49bd523a307fd116725753abab,SCAM,train,2450
2552,e4b804f46baa59baf646276195c8b15bdfb49c805ec81d2452b09a452d42fb3b,LEGITIMATE,train,2451
2553,3c482c1a255c99e804dd05e57c8a57a1570210aad57e75873c5a1d33fd02b683,LEGITIMATE,train,2452
2554,2b02b1f76d77a560afed37c862e37b254230f0cf96e7bdf4606730f868b5b386,LEGITIMATE,train,2453
2555,ca0d015852f9707b5312998a72f13851fb90af62faf48371ced1043ba86d6feb,LEGITIMATE,test,2454
2556,b4d13d15c6e898c03612762549485bb4dfc4648f6bbaee4b22f5ddaed526ce86,LEGITIMATE,train,2455
2557,260e03161ff2e786828cb168de69a7a22cbbf49d2692ca77a627e5def3f345ec,LEGITIMATE,test,2456
2558,97dd1a79ef3b3b4d364b8fd90ac30ddeea02e456e571cc39f9e66f8bde09f1d7,LEGITIMATE,train,2457
2559,6777f4261fb92f7a555e1b48ece69dad1e97f8e124afb209848e8d906ca4a287,LEGITIMATE,train,2458
2560,f4289fd2dc8b758c769b7fa9a13bc660f035b1815d968034cb8fecc4257e97e1,LEGITIMATE,train,2459
2561,bdd505abea44953b4ad2477c62f4740e2a39e2c56e8464dad77582057cd33eb2,LEGITIMATE,validation,2460
2562,a0925ac3430a2580eb5f94c8973b8241a70eb80596712a3b384666949baf436f,LEGITIMATE,test,2461
2563,f1a206fa257fc604f0d8a385fba83394e37caaccfc589429c8406f66b9df4949,SCAM,train,2462
2564,abe3294bee34df8919acea441083dd2bbe2d723965384d2baa6c838930107673,LEGITIMATE,train,2463
2565,1bd096a369d506e1e5d1695ed01b950a77c86f45010ea125d0d479ba5a9786d4,LEGITIMATE,validation,2464
2566,a6fa433630a0f3b1f2d91f601ea408f2f5c83d91d2a37fad1e5b95279d299238,LEGITIMATE,train,2465
2567,7767c1199abd31f05220c8689cb30350dd28d92ce6f0c44b2e7d3d2be8c38487,LEGITIMATE,train,2466
2568,e1ccb84cb108a268bd249cb76dbc0b6a3c0c1a1ffc39e52c8dba5687e2decf96,SCAM,validation,696
2569,7e4981c37be90e94bf2f8138a874d63bd74a0a9f879871f6a188d2c2df52e40b,SPAM,train,2467
2570,7eb781e75e940f28f7047fcd28344add42ca28985c6cb1ff62898e8033033ef4,LEGITIMATE,validation,2468
2571,1cab8d8f7f2b5a1d271ddded112037a0f5dba41e03654aee7fd46fd68baedf6a,LEGITIMATE,train,2469
2572,c50c25531c295e068a14ec4031035051d987d4f41bb545e204682ccc87ec296c,LEGITIMATE,train,2470
2573,21801e85bf9291e0fe77c50c8a0e0b0aebb5ded3b84d78ce8d4ab78eda69db64,LEGITIMATE,test,2471
2574,6296fcf8c1ccb2a2b1e40e4281f9733e55f5f725c622ca22b283fa76934e7754,LEGITIMATE,train,2472
2575,9b16185a1e69e21f02656d858f896a6557f96e7b43a6637fa5712f29c962b03d,LEGITIMATE,validation,2473
2576,abd69e58b76b8382cbe0b831318803ce34880dbe7172ff546c6c4b8628570c63,LEGITIMATE,test,2474
2577,17d31907639b14410ef9e5b10f336dcc1208a4afabf3d5b03c932826a28f80b4,LEGITIMATE,train,2475
2578,74f3701882807c9ab3b81952ccf0b9ab3bd2d0d7831a280eb32e70400882c3b6,LEGITIMATE,validation,2476
2579,56a883fc6f77b17838b36e28d8b40a4ba35611da4a08dcecba10ab38e5882f78,LEGITIMATE,train,2477
2580,a1eb7d5acca0daed43e7867b72fc6d7f4c3d274b85da3ba2ae73d258ef83058b,LEGITIMATE,train,2478
2581,de32b1c79033caf9421024a4e7a566304ae8ec87d4ea3109c23214ecbffd71f4,LEGITIMATE,train,2479
2582,fd3ea519b5ae310abe1b9b3192f790b0ea869036397409ad97a4e77c7de3fcb9,LEGITIMATE,train,2480
2583,bd8801635061c0cdc6301168ec7927e18c30952844b57af6cd1f1d1440fb6c14,SCAM,validation,2481
2584,70775adfc3c5a4a29ef9daa8d110e70999af9ef5591cdb9a23d57d4506531622,SPAM,train,2482
2585,2cdd3e3adcd8d16ad7a4bdc6cb5b9db377ebcaf4c7ea7a78c096ee0c0909974c,LEGITIMATE,train,2483
2586,be44d94fa915525cb1dbce5d4a398596508015f2f7a9629f61db2dfe2edb7157,SPAM,validation,2484
2587,9aba765db9ec7fd7be2d939e926a1543447063fb1af86f65d9e0cfc46e0a04c5,LEGITIMATE,test,2485
2588,f181c14b407f1051e4242f7e981f14231436cf2a66e85ea68c2d46700d226cf1,LEGITIMATE,test,2486
2589,6a9e27e9efb4fba5c2d19ec9471b93876fde89759b65ead01c9f2e576043cce1,LEGITIMATE,train,2487
2590,e768d9a11c08048c2271a966199b8bbb3f90f493170479ab36576d52773701b7,LEGITIMATE,validation,1233
2591,b15d470f1317809f81045a834a430c8f2950d8fc537952d758f545c58ef6de70,LEGITIMATE,validation,2488
2592,deedacf5c46cfb48dbed849c2a77a0f5417a0aaeb84479e50189a2f37fa4999f,LEGITIMATE,test,2489
2593,578538c2f9aa0b0284de10f85786b54b0ed99996bdf255e9b5ab7991cca0464d,LEGITIMATE,train,2490
2594,41ae8101cd69dc9cc68b238ad7a8c2abb76afae2924c57347d0e13de38e9b997,LEGITIMATE,train,2491
2595,5d734cca5715cfaea9f063edde5eccb7a02c4f33f5be9a747e5cd5b5fe11f048,SPAM,validation,2492
2596,2574fb24fab522838f7a440fd1442a8ebec1df2d6862aaec9bc6f663588b19e8,LEGITIMATE,train,2493
2597,06fae5e852f8cc0346a951ec0b9341a6fcac664fa9416a57116c6d2f95215789,LEGITIMATE,train,2494
2598,492b5d70ca3e1d99970598f6e26142f88b3bd3396f91a6736e69cd7981de1d5a,LEGITIMATE,train,2495
2599,5479fb79a7f47168c49afa35d9d440249bb80560c1b57503d9e344c75e1cc9e3,LEGITIMATE,validation,2496
2600,1384122e0b1af6989e60995a40bafe4a1537d4f34add6237595ccb2955469e85,LEGITIMATE,train,2497
2601,a8cd958233fa919c994a8f06280fa4c3a02523d5d896f8c3b9d70f885397a733,LEGITIMATE,test,2498
2602,2aedeeecef28b8fa71c8aeaaeeebd15f5b52d965c8521276431cae7598b1a392,LEGITIMATE,validation,2499
2603,327c5d36d5c6391f0394ef400eb917fa2be64d1d593265c2688bd3ba87f2278e,LEGITIMATE,validation,2500
2604,6694be07caf13e1b1e1131969088a728907c097ac74a01dddf9f76dd095b946f,SPAM,validation,2501
2605,e2263398669fc82b63df4dcdc8ee0dad63caf344bd4d87100feea37ea19c3a2b,LEGITIMATE,train,2502
2606,09b7367d989e2da26c07a67b711292e1568956eeb831d7ff33c6a3d70b1f6da3,LEGITIMATE,train,2503
2607,3474931ee04a91f3e78f859da6b59ec1a6095c77e4c5c302121f19b7fbb4a082,LEGITIMATE,train,2504
2608,8061ee5f9b77b555c22a3fb63263ec82d93a71f8deeea4be780ccc73c00c7344,LEGITIMATE,test,2505
2609,3b83a3b56a533403c3d14219c72585b2b3880c0be07150511372248484865483,LEGITIMATE,test,2506
2610,165fcd05b3ce506e4100ff1537ad185719da0bf46864b4c170d92d41d48155a0,SCAM,train,2507
2611,647791057d48b04bad380f057debf5eb6e007f65948aec112f187ed5def182f4,LEGITIMATE,test,2508
2612,1359c17b5629e9619d92cdbed649ad5033722429f3e4989de055b1c43c9423a8,LEGITIMATE,validation,2509
2613,3499b093f650641ff7790973eabec82854c1bff9f0e696ac03ccdf03b0ca955a,LEGITIMATE,train,2510
2614,c4fb9e341cda94654256f498a16e84fd2320d7cdf0773352650df12178a10661,LEGITIMATE,train,2511
2615,305a9df1a3a7483fce3687b5726c8bbcca2d5ecd8bc93650b2ea680a9b0ea710,LEGITIMATE,train,2512
2616,ddd0e5cbc09a8f5b61e25794c984071b118ebeb6b13f1c1711031d3d8e580786,LEGITIMATE,train,2513
2617,dfcfba289bd242112900fd4368e583fcc42cf2af9635fe362e1b0b2151bef00f,LEGITIMATE,validation,2514
2618,eff35f5a07995f47803407009be016e7e3a3fb133250fa0b4c1b2b99b867a79a,LEGITIMATE,train,2515
2619,a4d9304a77e243ecb1c22d9629d3da1e736e69bfde28e73eae394cad25decd6d,SCAM,validation,2516
2620,e5cc4a382e6ef2df41529830e78dc7a41fb5608057d2c4d0d7e1dbd1f8659d50,LEGITIMATE,train,2517
2621,a916716e71a7f1038e8abf698c23c4bdddad666f67da2f1e369273c2dcb796e5,LEGITIMATE,test,2518
2622,f02f3e95af335f6167612a3839a0c74bde57dab883f969f4de7fde6fd6ba0252,LEGITIMATE,train,2519
2623,64627ce31147f2211b09fd859e7b8e35b1b6f76cf08f3a1acedda5a45d4e24db,SCAM,train,2520
2624,edda6cb359dba4fb95d75a1c97cdea8fd779f3d1edbcbb835fda5a2fa7302d40,SCAM,train,2521
2625,ae4ae35f42df19d6c3acf712eb39c7bfdab6dceb787dd1aa1612a2452c1e150d,SCAM,train,2522
2626,f881a16735d5fbc84fe139af90add440d08d2c95f1e77c4397c82f42bdfa1cf6,LEGITIMATE,train,2523
2627,806047c5ce695108c56170d6a31e4d764ba54160f19abdc6ede7b9986285eb0f,LEGITIMATE,train,2524
2628,697f27482b4f98688000076355b4317b689b2e5c7e314fd37db357844ad6baba,SPAM,train,2525
2629,4276c17ac1cca0333264d89b8222b6b93504186051872787829b38c4889fd110,LEGITIMATE,train,2526
2630,f5e32ef01488d07e3f5f5d6a35b5273b7b7785ec659fa194d8231c378215960e,LEGITIMATE,train,2527
2631,29eaa142fb0dcfef384676f4b06c1895d6fa5f7d7b2784ce136908a8396328d0,LEGITIMATE,test,2528
2632,f61f299caab5a6cff599249bff13c82a6edaeb28545454e2ebaa82afa844d80a,SCAM,validation,1246
2633,10fd8531aab532333f7270613d5f76ee273daba3b935fb21f53c6ea08fe7ba32,LEGITIMATE,train,2529
2634,5ff5213144fdbfbc9b025a4df7959e39e92598cd79e9635742b4ae243c448906,SCAM,train,2530
2635,af8b3a0b61bc02862027e53057a4d4a9e04d2358e87e38645ed552f26b7275ab,LEGITIMATE,train,2531
2636,7695519cb93282935cf5ae34f8c449831a5a06997dc4f684716ee14ea37691df,LEGITIMATE,test,2532
2637,a60262bce05a43cdb3044bb05b2bb004816ec41236f218bcb5a5ea577c0afd75,LEGITIMATE,validation,2533
2638,e0d8cf2167b635c6b7f813ae9fcd30055c8f1361d6bd45a10a30bebc44308c0a,LEGITIMATE,train,2534
2639,6bfaa73d8bbab95e95629f5a5a56c4593af385d84a1c5e5cb639f3301cd612d0,LEGITIMATE,train,2535
2640,3965f30def817f236a99b56e1ec09b61d64a014bab37ff644c6ffaacc903b4aa,LEGITIMATE,train,2536
2641,3d29041125128bbba701a9b9c493eeb315c6b762650749d58ff4450d885fa5b5,LEGITIMATE,train,2537
2642,7316c26033398c2d0155991ce7db7cfe535cf100e55a2db350460d875e380e6d,LEGITIMATE,train,2538
2643,20485a9f1fd47470dc7cbdaadf35a5e65ed87c186deaa2770538307ec2aed511,LEGITIMATE,train,2539
2644,e3cc9c993538e02358d7f817508c33c8b719a940cbfbffde6dc9b9ac24970eeb,LEGITIMATE,train,2540
2645,c793e0d2aad5baaf8466d9332c8436b764b325b302604eff15846c6af5dc5394,LEGITIMATE,train,2541
2646,19f822007242f3332328cf44a929a89aaa45ab9ab24b877036485f86dd597806,LEGITIMATE,train,2542
2647,00b0189d27c9e10989c80ab256eaeba2398af52647987aa249159398f4c0b652,SCAM,validation,2543
2648,083ababcecc4d8bcf4d861cd3091c5e842fe974d89bc2a47cac436eea06ab323,LEGITIMATE,train,2544
2649,2f80be1ad3d159b4257a97b41f85c5d55d352918b536e0d7d343466f1348c948,LEGITIMATE,validation,2545
2651,6f15914df4de2e1767dc4dcdbd0c0af0575db70909a1812c5b1fd71e8a3f4f28,LEGITIMATE,test,2546
2652,5275307895e25987fcc34075369de2b1d5ff8b7217823bc17d0567e212121fa2,LEGITIMATE,train,2547
2654,f832ffda65a4f97791273a38d6dcf94e13f053d3ce91840f6020c4ac0b93347c,LEGITIMATE,train,2548
2655,359d5bf5cc9d8798d241eba916672f6cf0b9b13285e6ba59a7ad5332e0e7de70,LEGITIMATE,validation,2549
2656,441dd1cda885988b085df990b0b84534ea0461863e6fd3f62ed05f1524dbb6e4,LEGITIMATE,validation,2550
2657,c3de36f415f18e15784664669ccb91a7204b86143cbb1945d86933d4c404c40c,LEGITIMATE,test,2551
2658,0467362d711b64f8f0215b56c0b27f06eb64b0a68b117c8cad003302476a303c,LEGITIMATE,train,2552
2659,cfdae9731505435a7c3fcc9cb9cda08d6bac793455b33d9249392a888654a8b5,LEGITIMATE,train,2553
2660,d24da54c6c2484618c24045197ca98adac6b78057f4fa4e060f7e255e0ba4fa7,SPAM,validation,2554
2661,77125e64af078a0985c944b3e16c4941008dfdd9cb52e8a5976e315c2dde4e4f,LEGITIMATE,train,2555
2662,24ecdee17025bda0fd0243a914417d938c9bff7b179004a0c277cc468b5bb5af,LEGITIMATE,train,2556
2663,58bd3d114f9bdcaa5a88a8d9651308c26d89dfbdaabb0f15c51be07774068d2e,SPAM,test,2557
2664,b9381aa2deba64ef59c23fb0a5aa1860445a58f463eff76b81db42c5acb24099,LEGITIMATE,train,2558
2665,3590d39cb097622270a6c52791be8dca95a49bc55b82536c425f75d275f7837b,SCAM,test,2559
2666,c1d3eb92a0365b1d81fd20138a722390101c48604180cdac7300a9062fc42690,LEGITIMATE,test,2560
2667,50b19f63e93cc5e3df460d2f6cb15d9a60833de8a2894437c3f8b201ec15ee18,LEGITIMATE,validation,2561
2668,fa907637d6aef5a1347d37cba0bd13b7be6d5fc75fd5718aad2cdb69c6677544,LEGITIMATE,train,2562
2669,44ccf8ddbfc98308d3a9f9e73e2ce11b5cacb152f22e54d98e42dbf43ee6e47c,LEGITIMATE,test,2563
2671,531d28ca27600d22ee3ac17e8762e0cece76b6e5c6836a1b42e135ea81a6cc8a,LEGITIMATE,train,2564
2672,bc86ebb3742944867d3da495d88271c0bdd1967c0a9fe5841ad71aeadb4dfdab,SCAM,train,2565
2673,111e90c4f09ac4e8e4c5eb9c310eb8b595c5fbb4a6df0af5aa3fd753b8e3d35a,LEGITIMATE,train,2566
2674,49fb7687032bd66a24b920c544fcc856c177dcfa982756f09c71d50c405ca30f,LEGITIMATE,train,2567
2675,a1543d13a751f53c67dc00d5220f760886a9d258eb3a0c7a4dc2528bef017a3f,LEGITIMATE,train,2568
2676,522b6d1e1c50d4d261f9a77aa21b13ad3be23c9522d397168f4ec2116e7a0c34,LEGITIMATE,train,2569
2677,e3db7752bcb2b1870f6f3b056d315e3ab7f3d5f0297f9d847dc951313fdf30ed,LEGITIMATE,train,2570
2678,8bd56647f55eaaadae2271e78377dd0aba5aef152a916634885ec77ede265ac3,LEGITIMATE,test,2571
2679,fa3f30f2859539824be2f58624247ae65b2ced2bb2fae94ed8c830aeb3eb2e90,LEGITIMATE,validation,2572
2680,734f5f5ddbcb08e5200dc4b749445be014ff61ea84054574bd79fecf93996b27,LEGITIMATE,validation,2573
2681,ef610eb4384b76127dacbb80495f957ebcdb9dd0d27e6997c1529314bcc07006,LEGITIMATE,train,2574
2682,31207260dc4459a7b59038deb4ab6543420e1e5a16d25fc7f14f8a6ef14dda0a,LEGITIMATE,validation,1043
2683,ea4411a3a347f4770a22b335a0aea6f048746f6d5e9f5874ac92f2526e7bc65d,LEGITIMATE,validation,2575
2684,02d08b0ae4861ead5c85cfdc98ae7fcec42aa83f34c251e6c4318b175934b19a,LEGITIMATE,train,2576
2685,4285447541beaa2f3e4bafc4c544f17768d689f412df06fa91c88079e1dc16a5,LEGITIMATE,train,2577
2686,7da8b0d61dd2b804de7071977e9136bc1e39cfce79444aa1586f2ce9c14ab2f7,LEGITIMATE,train,2578
2687,fffcdf928501377d8d45ce1208d32e7c1936e8df38b8f923dae02abbe6a8bced,LEGITIMATE,validation,2579
2688,fb919f510af43b4bfe31612d9c6f78acf8cf93337282cda7ae60ac3fd399015d,LEGITIMATE,train,2580
2689,a457e4c9df43cf1d6dbbff79fc69d94e4ca07c3a74e19f6f37ebdae5119d7a23,LEGITIMATE,train,2581
2690,556a27949310a69f668882e4f705bfec6d046e0b5312e4e71f50b3ad75e9b561,LEGITIMATE,train,2582
2691,2ee56ea41c344aee28b5d82a755766bb94cf018243688c58978d4ca28df5a050,LEGITIMATE,train,2583
2692,b79a126a077299e2cea78cc1546e6549fa50ee5563bc51979d05431d484dc03b,LEGITIMATE,validation,2584
2693,517fdb41479e45c5a0cb14804e51b29196a8cbf29ea75ae69e4fde9adf7601f5,LEGITIMATE,train,2585
2694,09e58d749c1a700b764fd853ad210194472c432f5176f3276f3f321707bce90d,LEGITIMATE,train,2586
2695,0313c81b51bca99f84f2c90fcbf658987a8e6f5c04bf003f4b5163d2dbee4831,SPAM,train,2587
2696,3527582f99c07facf08d5101dc9e44ca2ac185f61d474f71a95ddf80eb72ce4f,LEGITIMATE,test,2588
2697,3ca5096d0a1f10f74501c66fcacb251c12d270c6a82c0a31d759d1d1cea0f334,LEGITIMATE,train,2589
2698,ba23744c17f9a1563e1920f8ad4bd781d9ec131fa53010f42e52f6954f66903f,LEGITIMATE,test,2590
2699,5f65c686c229419ef237ace9e8572251dcc8577304ccf0f7ea51ea9f82dc8b36,LEGITIMATE,train,2591
2700,21d383f3955a52962a0979f1073252b9f4a9d15fce19792acf6de83fa4a3d4c9,LEGITIMATE,train,2592
2701,8f06775b648c922c1d1778f24ae9f2e8b4ac4714b27603816d09dd4a771f4168,LEGITIMATE,train,2593
2702,83335c2884e5c114d15241bef8c257ee21c597a4886e1314637bf600fa5c339f,LEGITIMATE,train,2594
2703,3e4d622b239bba55d05d05be31c6e44dc9b0d5551cc5f9de5842c1ddf90b9895,LEGITIMATE,validation,2595
2704,16bd9df3372d86e2917717563e772572b1aae87ba85f40012367435ef221ddd0,LEGITIMATE,train,2596
2705,f5d6149450106d1fcb80504dfd82739d32b40895efd657728ae6fdc38645447a,LEGITIMATE,validation,2597
2707,a418082071afcde68b3f8581699f7ab9693e7ce958173541304d7820eaaf43b9,LEGITIMATE,train,2598
2708,c4545bb1650d9cfb29ebb3a61de1ef71806ffe5bb1749d55c5a031ab7e0e63d8,SPAM,train,2599
2709,8498bb592032f8e9a93b9b26a98c9c99be8996d0d731d6b21bb965ec67f4a325,LEGITIMATE,train,2600
2710,a9f0cb64bef0867d9ae80210697bd3796e2f9cd9706ef771b5cd054a5a854af9,LEGITIMATE,train,2601
2711,4aa0bb4fa18a8609fcf1439e4aa25856ecc8f165a3f4f06a51bf25b4218a01cb,LEGITIMATE,train,2602
2712,ed5e9555023a929eb03406630dc639f6a818d8c2934256108432e87689c0e4ae,LEGITIMATE,train,2603
2713,5697b2d7aa492aed3a02dc2d62a392177966bd9dd54c1a6d83ffaea8f19f5e85,LEGITIMATE,test,2604
2714,bb95673310fb307f9aa6eaba9a68fd2f324b489f585e6ae146cf0102ed99f999,LEGITIMATE,train,2605
2715,aade09bab7e6a3a2ccab4b110c99098d708040b4b93cb3b694f825ecc4792866,LEGITIMATE,train,2606
2717,1b35656ac42a8f90e41ffd217915a1cd5ea1821151514b107f08b195ebbcf091,LEGITIMATE,train,2607
2718,6b35e047ae4ab6ff6fe5d61fe824e8042e6763cc4b256655901d08edcbd64916,LEGITIMATE,train,2608
2719,dc0e3fa27e3485719aefeed856508acf0a6110a65bc01043b892c0bcbc8e9723,LEGITIMATE,train,2609
2720,7228449e4e66f66a0f2a9465c573ba97b3181038269c5d762b64d7cc4b42da00,LEGITIMATE,train,2610
2721,ad7107a9f6d7d796c8c4e49ab0ef1937faac0fd34f413ff14e0c72879381f732,LEGITIMATE,validation,2611
2722,a5f44fbfdc3b234c4bb4d8ee17c9efa762ebe18b5d0ff9ede624f08f2617c086,LEGITIMATE,train,2612
2723,6c5ff4e3bdc7ba4ad1449fddaa9de7b788944a5f31cee174ebab5ae6c9daf748,LEGITIMATE,test,2613
2724,ecc7a4254907a1bd04018b64c89654067dcb692c16f9d52880a3bd34f4164bbe,LEGITIMATE,train,2614
2725,9eba2a762791968f79cdc8862b6c836e94fdc855fb46ecc72358230f9e78e62c,LEGITIMATE,train,2615
2727,ba45a4fba55ca4e0b7231925e61830306f897583f7195468e8f96aaf81905d53,LEGITIMATE,train,2616
2728,4378ea4139b7b64dc4b08428b3656e551dc04048055b1e488ec3e5adc42236c4,LEGITIMATE,train,2617
2729,5d92241ed5d537b9fdc8943f4546a72f8f27734da0487de987c76abb0dc7a873,LEGITIMATE,train,2618
2730,05a15c2eb2f85f72825d8a01b9e84e542ad757a5f5e65772f802a60b4a0e80f1,SCAM,train,2619
2731,5a591aa84e3761963a3d5c34bc51387d45ea400aac6a71bc45dc4af7ac130e0c,LEGITIMATE,train,2620
2732,222fc45bd188c45cd8265a704de6eec0b58b38d25bdb873ef07a4a14a5317bda,LEGITIMATE,train,2621
2733,d5a5a96d9be47947192ef92e3d1e3c4405e87d3908d2c63982ad5ce91d0edd1c,LEGITIMATE,test,2622
2734,49d2cfabc161860bf294c9e6f11478b5ab3ab85bd726c8dd57954729090dfb90,LEGITIMATE,test,2623
2735,b30bafc9a5d82c5aaad4bc1a9f30cd8107697364d36efea785f7cc89d7a9c059,SPAM,train,2624
2736,b5198a1bf9e63f39ba732e283a7f60f0f3a6abe37537b192325258934242872d,LEGITIMATE,validation,2625
2737,9a29748d00914f1c51ccb8701a842b94c1850c1dcf4334d7e0d2667a16a350ec,LEGITIMATE,train,2626
2738,3baa8ed53400015ccf792b78701490db7fc8b34cc451bfef9f3d79e4886ebed9,SCAM,test,1811
2739,eb17078533c535a13ba8bcb131ac2da560430c468800659a0c43771e51bace5c,LEGITIMATE,test,2627
2740,a0b4660e8d3b20bf4160020da65069d657ce59ee8a2c6a123e4e8a328a48e3b0,LEGITIMATE,train,2628
2741,d84b5b2fb31ba3921559f544479a3229cd4e7f9e97f4ef89bdc83da191e1516d,LEGITIMATE,test,2629
2742,d0aec3551fa532169fbfb76c1ea4a218a4a7b6d7d85a68d540ec8b30d3fb62c3,LEGITIMATE,train,2630
2743,7005261e15898804d8817079c28eb0832179fcbf77186329775a1c477683dfae,LEGITIMATE,train,2631
2744,7624d804608095d0ae00f8ec32cc42531934c396e246fbf78c25212b8b306233,LEGITIMATE,train,2632
2745,055fd5996ab73212d2dd99b8a1cc380ff1b8ffe3e321f616f20e01db3ff2a95b,LEGITIMATE,train,2633
2746,774e8ca6222bbd3b7dedd6151b715888b4d6a847a6516ac82f1069ac2d0dd570,LEGITIMATE,test,2634
2747,de5386b3230aa5ccbad00a4fb5f057267eb6a36d72b0645e1ffb8977102da306,LEGITIMATE,train,2635
2748,94c3e68d5486424c2626944491da4ee1b1f4a5f22edf5dc87257c237caba02ac,LEGITIMATE,train,2636
2749,906d6aa91c602afb2b6eb749bbdc70ed3db269dd478e76f9c785998c472cab10,LEGITIMATE,test,2637
2750,a86be2b6b7c3ee38d5d4849aefebbded8ecf5d4874599785d1732af64031e0cb,LEGITIMATE,validation,2638
2751,a8639a2bf8bfe5e2ab6c4c6b4c3a73e60f900a04f41eeea9343adf4e60542ca3,SCAM,validation,2639
2752,4a4cd91a7fbf6ed3dba3ac951e2c10d121f91018774d333e2725d560f69d5da3,LEGITIMATE,train,2640
2753,35c1a9de133a21ce6d16918c4e4d60ef3d4682fc07b80575a457d17b29b84373,LEGITIMATE,train,2641
2754,63048f6d64a0add316214fee23d0e34229ffd874c15839ba77cbe73ef4386806,LEGITIMATE,train,2642
2755,ec94cc5af8dc4e337acb67b03d0cbce452cb56975931945e95bfb381593f1bf1,LEGITIMATE,test,2643
2756,c0792f559cf7fdad8a23489ab61bd13df5c3c06a6fc00c13ed7cc39cdc18aaaf,LEGITIMATE,train,2644
2757,3149861a4722eac988fc7be7f5b70920c579164c3c05e03b3c7b07532851b278,LEGITIMATE,train,2645
2758,8bc8814d93c3ab7a5fe83ff9569dd7df0deb081f52bcf611080d3e4b78978200,LEGITIMATE,train,2646
2759,0ddbea11197edb57ec7cf6037bcc7562f468a418d0b79150494b0e323ecc5087,SPAM,train,2647
2760,402c2a404ec85a4bdf45e18596e491adb5b6aa4a7cfd691899f8fbba597b2de1,LEGITIMATE,train,2648
2761,d89230cafe37241c7f4a139472b760c352c36a0218707ecb8a1b41c062dcc1e0,LEGITIMATE,train,2649
2762,6121088f73d73a5fce92013527f6c71aea56d164b0306e678816a8356ee87f02,LEGITIMATE,train,2650
2763,88a4457983ff8d693749f71829c88fa6603fd2b2384f29286ba32937438632ef,LEGITIMATE,train,2651
2764,814dba2ca6acf8cf043039b97d945a909820f3ad2e5a4273990d5f2d73de3b02,SCAM,train,1378
2765,47b8e7a1584b90936bb23eb6245be2504eefeb78af7742703d33804f49bbb8e6,LEGITIMATE,train,2652
2766,0a6b99ddf92a8a04ae23b10dedb94708b9a828e8ac58f9488fe7d73c3041d339,LEGITIMATE,train,2653
2767,066708c67983893d09a6b3ccaa02bcdc2332bdf041d71e04e267ad1e46c315db,LEGITIMATE,train,2654
2768,9fe35041aba213e92bd86c34e9e5a46d6df3ab0fd527823e1a4755d20a91be53,LEGITIMATE,validation,2655
2769,adbb56fe857bef65d9b34ff42329423caedf195546becd406e9d6e83a09a0dac,LEGITIMATE,train,2656
2770,e44130d329b51175ca3c7e6cb3d2e40d37a31320be745a20f9980063dd8be0dc,LEGITIMATE,test,2657
2771,b8a91f57b3914943c1e3e1793f2781b36bf6f83022b10af1a85b6497af06f483,LEGITIMATE,train,2658
2772,ade09cae708ab670c90b34347dc19b48ac1587df295b8f1416f3083922f3a2a3,LEGITIMATE,validation,2659
2773,47fb16a5d865c12ef1fbeb19d04606e6ab7082043f6c58be8f1fed4fb7dc7d3b,SCAM,train,2660
2774,bec35f1369dd835a345ab6e090165a87adade099e2495d61fb74e9bb6275a438,LEGITIMATE,train,2661
2775,1874dc4c5a9652e0646418be79f70085af60c6f3f2af4cc6bf95544d9bb0bb69,LEGITIMATE,validation,2662
2776,02039da9268ed690c654347acb61b82c977c8104123f21e90dcac000a910310e,LEGITIMATE,train,2663
2777,d3e9bc496db438a787c673cced77b183819479249443379ab963beb462bb1270,LEGITIMATE,train,2664
2778,3b14d966bbbf1270545229c69ced2ef13dc29522e0c9f40dc41a5639c9b9cd93,LEGITIMATE,train,2665
2779,77770bcedea6f629440019f4198641f3c43022a207ada0b320417cd2636a4df1,LEGITIMATE,train,2666
2780,dbda9cc4bf678f7d497d031fda0d627c0aba2aba1766918cfbdee971f5cbbd1f,LEGITIMATE,test,2667
2781,6c99e3fbd01afea3b2b4d78ca4ec6ad2fd6c2920fbf58298db3bb2650d756b97,LEGITIMATE,test,2668
2782,42eaacb8cab1cd3283e79474d1653ec490de98b3247fac536a6426735b1f6030,LEGITIMATE,test,2669
2783,0985e97615bc7a9121fb188fcea60a88c269da235815a7b33ba739679e87ce1e,LEGITIMATE,train,2670
2784,564b7c9799249351acc768cd247f5ac9db2b1bda4ad62dfa6afa3d161304190a,LEGITIMATE,train,2671
2785,24f975413c89f6e7dad375b388b9b91f4b415fa1be7b2291b9bf6a2a342e3e63,SCAM,train,845
2786,c5524f0a4bef97cf68879d869fc6c0fcb2bcf8744b55239a44c90fae52a52458,LEGITIMATE,test,2672
2787,5d3898c6f14b954c95151065737ad83e3495b4ea009f559677af5f2148e30730,LEGITIMATE,train,2673
2788,3adf64fa4f3b79160748f858c61deb705e04f3b42cab1f95f7d5eb0ec24d568c,LEGITIMATE,validation,2674
2789,1d9bdf9757383532cc9460131cbd681f01c5ee52869fb85ad3d805a1d7ac4a8e,SPAM,train,2675
2790,51bbf596f7823c5739b14c1599aeae99dd758b511ba08bf0ac63a7416f03e068,LEGITIMATE,train,2676
2792,9a74f75ec1ab214f999ccfcdbea7b6d2029af71b64b2c3ba87dcfeadeecf21d6,LEGITIMATE,train,2677
2793,23b59a545db8f2e76bb64e8bf0f9547003f0cc797c6d1b4866a36ecfab7dccb1,LEGITIMATE,train,2678
2794,58810c04cdec77b36d62b2e4baa53e8f15f11540ccc9cacd56a9cf90570c4658,LEGITIMATE,validation,2679
2795,a2f4f543ed3279a78a5432aaaac9c390f53113abaed757c8eb747c7bf74b42a1,SCAM,train,2680
2796,ea69c539d10a4514ffca16d3b3970f4b8fedf7c5a6f25378ae1f570e8e98c3cf,LEGITIMATE,test,2681
2797,a8bbe34b50b7a22a7ded25a0a97254dc277bd4854d7de16078a69c07159d4fe7,SPAM,test,2682
2798,cb846d91ba2fe436ae856abb66bf3b54f99d35aed5513381ddd4d357059f0bd8,LEGITIMATE,validation,2683
2799,625ccc3dccbe5eeb9b9441555d2bcf847f037352d604cb3c42d605905478dfde,LEGITIMATE,test,2684
2800,eaac31ec707de89a81a7334194321683b6c0f09e3db800c5467595f5b1d95954,LEGITIMATE,validation,2685
2801,b51c2f3f14f474565f905a3202faba618a3772d70872c57b6aad8b23883c414d,LEGITIMATE,train,2686
2802,1fe7ae45cedad49483a6fd76a669b7c6fba4b965250d6b47ff05ddaedd8c3f2d,LEGITIMATE,train,2687
2803,c7ddf43922e5ff46cd0302aed5cb843fd27cf3dd8fe06bf2bf31fd1d40060db4,SPAM,train,2688
2804,431956041b0046f49ae1192bd7856032ad70acdb5fa2812de5c7ebe4e2d2f2bf,SCAM,test,2689
2805,02bb7c6856499e2cee66d8c5bf518d3e24662a9bf2815d5dd228c3fca85defe9,LEGITIMATE,validation,2690
2806,9f08210ee1aaa572405340643aac432279ca722d90add8bf3fe971b52b6d6590,LEGITIMATE,train,2691
2807,bc78953376e618619ef07fb302d0d82a37081522529332f9483c01ad0fc97e1a,LEGITIMATE,test,2692
2808,c63a8b5d19c1b47bc931c3e2dcf9ec318995d846ac3d606a2f7094b0f0b8cc8d,LEGITIMATE,train,2693
2809,41d974faba1465159e62a83a226898c4a0305542180acdfc554e2876eecf8fc2,LEGITIMATE,validation,2694
2810,8148e0df8568fa1e82b7703919e5e68bdabf1b53647091545f6785e05c9cc255,LEGITIMATE,train,2695
2811,0bcf907ff3255cd1c69a5c5256475ba780a9d55a2f82e253425ddf99dd4a606b,LEGITIMATE,validation,2696
2812,531ca9a8fdd9774234ebd7f26112f8f517b7571349c842a416a9fc164c0e0c5f,LEGITIMATE,train,2697
2813,ad52504ea07b9b614d727068e87acf1254784c472205bba36daf32f83026f16d,LEGITIMATE,test,2698
2814,70fceac97194d07e7a57ff6474307f8b1d7514d5e440cf5b6fc794091b5c447c,LEGITIMATE,train,2699
2815,7e26c6c5a44c5f3c0430d812d583f4335811eed67ff47800c6e6a5074720ec50,LEGITIMATE,train,2700
2816,1d286950a93f5abb4f006915753cc7242190b73db378dd2aa713a31958f4e8c7,LEGITIMATE,train,2701
2817,22927d4e20ee1de5991b6217ccd8c4680fb4bccdb711fd343f5361aeba93b70e,LEGITIMATE,train,2702
2818,b04ea93c0baa3a7de40b6a4a9197f714610f6ee54adc0384f3a068ffab83190a,LEGITIMATE,train,2703
2819,edbfa26a3fe5c5d6d96a0da9ca9b2c668e8a591d4f399e9a8ec1378f9dee88e0,LEGITIMATE,train,2704
2820,b70117a348c197886c6b32edfbcf3f08b9d6ed6424bdb82b87ad7da3cdaf9eb4,LEGITIMATE,train,2705
2821,5d6a16d57037c2e2ea12e8594bc0e9dc3a10f44e5a36f04a1acc9f193d8ad4f0,LEGITIMATE,validation,2706
2822,6a35b2fa64a16d4e04a092db69f1a142419d20ef0da408ae134d9ec23ddd92fc,SPAM,train,2707
2823,cc50c148282dcb55cd0b5bf62acf62f21117cbe59ddd252f74c2fb177d8055d9,LEGITIMATE,train,2708
2824,c03cb114a32ddf6c9fca5fa1ce1bf49a0c5cf49660eb95551a14aaf3996757d5,LEGITIMATE,train,2709
2825,faec80b99a4fe3af23650e494d93752d4f37a8123d06904f516e826b38540553,LEGITIMATE,train,2710
2826,763ef02beb342ee91b8f286b9f7ea6779900ac396a87723cc67e9cea1f694475,LEGITIMATE,train,2711
2827,21b079972f89f621a4f0bf5ddf31f7b2f333147d8a94f234bb2491144f394c31,SCAM,test,2712
2828,9d492fc7474429de0185b3e04b00c20a43f16f890230cd37acab98151db55d94,LEGITIMATE,validation,2713
2829,1dd4da661846ffeb04d4dd2128ec83039d3ec7a1db1e8eef5730150eee70b063,LEGITIMATE,train,2714
2830,0cdd1bdfe87c222adb15ed304409c0253fbddc93de63b15320703dbd62fb496e,LEGITIMATE,test,2715
2831,420580c4740f60681b60991629e7e0843453afc2b43b4fc3dac1596492b3e6bf,LEGITIMATE,train,2716
2832,3f71c3b2dfc0e116583d5548f78957cc9b7df4fc6e2d3eaddb2007e3a7ebedbc,LEGITIMATE,test,2717
2833,e48427a5bf502945332f205601a6a6241f5d02322de57c353c267d67146d9195,LEGITIMATE,train,2718
2834,47adb03ee5474913590916f08d1d1d92c0b4ac1707c982bb3ed0c68699d7ecb4,LEGITIMATE,train,2719
2835,b566fbb7e1efffa252240ea2cfafc18e3db3f41fe0487977023786fda3c5295f,LEGITIMATE,train,2720
2836,d802f8f98e7c63cb10d1bced763a23072ae4141835367b641ab972815c40da15,LEGITIMATE,train,2721
2837,4d89e18f6329d1cea595cf8bf1c2ad2c0c66897edd0a97d472bd24233650016e,LEGITIMATE,test,2722
2838,f9bf34d419afb4887fa76eeb3e6d4684de0ab4fe5888e9da1c54e523e02d0cc4,LEGITIMATE,train,2723
2839,85575a00fbf9d25bdb09c0c36150a24e15a3f9bd342574579c5f2e01640f39ed,SPAM,validation,2724
2840,eab7e221a93a6faa8fb1a594da6620f6cbdd778330bbd9fda3461ff6b7d7d28f,LEGITIMATE,train,2725
2841,7a71521f8795138d9e6d9bea5759d2181ff203af26d4364ecb0576b85b8e9960,LEGITIMATE,test,2726
2842,3d56f423fae22147d41391e3634efea69566f309861a0400a825b6b1f7e7ade2,LEGITIMATE,train,2727
2843,8be8254c8f8584f53c837e588f641654ba13891237bf3ffc07ec459c54562ae7,LEGITIMATE,train,2728
2844,2cd864f39e9c46b959746d00cd9947486c70183e585ad41b396147dbe03035c9,LEGITIMATE,train,2729
2845,738f56dff5147cdf903903dfac0b051302c7f85909cb2ca435f2a2ddd36fd46e,LEGITIMATE,train,2730
2846,8bd029041c76ab6d1a9d12fe0d410703d5ac0eb8a7f6b096974f068c01336eca,LEGITIMATE,train,2731
2847,d3aa397927593d9f3995b0c3d385a9155f2391ed5144b176fdcaaf3332014420,LEGITIMATE,train,2732
2848,6ac3bbaeffaa6f9e51ccd355de5f449f629c7a9d47b64ced4edbf43e869481e8,LEGITIMATE,train,2733
2849,663e1ae8e4c2f4bce895741683f7f99a122de586bd66fe8740b5dbfdc8e9a2ae,LEGITIMATE,test,2734
2850,0166db12ea092f3d4514df1028aa841388813575d96d5c639bb76f797da0347b,SPAM,validation,2735
2851,1e17d69a6db3c101d01bd59fd355f2c7680dd560d883f8bc0b1bc6f3ee7cd424,LEGITIMATE,train,2736
2852,4aa20199a787d36d59d0dc3bd8252fb0fd99c0df61ec0f560875b85e5c4baece,LEGITIMATE,train,2737
2853,73d5761dd23ea1113a677114274ea6adf2eeded8c0ba35e3d8c5ca24d13b6a3a,LEGITIMATE,train,2738
2854,f0f12e16c223ab49602c37a60fca44535050b4429b02bf1e68e60a931caf77d9,LEGITIMATE,train,2739
2855,160b9800b860714e88a7277a7ec150f331887fad16a55da81c58b844d5c97dcd,LEGITIMATE,train,2740
2856,c864f500c57cdfe2cfde4296af9d0cab8e2e7841a4c6e61ab525f820bb2eae44,SCAM,train,2741
2857,6074055639b67a5fc06f764a8f03b2b0ddb2afc480449794ab02e1b4c8c2b070,SCAM,validation,2742
2858,48cdecbb75210134f57453536cd3cc79ec994b14559a879cc75235107e3deba4,LEGITIMATE,train,2743
2860,b2e9c969fb1b8684b82f34ef5e910eafa3f725fd1620241d029cf7f8a9190804,LEGITIMATE,train,2744
2861,639b8fddadf9527a74f333c3ed3dc047b1cbc3f5337aa0e97c8982199e8c34bc,LEGITIMATE,validation,2745
2862,34469f4242ea6e5c3b87e3faa869af69dbfe58fa8b6312eaaecbf224a96ac699,LEGITIMATE,train,2746
2863,6eb4a350a112f98dceca88dc0836a64b9268b64e3b494fc054d903333d2acf97,LEGITIMATE,validation,2747
2865,e3535403438cafee9b69ddc568d86b16e7f028394a69cd88cb53036ec3d8441f,LEGITIMATE,test,2748
2866,e86b5d49dbaeb0046643eee666a78191636d71eb0d7d3c34093a8a5d2f8c4883,LEGITIMATE,validation,2749
2867,4cb9faf4793a86fed9c525bbb33faf5b8e0562b40eb4d802c653ddbe7d019678,LEGITIMATE,test,2750
2868,86aae6233e5ff9df4378bc2604ceb8cda9231cee62439b7dd2262bc51ba9ad63,LEGITIMATE,test,2751
2869,678e4fb65b713c6f294c4fbb718628eceb8155ffbf786ad578808f6414425531,LEGITIMATE,test,2752
2870,6ef3d82fe6dff03e2b3562e4598eebb043800a105508d9f90d6ed41162ad148a,LEGITIMATE,train,2753
2871,9a8056771d0a4ef5f21d7d86ba8f4078244a8f38d2d9de6f903ab990e023fc62,SPAM,train,2754
2872,75b939bdf7983bd0b2fdfd1444202291e34add910f0f21e08613b4fb1368fac8,LEGITIMATE,train,2755
2873,fbe64f078923d5760a93e3571b2ad9ae0bcc71cf3c7796a5552fbe0d6b8673a3,LEGITIMATE,train,2756
2874,e3e91b3d461b509d5298b514a139ecc43e325cff6f05bbd6d83beedc56c18f46,LEGITIMATE,train,2757
2875,110ae0b7ae4225f42e713b63d7c2b7aba295bde416a6fec34071b0f12a39b857,SCAM,train,2758
2876,a2826add7082408a8baf591a5da65ddac59d4fc195050a516de4c56538d6bfc3,LEGITIMATE,validation,2759
2877,17ea3de0acd7c6a33fe5733b376c6d11bfebe6190e957e80dfa97356636c3f35,SCAM,train,2760
2878,978156728a54b2031dc9a2c831c102c1d8a8a18791df82b12e2c72bdd199d7a5,LEGITIMATE,train,2761
2879,777597dc9b7729cd50aafe8ae94ba439bf17d468e1afb8ca5a9171417e0e659b,LEGITIMATE,train,2762
2880,73bbdb95f086c21158c48b97baf7c9c008d96d11c0019753c616605cb5c800ef,LEGITIMATE,train,2763
2881,3e059352c9447cc9f13e37d24fd2191354160ee603bc83b086c4ada48dcbf838,LEGITIMATE,train,2764
2882,d73c7690d27bcf383b7fc72ecc4b1ace0dc0e652a2e8c5c1b273032ed2597a4c,SCAM,test,2126
2883,b7904680d28c180deed7df028ce10182351283d8863edf7281934d89c755b323,LEGITIMATE,test,2765
2884,810989d5341ef864bb5710161e6eb1bb3e71baef8032a36a9f481c9391b678c7,LEGITIMATE,train,2766
2885,76532b275f2de36d78fe4892b682884b759a24c688d69b7f74e61fb0e2e0d31e,LEGITIMATE,validation,2767
2886,9444c6acfce051cdc6014dc8c17acb8f5502bb3600bf42c51b0ad2645d4a6d8a,LEGITIMATE,train,2768
2887,2a7310df1006f57dc8475f3b012abd84315b28c5dff19951cbef8cabc4ded708,LEGITIMATE,train,2769
2888,09cfbebed9724c838180e9ff29ad87c487089ed0d1f972f8efc4acb3ea4a0b20,LEGITIMATE,train,2770
2889,b00b4291276ae058f4b6fecd94e9633ec43b722714b443714f1725e1e0a99ba4,LEGITIMATE,test,2771
2890,ba7f277a3f3dbd19c16d4915e617ea833e495d9814590f530ee253053364bbbb,LEGITIMATE,train,2772
2891,ab0d020c4fd03c63528502643313a25244f303a909d1c772b16cd3eb880c0dc9,SPAM,train,2773
2892,973c76f372898c62257a376cc0664adac62df6365f57ddca39b8857c089ce5b2,LEGITIMATE,validation,2774
2893,4d216cfbee0c6b43cc93f7fcf1a8f2239f1e6bafd6f265633979e090eec18d1e,LEGITIMATE,test,2775
2894,973767b4d3c67c9dc0f094f90de5cb40fa9a630fd5dea685aead2bf1c5baa399,LEGITIMATE,test,2776
2895,96d6fde5f738f5e2b997237e610f5102591d7326916a5e7c8a468c9e26466bbd,SPAM,test,2777
2896,63bf1d60c89e9e12c1702d9990acf3815fe347edf0fac3630a2be2c3393928ef,LEGITIMATE,train,2778
2897,2852fd5981516172a29946c5b13eecd717cc277ffbcf91d068904ddb3902da1a,LEGITIMATE,test,2779
2898,4ed14ea9db4f2b9de7026e147b2f6a50d7fb3571592ee610a3622b7ee84a944f,LEGITIMATE,validation,2780
2899,0fa7f4bf09b0ccbb99ad6fdfbbdc964fa40a08f2986c73a0a2a0a5c5da4735a3,LEGITIMATE,train,2781
2900,8be711227147fac63bceb4de192eb1ca94aaf309d58d67febf7164824e502dd6,LEGITIMATE,train,2782
2901,a07899dd1b1ef11e63f2007ed1bd1d4559d963ec4041934b1de68da1adc77fb5,LEGITIMATE,train,2783
2902,9daa297f3b3f9f54f723b3af26edf9855cb140502b25984a8e51d1bfcdfdaef4,LEGITIMATE,train,2784
2903,65d1af17e6c031808d181e32eceae80e8ba8d00e128d1bd7dd56d3f4f16a43b6,LEGITIMATE,train,2785
2904,3554224d23c42cb9d6b07c9d58193af9b4d5fc6c4f39d05cd98ea39005020fdf,LEGITIMATE,train,2786
2905,a2dcaad787e6536df40d9cd1dd01b80d52afd890554e2098c0d94ee9747662f6,SPAM,test,2787
2906,e0ddd7e6a807b7992887bd90e79b9a04f0385d6b4c9d5053f8bc8f9cadb3505c,LEGITIMATE,train,2788
2907,e31d839b40231ce840538a62019ffd8d8bfc7657d3b1c6e4565db3b6d9c6e4d1,LEGITIMATE,train,2789
2908,9795e1357d9de3a7c6c90093c9dd891caf00e2acbb6e6aa973132e4fbbf7357b,SCAM,test,2790
2909,5dbfc3e05c865089f1085b568963863e06619d58f41848e6d8a75c0e2b7a814b,LEGITIMATE,train,2791
2910,448d85e10a3ed93362efa8a3b31be3fca3a298e7cb4a72390339e2dd3054d03b,LEGITIMATE,validation,2792
2911,c9c4f7730734ec3b623fc7e854d968dfb4ab3d8f711fcad2b6324bac7b83b949,LEGITIMATE,train,2793
2912,4b4daa58e65e8c27ffc6619e4573b88f6f3219c0160939738ac4b5150f6dbf43,SPAM,validation,2794
2913,0997a94610c16bfd84685d33376ea1c7552355c5480b3936c1f387e605f536d2,SPAM,train,2795
2914,d19c0a212b2989f1bbbb5d7e662784f372952c8ed5f83e4c2db3951c86b39c41,LEGITIMATE,validation,2796
2915,6d30e8e2d641f5eadd734352feffd368de1d85610fcbb9a4323480417c1dd694,LEGITIMATE,train,2797
2916,b0769cf1eb6bce802fd1f142a3f70dea26c438bcea24bcdaf618ff2590a785c2,SPAM,test,2798
2917,8ce17cf57cf42d9a505b94a9c30123d92ae2aa1f76aa845c018556c95e467a70,SPAM,validation,2799
2918,0bec2d210bf329b12d3fe4ae6172e14db3595b31bfc6b26df79d3becc5c73b55,LEGITIMATE,train,2800
2919,6933c52bc4fd62568fe6bb472bac0b8c943f93e38a220c88e592cb40c2a746c1,SCAM,train,2801
2920,77f1ec3f67717ff4b053f6b2023e63927ce75100a44e1353689ed935359ae132,LEGITIMATE,train,2802
2921,6f95c13aecc2749d40abbe892d971f3a0f650ba7da92649936cd125291d49d01,LEGITIMATE,train,2803
2922,d766b069f80f181318d80223f810465ee705b747d67de7becf65d18adf9a4e7b,LEGITIMATE,test,2804
2923,a17e384f171166a3de6c0527365773e54591152a9bd4bf7d8495a4d06c21b166,LEGITIMATE,test,2805
2924,9c20d51f6a70726c7019cfecc76c87918df30abfc9d85a07bf749581e1e69ff6,LEGITIMATE,test,2806
2925,16fc78ffa5c14cb32431715d11dd57df766b0395e04d9d67b0e4dbed7e0847d7,LEGITIMATE,train,2807
2927,55f5d36a4a365319b1c3afffca29b143773698ab131207a8d7d66c5161f12c65,SPAM,validation,769
2928,7d05982825d160a2948fdb086382c28d99d475089c3104849894bcaaf8556417,LEGITIMATE,train,2808
2929,a5e4b151bdafcb120d96b5607df248187114bd3515827923feee15d5c6fd12b7,LEGITIMATE,train,2809
2930,a8e26cf3024a3fcfeaa65cb86b7e375a3c593bfa1c4cd341c5bc3bf684722929,SCAM,test,2810
2931,aac2d7b441dc0596db066e94fe997e81a2541cd708e6780077eff325c9f3a361,LEGITIMATE,test,2811
2932,03bb10d749f2b6ef572606b13454018611253a3eb83b006e0e0bb3f5ff2c3983,SPAM,test,1267
2933,614db6c285b162c16159d83d80ecc55fc7f30eb3765f9aa27c79a486d3c79dc1,LEGITIMATE,train,2812
2934,45521d8cf2c86b021363561f8d6ff97329c3ac33a9b79a423f9a24b5d2403e19,LEGITIMATE,test,2813
2935,81da60c0abda3c0ef59dc1bbd0e8e4847fc74348bba99415ea0bbfbe951940b5,LEGITIMATE,train,2814
2936,dcccbe4436a9cf850aebb337c729ea04f4b95e897db01f41ca6e511ce5a99032,LEGITIMATE,train,2815
2937,e4b18b5533a39595d6db70333cbde131e09aa79f29486bfba372fc386c4c955c,LEGITIMATE,train,2816
2938,ebdb440e39a98429da2489aa2f737f0298379434586d80fe73e1beb597cb28bb,SCAM,train,2817
2939,da7a469a1ffa6ac22fc5215304a831a6de08863432d0e1a6421c5e501e5ba927,LEGITIMATE,validation,2818
2940,f1f371d94525033b47f4c23e9b8763c4a928a4e6ac809c3190384280a0f6c309,LEGITIMATE,test,2819
2941,84f76ea49b2cefe8301643d825c5b79cee484332caf268e8fbd319722700d686,LEGITIMATE,test,2820
2942,11df2eb864f03baa8dc29d803db84b7cf3f740d4f1a69f7fbdb9ef7368a61cff,LEGITIMATE,test,2821
2943,2a81f3d53194c6eb2614e0220591527992dacd5597dcc72d2aa83c6a6a0de398,LEGITIMATE,train,2822
2944,7f6326343a839613cadbc4db38a8724b30911940a2bcd085ed597c74bde840a7,LEGITIMATE,train,2823
2945,df6bbc93bfcffa99f4492b8ed344d69da0ecaf22e359e92c4db65703127b548b,LEGITIMATE,train,2824
2946,0fb395f06c1c8ad014d6d7952ff4b96c10556a84f73fcf8aea57dcafe0d05cbe,SCAM,train,2825
2947,a01a7f2b6a3330b54c0ef0eedb5448b58e98d187f5642c67783ab3df01e4e782,LEGITIMATE,train,2826
2948,84b0402c298b64f19b5e26a3267e9ec804f3620a790a281adc4edecccd9ca164,LEGITIMATE,train,2827
2949,210f6451b93492433ba4325c33d7d4708d66bc20a26b37aa2cac02fa8e189d99,LEGITIMATE,train,2828
2950,984ca12e0d7a2483469a439cf38caf1f6cbbf95334ed6cc190e7bb71caae6319,LEGITIMATE,test,2829
2951,af07397b51745c507f3e46891cd3ae169c94b5131f007d8ea62a3619dd557d55,SCAM,validation,2830
2952,9fbc084c8274fd08d5a206f6b6440f8460d643c028b47754c41282ec9a07d4a8,SCAM,train,2831
2953,c51b2a06d0d91c993c3b2423edda9a17a78714883054d1a003bb542ad3e1ecce,LEGITIMATE,train,2832
2954,e993a684950a5d30b170b6f6c389d10ebcca4fd3e8093e3c594ad3c89d134887,LEGITIMATE,test,2833
2955,827d4e07b60ae5854151dae12ef0ff99fcc02fc5a9967eade34eda8415b868c6,LEGITIMATE,train,2834
2956,ff2569c3976d11e6e1cd15c0963768fb905593920f253aab3de54bc5efd2ccba,SCAM,test,2835
2957,51b8a066a0238ce711c598c13f477a771134789546a8b21a1144666086fd933f,LEGITIMATE,train,2836
2958,8feb16a4d229229c57767d9ece51bb5cec55985df5adff13adb514c7564abd77,LEGITIMATE,train,2837
2959,ae369f7e79ce67c46ca47b3b4af5f88fb925baae939b8360bbd453692e52345e,LEGITIMATE,train,2838
2960,30e3c7112d62878da7535694446a21cec26db79d3f39342a18ba30bc756c2100,LEGITIMATE,train,2839
2961,da5b33285270bf30311cb83b09e7275d19f2c63cc557c8802f3c323b45176899,LEGITIMATE,train,2840
2962,bfcaa091e2c44ad8cef5614368ce73582aef2b0b16fa1ce1c704c9b3a422deb5,LEGITIMATE,train,2841
2963,c97399d7a2e1de33d37aaa2573d0601d0146076db18d3eb907c1f0a56abae436,LEGITIMATE,validation,2842
2964,ed4ed6546fc380ca59c3db2baddef80a658bea5a72f58a6c1ed5f02e14aae1c7,LEGITIMATE,test,2843
2966,3a6a7b3b1622505d87af635279da22763289cd9ad9cd9b61c2c8e9fb978ded88,LEGITIMATE,train,2844
2967,3b8eb41527618654f5ba1842040676900381fe47ba2c775e443bcded97ff9436,LEGITIMATE,train,2845
2968,880b86e1cdf7161a51954949cc2b19dbcf63fafb5a73c6922d5d6edd0f84aaa5,LEGITIMATE,train,2846
2969,6c51c12e4cc005ea8a74a1ddc46de8d158aa17fac5dee65f494e2ba6894f1a43,SCAM,train,2847
2970,ceadc1b12518a417a52c1a3fbb1b325d6fcc0a95497a786d487e99e692acea67,LEGITIMATE,train,2848
2971,95a650d146750f995f395cca9ac9c241e578f02b143bb00afb5c0badefe6f183,LEGITIMATE,test,2849
2972,79b173b1352ba5daf1c6ddba5538d995050a521bb550318a9158da412f3671ee,SPAM,validation,2850
2973,49215b4b2018df2c43990e4a71f0d8f352d373616ceae3f26fc39296fd1ca8b1,SCAM,validation,2851
2974,b19000b55aa1100132346304866b4e9f9877f38c6c966a51cd2dbeeed87c6a75,LEGITIMATE,test,2852
2975,ed2d57c5d855d9a0fa679cb2ad2ba67047b587389c36f32dc3d97c5b072d20a8,LEGITIMATE,train,2853
2976,5d0b0c34db2a72760909b4b6b6820daf154cc7f221a0869e8e2c1c8e7ed0a566,LEGITIMATE,train,2854
2977,5d85ffb9cb45b4965d6dad79c30382763bfc354e364456baee2ae5162e9cceaf,LEGITIMATE,train,2855
2978,015cfc0b11a5251e955b9aa0a7113f0c3fb377c4f0a88b3ce13506c80e253d7b,LEGITIMATE,train,2856
2979,147e179c7baade81fc127a6758e42d99efcd47ba3590768251081e42b0145c67,LEGITIMATE,validation,2857
2980,d2bd0193a5b04151e72414613647e96ce51b3236c4065a923e7ed00271b3f4db,LEGITIMATE,train,2858
2982,6916d850b750921e38ad79e136b828ab188b6d87735284903c9d8488b6927649,LEGITIMATE,test,2859
2983,671494e858ae40f20eb6a6eeeb10c0b151effd0a8d454d1be1053c92cd3f4ed6,LEGITIMATE,train,2860
2984,5268fb066346c713a2fa4d272fa2d78ae3f1c0ae7019db7222920cd13863066f,LEGITIMATE,train,2861
2985,aeaec858528da7496be5271a69a9f7f4cb0348da36d7c04f92077c2f05053258,LEGITIMATE,train,2862
2986,2f440bb259d61684d8d44a4d9dce04a48a9ae6abe928938be1d054ff4034d691,LEGITIMATE,train,2863
2987,cf3ec2e3ddb704de3e95dfedb2ed94a0bb7df9bd00011c34340bb75d112afcb6,SPAM,train,2864
2988,8eebaf220b55f6c865220880d712a660f641f5915bb0e08a759f7bcff794cff5,LEGITIMATE,train,2865
2989,72e17e73dd32a04f20666a1557bcd2242727ff171f67022e019744df4366ecc6,LEGITIMATE,train,2866
2990,f186ca1c29f5503793b474d42cccc574bbe18fb43a985388671dd1432cc827ee,LEGITIMATE,train,2867
2991,bed88d6d050d7cefc1d7b845cde22edafade6717187af49f166b972f54415466,LEGITIMATE,test,2868
2992,011e1f9908a2809fd10360f916c0afbd8466941e7172878952a54107e064633a,LEGITIMATE,validation,2869
2993,1dc7a91a1b277bab6b9024ace380831510f6a59720c90bd60f2ffd03b8b8129d,LEGITIMATE,test,2870
2994,466b9cd13ae8dc90e2a6340853b07f86b4d682ec2bbd0b5b288e2035a8d6234c,LEGITIMATE,train,2871
2995,f71112cc500a189b814f4ddfd24140746ab1018040bfcd73e682cee5b649de18,LEGITIMATE,train,2872
2996,a7223b50496188a6f73d5e99c329158e9c340ebce86461a5d4e25c2bfb0c8151,LEGITIMATE,test,2873
2997,3334aebc32c2330d8710184f3474dfc837f556b97b3e98f970ba67d10c994cb4,LEGITIMATE,test,2874
2998,18e15249d07a8852dce719a2be6c78bfe1ad754b183a1700b38225d8014d0b4e,LEGITIMATE,validation,2875
2999,6bc61a78a72c0392403d213cbdd34756d68a7b3a72aba326d339b3d81c1b6f56,LEGITIMATE,train,2876
3000,7377c882a10c7a804c1ecf5327e46752b4e7668af27f0545cb1538d3e3079378,SCAM,train,2877
3001,3fd9bb76ad02d8371a037e5eb73fb8d3105634695e014d6eb2f54dec8b4ab7b9,LEGITIMATE,train,2878
3002,dbabd3ae8921cb4c197d94bb4059a1198259212ba7fb7f667cc54a775cca76dd,LEGITIMATE,train,2879
3003,ed0f47478b5067987efe1e4d0acaf180f3537f4607497b187058db22da7c05f9,LEGITIMATE,test,2880
3004,b79c7dd82a69fcee3f3260904dc782e673f046e5deddc81317b3b8458d37ab2f,LEGITIMATE,test,2881
3005,16bb4fabd19ee0ca40af5cb4f7b5385ca8db8b8b0cc84436aa93236c5bd3e645,LEGITIMATE,validation,2882
3006,b9e052a7f218e3445d3e183cae47f66626e7a99dfe61200282ff042d6822eeca,LEGITIMATE,train,2883
3007,630472d8e37e921bcfaf4c98f8e56338e27cf20b32ac5ef3a58886b60c22ff23,LEGITIMATE,train,2884
3009,c5ebb8dc69c46fe50c5594b786ac2d65103ab8b1d11226610400a54534533af1,LEGITIMATE,validation,2885
3010,f1c3293182277c2ef01a597c1f295b2583907a4ad66f6ac519ef8483435c128b,SPAM,train,2886
3011,f1f3b3b841bdc344eca8fa10d569eec012fafbcc53b1942e810082c4776ab4a8,LEGITIMATE,validation,2887
3012,6d2924bb211800f04162057c8ae9fe0b252c399fbd1d45e354c838f1c6bef164,LEGITIMATE,train,2888
3013,5a292eea4f5fa411876cb85098313ea2263e67e4e6012f5ab3f4d40ddb6f3ed4,SPAM,train,2889
3014,9b05e631df197e2287e7a7e5bae5a927e6381db3cf105e9f299731ef02ed0911,LEGITIMATE,validation,2890
3015,81d313ce1f1e243a7bc677ec9091076c67a3fd771bc5d1733b9517c5982e9312,LEGITIMATE,validation,2891
3016,2d8d5f4e9c566b412e88364cd6dc4bafb9a9c572c2a90e7b2b391e913941e52f,LEGITIMATE,train,2892
3017,349715637bbe382a135fc847999522c00d4faf8ae0f666d0d7f76fd70b8686db,SPAM,train,2893
3018,e9fe56e1051d2f8fa6e879de827e668569e2d2e405432130342d6c11b43002d3,LEGITIMATE,validation,2894
3019,a77ec407d9563a06e144e3a3189f1f3aec3d7438bc39e5e2b57e3d80d2f1da82,LEGITIMATE,train,2895
3020,5e0666d7d9f68182d9cd35e698b5b68166af25ed756b41e7976fb13229794d91,LEGITIMATE,train,2896
3021,00af234257a8c01389f276ce4b7d64dfa0a176bab3c8811fce424ed64d832988,LEGITIMATE,validation,2897
3022,68f5a3aa5808b1c0ab484492c4cd11c1e43743e00768225bfbe4a6b49c4d4b71,LEGITIMATE,train,2898
3023,94c5a23e3a654924217835c88ed87348c4f43f17b76c708e647cbb60b5b613f5,LEGITIMATE,test,2899
3024,ca646efb2c3913979ee0d91bffa7c7fe310858b2828f477553233c8b993f143d,LEGITIMATE,train,2900
3025,21348eb56c303ec256040b40628931a59c4fad4be77d0052391a3f1a21fe18f1,LEGITIMATE,train,2901
3026,a9e6dc5f177bff33687c3152b985fd5ea7b823b180abdbe27ada3f768ee8c77b,LEGITIMATE,train,2902
3027,7e52df92462d97b111eb0df47786599d5f539fa82a78134e3de572526cde8da5,LEGITIMATE,train,2903
3028,36e8cc774a712a1d80605a86a2538ed2d6bb842dd5cea4f068c2135009034d4b,SCAM,train,2904
3029,4a8145d9aca373386bd885685beb52a105868334729c74e8c4b456803bd7fa74,LEGITIMATE,train,2905
3030,37a30946e000bef9b32ce057a1e258241b36574f2f31faedbad92fb0b56ef615,LEGITIMATE,train,2906
3031,941e39042824aeb03f408ff32e78a5f766a64c043bd2452fed397912e969d1c0,LEGITIMATE,train,2907
3032,5438c05268728f4445cbabaa2f2cf9527c5a1ecbbc643a94a3275768e29e555d,LEGITIMATE,train,2908
3033,f6c67a6c4022d25f5e1f7ee86835a928baf69b9946edf4e9adbdee51ce666b6e,SCAM,test,2909
3034,985f0c0d5c0aa0ecfa8290bebfa71c1180c1ba7518b1b7898db26e6174ac305f,LEGITIMATE,test,2910
3036,b758bbeb62faebc636c49af864555129f69bfb22abb0b0e45b1bda6416747189,LEGITIMATE,train,2911
3037,5cedce05fccef537403aacb166aa2f924171943083f5e20e8293ce7b2f5638b9,LEGITIMATE,train,2912
3038,746f5a44b109a3e012b91a836129cef5abfe22d85298eb9a3c3ff45c3078c1fa,SCAM,train,2913
3039,15baffd17afb2c9469f42f6fc955c66b465ba4f644ced245477cd67bb96c42e1,LEGITIMATE,train,2914
3040,a656c6378ddeae62c2ece0324039c30ff46ad150fa5c92e62b4f605c5f9cb000,SCAM,train,2915
3041,a3656834dc7507179377aefa16def09eab064d7f28f0fea00c6bf69d45f03304,LEGITIMATE,train,2916
3042,9409cd02b62afa739f6d223509934e60c75ef5672b223b552fa853fb5e69ba39,SCAM,test,2917
3043,e2f3e31b5b3af0a5ec0f824e6828056a52034214c3f64deb1070b901ec70c837,LEGITIMATE,train,2918
3044,5c982333760acd9132d94bc4a4048706aa07c2348b95655228d03af24839bd71,LEGITIMATE,train,2919
3045,50e46aa3e7553f87a3de270bb02aa69c4c1ae640993e112ae12ecfa7de15433f,LEGITIMATE,train,2920
3046,7058dffc2ccf9619ac393cf3701713f5804069b98b8e3887e8b3f3af85ca47e2,LEGITIMATE,validation,2921
3047,be62b1471ab15072ed038e31cc9fc5bbcc75bc9fa148877cdac9703218eefe8c,LEGITIMATE,test,2922
3048,2875e1092a510f3cfac5558ad98ad7fd9d928b8df4c305aa87cc4e4cc2d69e04,LEGITIMATE,test,2923
3049,195b0c98566b474f7c060384ece155fd1a14fb083a8f76355da95851c89c53ff,SCAM,validation,2924
3050,28ee08ab53e5c6bdeac16acc7b8a0538c649a2fad81a690c76e22a77ca89138c,SCAM,train,2925
3051,a980c4efbd80651526b824a8e6cb1637dfa567e6e524b97e1d1bc099f9ec4f9f,LEGITIMATE,train,2926
3052,ba1ed16e9fa9e3515efd98e7a683ce4655400f0752fa5d9733ec0898e4e001f1,LEGITIMATE,test,2927
3053,78a01a5c3d3daee073b8d27e74b62e6fa257b89e9c880401dcd49e72abc98a85,LEGITIMATE,test,2928
3054,d276c2ed6caccd2c9608d356f8e91280464465363c02bfa16a4b5f1293f65368,SPAM,test,2929
3055,02ba7ac7872b32734b45e0fcd91a68ec8ed329b72c6a34765c21535b1c2bccef,LEGITIMATE,validation,2930
3056,53b3de6bc264476a911814d2d6febfddc4e2fb794e5659d1fc8f642f1022aa50,LEGITIMATE,test,2931
3057,9bdfeb1c05db9ae32a34b949f3dd875cd954bffc86dfd522018d06f9c682d060,SCAM,train,2932
3058,b81c8b29aae6002806b8000fe4fb40bb3f48bc9f1a38bcda2afc54b0de7a8deb,LEGITIMATE,train,2933
3059,d9fbd1628d7c95fe1ec9151b2900815cb8aa542ab76be0cd3e1e93c447269466,LEGITIMATE,test,2934
3060,107f1b33ae1a63945e10e3e647e078168aff979ae8639d210ce6c2983c924ed1,LEGITIMATE,train,2935
3061,dcb3bd0a142de6d0bbc1560059de10caa528453315ab58511dec4783b4300840,LEGITIMATE,train,2936
3063,bda8187294d8729fc2b45830e7fcede107f57eff30d17d60090c5f83359532ea,LEGITIMATE,train,2937
3064,d80796284d501652110db3543ba200ae50f397c09e169158c4d7e71e4210d03d,LEGITIMATE,train,2938
3065,7a0973410e895f059154c4b63cf813c08e1910b9d3508b05a4cea60d45a80374,LEGITIMATE,train,2939
3066,6cc6dac01de447c44d09483ede5cceb7cadbf1ce3a542458520199d51ae681c3,LEGITIMATE,train,2940
3067,fed95bb6033d9ba456599ec5972575793bedaecb1f6dd6bc31008359d500009d,LEGITIMATE,train,2941
3068,aff630116ef1425a64b49ce63e64367c4dc1eea9425a7d5b3a4866d44ccf0f32,LEGITIMATE,validation,2942
3069,80d0ee72c79368da112f3e9e22561e419fab3195829935280ea1ff4c96e09855,LEGITIMATE,validation,2943
3070,bd833cbb4ff9858f496cda3be92840dbe021941a83cb860ff52caebfe43019c8,LEGITIMATE,validation,2944
3071,d53d9d73e408277451e9459efef3dccac08cbf2e7d95b4effc0fa503e6f4da5a,LEGITIMATE,train,2945
3072,71c3c4a07f40a9ca3699df3a4075ce8a3f3e5371d259a8a820de081fa8e98daa,LEGITIMATE,train,2946
3073,27cf3822b89da99a9b4c7a4403cdfcbfad3c66694e8bc918d903393eff18816f,SPAM,train,2947
3074,4cc2cbc9f9c71f5fc246e14be7c4a289555feca8ac60963932cc7c562ee6bfcf,LEGITIMATE,validation,2948
3075,dfe898594d22c37d78c0abd7325eac7ab3a7c8c93b52150ad2d9a594af1f5a0d,LEGITIMATE,test,2949
3076,6fc81114718dedb5b27fe8b350fc3f7a272f6dfa5407adc23e9010c571eed26c,LEGITIMATE,validation,2950
3077,71863da40b7c977d9c203a6b6716302cd89ceceb6e51a68a30a278477918bc33,LEGITIMATE,validation,2951
3078,5de711f9bb113bf30c101989fb71c939ed4896ee0c435e0ea4615d08760551ec,LEGITIMATE,validation,2952
3079,8aabe1a3d913d6b41d22e1a35ea4c30023bef85c306dc5c7e1aa1e2bc9202683,LEGITIMATE,test,2953
3080,99a7c12ee55c253e1e5a210570ab53085bbb7da6ca0afeb68c5dfe266ef6c023,SCAM,validation,2954
3081,24063841eea2f5ba64e4b419ed17ea02591d28e65761ae791efd31e9a2b82257,LEGITIMATE,validation,2955
3082,cb488bd0364cdc7faa0801c3816878a384554f17dac233ae567f8cc30f042138,LEGITIMATE,test,2956
3083,3ed1c9d54fe7da602c11c528f9d48fc0d523fe7375773e9997d843b335a97b56,LEGITIMATE,test,2957
3085,ec46171bb48f9a82b8e71bb2b1cff7af81e14a32ff7519eda2add406360cf00f,SCAM,train,171
3086,40699f888ee15f2d992602d5f9318af35a34fe28cd1b1fe24dc88b8541fbecc6,LEGITIMATE,test,2958
3087,0fa155230804c6b00e38e0cc15bc7847fdd1b26f1479f7e9f697e868d891175a,SCAM,train,2959
3088,18657261cfe4dac48d29674615304c486a956b46bffdb7b2ed69e74872c294da,LEGITIMATE,train,2960
3089,788fae48d2a6bbc1cbb47069446c45b4b22f76f8034a17ab03ecae88c25a65ff,SPAM,train,2961
3090,0e6a1d58385599bc45099d749586965187667d100bc3652f6f8683219a802f8f,SCAM,train,2962
3091,af3b62350eb4d5167d14d7b3a01c36e53485d0134e3f0a5cee9e35a2b74811ba,LEGITIMATE,train,2963
3092,989242b4ca8e33b6dfea8f60a277d51015c2f92dc542eb2cc2bb2f4f3ebb598b,LEGITIMATE,train,2964
3093,d63cf0ad363169f1b01ad3396c90e59efc2b3f7da526f142da07d3ed425d0665,LEGITIMATE,test,2965
3094,48fa21f5e73eb08387740591112d99c780112f11d134a8452b254297e0991256,SPAM,train,2966
3095,44d04a43b420ee1bd9297d0122f73fee8a252317a6bbce1a543c14072d2cbf2e,LEGITIMATE,train,2967
3096,ea7a357fe95b5c0f645b274fec60599f1cbea98a4d6ff6f193a8aff67099d1a0,LEGITIMATE,train,2968
3097,68208ee79161e8fdcdf51df3aeabd50a4021890d32ba0d884460479cc3557eaf,SPAM,test,2969
3098,df71f66315b86661960a7ff616777111b6a86d897c1a2fb693cbe0f4851fe707,SCAM,train,2970
3099,bf346c6a7a9a4f13957c515bd2ab469b6ee66494fa3238cef5c004d73d0ee828,SCAM,train,2971
3100,281cd59bd3b7d91f785d8910daff82ae3527bf4ab4802bb8ef65ea909b07a32c,LEGITIMATE,train,2972
3101,0fd2b4bddb294d498937e0a3569e75cefa6652f8c8286d16074c8ec6e30798d4,SPAM,test,2973
3102,95a51b2a905c9b16af7c28e7382178a4c179feea8839f94a5ed7df502b979983,SCAM,validation,2974
3103,f1f120c4b737dc570052441b71b6779ae1269bf5d7daa98e54606e709c8850b9,LEGITIMATE,train,2975
3104,00d75ee956bfce074bf4a0050c523117bb7fd9c55b5bd2eb5d5e99485acef5cb,LEGITIMATE,train,2976
3105,b80fffacd9bd47ff0f3b8ef0f33ee1ed71987a85e831eaf5fe900e01edbcd7bf,SPAM,test,2977
3106,2fcc08702a46d9cf0607c9f18c908ac64b3ed612b31e68fe6725e30812272505,SPAM,train,2978
3107,83ac1f175e36bf1a6d7c363f3fac0467b9e54fa082d5769e63146e0e92cb9d90,LEGITIMATE,train,2979
3108,b094c5fedd75ab0672d4b948faf58b64feb48374bfd24de2ddab78b2d4c13ea4,LEGITIMATE,train,2980
3109,28eda03627e32537d5b8e2194001340098d68d109f59f80faaf161c883d40dee,SPAM,validation,1709
3110,88da36f87655fdf2abfd6920d52b4b648dcaf3f25101f5498dcf6e18a8fc05ed,LEGITIMATE,train,2981
3111,b41f86ed51379a951fb50b08682701d39e904ae04b3f44aec3c3fedf4e8a07ba,LEGITIMATE,test,2982
3112,a6fbb62bbb99b3b1ed9e3b3838f38f59efce554c6e9a4fb5a5e1469ae66160f4,LEGITIMATE,test,2983
3113,2e333b9eead621bd61bf23f22f09b0263e216a0748187177d13bad5b1af647d2,SCAM,train,2984
3114,7eec7cee34f3dd2d7537825e7b634eeea85245214e740dfa07c0ad43611fea95,SCAM,train,928
3115,616fc85fc04f7c02de2a254e26bb0855141b4ee1a62ac102395b7214e04b2a7e,LEGITIMATE,train,2985
3116,1bb6e6417b0cb6f911079578014e20332aed7e245bbaf0821725474b099f1461,LEGITIMATE,test,2986
3117,1c2cd4a1bf676f7a8a1ea9df48f9b45ad7a43539b908cab6b8733a6fd5ecda33,LEGITIMATE,train,2987
3118,3cae6cbd136021f13eb43ccf6c7b47c2d31d43e658de37b44aaa8ce8b8b13ec3,LEGITIMATE,test,2988
3119,965f247fa2e64acea1e7dab98d428f40c57f1f307c4a5ca545c2741eca942e37,LEGITIMATE,train,2989
3120,d9e1a212adde84399fbbc003be3f4885d47a6525418cf87575face83b9fdc7c9,LEGITIMATE,train,2990
3121,5e45679e73d59a6ad9cac4ff2239ae21219381a729c9f0cd9090c75189123b71,SPAM,validation,2991
3122,74db28ef2bd92a24f863978be9040c4d2dd8f0983438240e269b963fe8d12176,SCAM,train,2992
3123,ea2e9811309bbf8083f0874a94dfd6ee12c39e94bed296e493515fa27bc16dec,LEGITIMATE,train,2993
3124,12b3efde331acf5a2df2440fdca09a459579b1ba69e9f4e5b61ae142a01a8a99,LEGITIMATE,train,410
3125,359eec6a08c80dc5397078fbef2b6c08d36b8f11657733e7488ae4a07fc18681,SCAM,test,2994
3126,a5a1a1d1415b7554aec508ce5b54f250b9114e7fd928fe9abf558a3e837a710b,LEGITIMATE,train,2995
3127,6b2ab4456335c12372e3c71b4439679d445dc559a442fcf8a1c9c3e4a18b32be,LEGITIMATE,test,2996
3128,568c4b21c49efb00e2daafd1280564d8ba6d25ae51038585f123ebb9b2ac1634,LEGITIMATE,validation,2997
3129,45fdfdeea8568825f5832cfe57cc55770677099be179ec993e55bdb629b3c1aa,LEGITIMATE,train,2998
3130,302a4f9d71b68562a9db402f6ee62568c94069ddc95091818887f6c5e6e23103,LEGITIMATE,train,2999
3131,34caca153bd30ef975b4ca4563569fc4404974e157dee7aec1060576b48a45c8,LEGITIMATE,test,3000
3132,41bfa68552e9fe368b15df371ab1803683fcfe231817807bd4646e7fc65f3645,SCAM,train,3001
3133,af051be352437019532eeb08225c02913cf50dc5454d1484b278a08a56a5f597,LEGITIMATE,test,3002
3134,6a2142257c09acd66078e93e97c4c818173843cc572763c64b12c48f92fbd554,LEGITIMATE,train,3003
3135,b274d63086c3de39061fc79c6d8e34aca7b8c1f36aa744d83832120c63b7b33f,LEGITIMATE,validation,3004
3136,149e1ebe7bfc0c0ae818cad59cc697651a1561d84ba4938ca63169b5e219fcb5,LEGITIMATE,test,3005
3137,844e5b0ee456529babeb91090dcbe5e38ccbd135101e67d08ca5ee183a8e0923,LEGITIMATE,train,3006
3138,7c00a5df4e63e044e51f1c98e1f9811aef14a4e385a8fa75db7d0acb4c544b55,LEGITIMATE,train,3007
3139,40cc5323531919a1e4a089160df18a255fb1e8d36e695c68fb33b1d9100f3db7,LEGITIMATE,train,3008
3140,663fc544062d8675d690419c162ad79ad6d41f4489a471b48e8bc10b3349eca5,LEGITIMATE,train,3009
3141,2ad4025d4571a32ddf19ee16649aa047e461c09d92bb597d658e7fd8f84ec525,LEGITIMATE,validation,3010
3142,40bf3e3951c70dd245393581d670bf28d5c6e720fd25f65b883f89bcdcf569a6,LEGITIMATE,test,3011
3143,ab1014dc058051ef938606a2925cc57c6f23d5f5e6b7a3731742c09e98f22469,LEGITIMATE,validation,3012
3145,d52032099fcb0db15dde9931a7934d3be54b93faec12d193ba9dcfa2b0682453,LEGITIMATE,train,3013
3146,94650826eade0836922eaff0e299b273a131223c8f25085f2126fe9554881960,LEGITIMATE,validation,3014
3147,6875ba1105fb0928dd705bbb4473b5c6ad386a91fc922bd843f194f9403a7349,LEGITIMATE,train,3015
3148,6bfd9e9ca8258dc7f5e0968698558ca758a2f8fb7ef0a1bafb233a3e7c582409,LEGITIMATE,train,3016
3149,7fe2012717899664391a04b714ad4b678ab2f19aea05ccab6d9caec87198f3f0,LEGITIMATE,test,3017
3150,6acfa535d2dca939bfd478fc21cba63ddc459b9aaa3b0eaf5334bd25de4dfbe8,LEGITIMATE,train,3018
3151,ab47a78ce7db343e36bbacf8d9e05a336bc10c3bdbc90f1e5f08a3cc7ad0afc4,SCAM,train,3019
3152,54fa0630d6707c3e2fa3bc3c87ac30147af0e028d03b9dc9ede3663e4b597522,SPAM,train,3020
3153,fc3210037482d7f06c10c72b2a6c349c19d154a2a80fa1ec43ccad1eaa20ce11,LEGITIMATE,test,3021
3154,0ec9719c2c901458d4786e86bc794bd110881a12b0f40bc7a1d3be3eacd23c24,LEGITIMATE,train,3022
3155,e700652a2f066822c491cf5eb296fd5dee329b5c1ecf02120249c05a6f233f00,LEGITIMATE,test,3023
3156,f4c489af2f1933ba9bdfc487eaf545306cec17dfc6e7b69ae05aeb84b996e947,LEGITIMATE,validation,3024
3157,905c6b7719f899e7c07d232f815d3b490a5090c8bf14d0b1bd2613d66281d9fa,LEGITIMATE,train,3025
3158,a181989a2548e90cea3ffaeebcacdbcfccb2020181f633f5bd5a9759a03dfdb3,LEGITIMATE,train,3026
3159,2541cdae22e4694c67d046d9e4bcd8e4632cd4ca11d3f6e08532726bc652943a,LEGITIMATE,test,3027
3160,7df8a93d75374017ceefe6fbc7d2189ba0c939b2bc83682f4db3221a28f0a8f9,SPAM,train,3028
3161,aee5e3fce0047050eafdc51df68e636e7729303a7ca43acdc659b8cc2b8e1a3d,LEGITIMATE,train,3029
3162,57fcd88e4a99c3e6577121aa67f06ea1e04af5a806a1a06ce6f10c238a8e3f2d,SCAM,test,3030
3163,56d69f93012e07264b0276b262df19409962faf4cafaacc7c6e4a1ab61e416e7,LEGITIMATE,train,3031
3164,2aa6b266ec701c21e0cb23b06e6d7e7ebe5e0ce37b8d174b72f24128493f5a99,LEGITIMATE,train,3032
3165,7ff5a0f2dd5d81de5bf9c473b8401d2597aa1a59b184414068846db23a79eb37,LEGITIMATE,test,3033
3166,c6cdff26090013830066a34b2a51fc4a04cc4ed3e90ab961abdc8740e04cd265,LEGITIMATE,test,3034
3167,27017c78c4e9fd0d967df6f5bc00f917bb27a70922ced4b15dec8f3165b9173b,LEGITIMATE,validation,3035
3168,a9cbdf61e12fb6cacd44bf1b669b48071d2a5816becbef6f92d4e69a9e63c317,LEGITIMATE,train,3036
3169,39b5a232d34f650eaa602a4f7ec18be9b6865d9e307aca24d32e623556bd997c,SCAM,train,3037
3170,c4698b8a702cbe9d5eb22b311d0ab39a4ff890b5edd0e46d0ea65f4606d5979d,LEGITIMATE,train,3038
3171,553dc296f5a4b1b63839824729455423cf45b7abfd9063d7c74a5419733d2e51,LEGITIMATE,train,3039
3172,9df4a54116dac387f5fd2c02787f29be967c4863d3f2ede6a932051d7c13e1d3,LEGITIMATE,train,3040
3173,9a72b45113e4b21e9f535ba33794d752983542a1fb1d1e26d710af27d3ffcf97,LEGITIMATE,test,3041
3174,94bad0176976ff101ebc7aa692e0fbc2f1efcd830a5dbc278e5bac310f0ea201,LEGITIMATE,validation,3042
3175,ee80faa25ec7b553395c28db32ca281d187aa6bee6bacc12f15294360a3d47c6,LEGITIMATE,train,3043
3176,6e68db4fe99a9e6c0e2e29eabab14acae87b5af8d0f18abbe655e421f07906f4,LEGITIMATE,train,3044
3177,72d1ffca500210018baeb416ae3992787a1973f6463111bb5635441bb47c3e90,LEGITIMATE,train,3045
3178,d68f808ba0697be61f840764247a265a73a528a13713b7fab2ef25f58c503abe,LEGITIMATE,train,3046
3179,92f3fdc31df323081905017fdb62c1af66c515e1b647158af3bf1ebfe5957f65,LEGITIMATE,validation,3047
3180,52ec29a3df5898ea7fec1f88e216402ad80e1dc51d5964bdf59c70c9b8e039f5,LEGITIMATE,train,3048
3181,6940cd827df57f5b26a6d2fa89618512ccf0d2e9f13d94f98d65bbf0bab88bc8,SCAM,test,3049
3182,2aad5dc2b382187aec8ad537d2c571289e42f55821572511f6306660c0f0f4bf,LEGITIMATE,train,3050
3183,9159ddd0a3dcbf283efb90f45dc6f3612583bd63898e5a6c3484eaf85989cdb2,LEGITIMATE,train,3051
3184,273d135d875115c336aac8d6fa07c8b52106bc41b72a79b32a5c9ee2aa80c2ab,LEGITIMATE,validation,3052
3185,b599d0bc0dfc3d0993a0f39d342153eebc5e0a88170afa3dce031802d9a83b30,SCAM,test,786
3186,e7f12251a83971d94e2651e098e78ad8ff2e6d2ce301d4d59520e332658eddf4,LEGITIMATE,train,3053
3187,f2db860fe9c38aca9a094f01b0b8d886bede49288e412740d411c68e500342f5,LEGITIMATE,train,3054
3188,49fcd6db3389bd4913fb056fbe427eefedc43c8613b262f351f987aa8be546d1,LEGITIMATE,test,3055
3189,48bf5d45e2d30c633644ffae139f596deca3a570d8738ae77b488bc2afccb4d4,LEGITIMATE,train,3056
3190,6adbeb6ab4a248aedf05d27d1f8a8290b456ae0f748eb1746877aa059844ab13,LEGITIMATE,validation,3057
3191,5e40a84f9da5aabd44876a27a63ef896cd50e63d6f0637449c44dfdeb61002c1,LEGITIMATE,train,3058
3192,b48a78a00969a130fa542eed7fd656bec0750bac78a5e8a4c6c6b70f20a96618,SCAM,test,3059
3193,a20d4c7770584354ad73edf4113648441a207c67d884fb2a872b1da0561864a4,LEGITIMATE,train,3060
3194,5c9b2a2437de5fb0237fe9a12a02ddd8e26eda05866ac535d708e2ca60405db6,LEGITIMATE,train,1073
3195,8671fb49cce7a95d78dba59613bc33a3b46c3f48728d5ae6e5153b9c28303243,LEGITIMATE,train,3061
3196,939d6642462b9071a068fef42b38571322ff2548e66eb53c5929b8ec729a3322,LEGITIMATE,train,3062
3197,0943c23f4feb4273e7b00f826ea4703d4adcc5dbd2e299c410aa12dd35b5d475,SCAM,test,3063
3198,1a87ba36311edfb2a3fb6a22a6d8bb23ad451dbbdaeca0d4c884a127d213c574,LEGITIMATE,train,3064
3199,675ee5beceb305dcbfdbe3c52408bfcc9b66697dd5dd323e170fab6134d206ae,SPAM,test,3065
3200,500c8ca3c7e080d5929f69676b8c45b21c3ddaf86641361ec9118e1cf05be2f4,SPAM,test,3066
3201,1a35504bd6220ac218c69661ba29a1f2c9dc4d04215700b01f250d93ea89da28,LEGITIMATE,train,3067
3202,f2a52c4c405de8204777c60f14869627ecaafcd9bbb3bb60aa28f464bf12d5a4,LEGITIMATE,train,3068
3203,9e69d7b93ff1a9ac1c69f9cb1be579000a5e18f0f1f1dd5702c240d1e9660a8f,LEGITIMATE,train,3069
3204,7662a92cee6d044e2692dab8cf478d99a2a935152936043e453eae811507b5c2,LEGITIMATE,test,3070
3205,0ed52354d060b46145b358982a9b223e64618998fb19307a12bb78be7adf4677,LEGITIMATE,test,3071
3206,04425f010472cb35b6a6e90fc777edb2a536340df808c8dc7bcdda004b2abd23,LEGITIMATE,validation,3072
3207,8725ba0c419b4b523dafa40b08d526bec7a7f7aafd89f00763dd47bdfcffd9bf,LEGITIMATE,test,3073
3208,2f6b012fa81281d934d3c10e2800ccec01a73005a5c1f171f25c0dad757338e1,SPAM,validation,3074
3209,c32cd4fdb216f15c70da3a1cfffcd713b16e94dca1e2a520ef808034e3c82c4f,LEGITIMATE,validation,3075
3210,7a3d9bdd41246a2462676f7272e8c4655b57dd069dab3f5c5830fd10f546d7e9,LEGITIMATE,test,3076
3211,85d5466223212e1a3935c86ae63a8426a57fc027118a26e2c60f8048dccf5853,LEGITIMATE,validation,3077
3212,75edc551b2295f96932d3a1ecd9d949639ad3b0783ed8aa9393fc1fc3fcd97c7,LEGITIMATE,validation,3078
3213,fddeddf7ff1f51a7d31a6dc1cbe62ef1f27c0bd5559f5fea6d23b768ad0fae7f,SCAM,test,3079
3214,304c716ae75df73135764ede9311cbe25778cbf619cb1c28bfafc1c242d429da,LEGITIMATE,validation,3080
3215,493b3de29f58cbb8e2cf74ac17880337f57a41040d338133b62f1f366a4dfee9,LEGITIMATE,test,3081
3216,4a3db7398d69f615c56964f3fb48f00035675df309a4f69dafcf5e83120b54fc,LEGITIMATE,validation,3082
3217,3c2691eb609b76b1c411f96eec0a04b04df52561f696d4d06b214c0c56b69c40,LEGITIMATE,train,3083
3218,e1163262c9dd04e4fc64c1fdf7378dfe72385dfc91f8c47561cf80031838f0da,SPAM,train,3084
3219,53c90d217c74d27239b90f52eeb189ef05d9a8ce54765bacc4c7ee0747a0ae98,LEGITIMATE,train,3085
3220,a71eeb2b826eee969156a7ab3096bfa11d33627221a0c25503ce6c0dec1ca249,SPAM,test,3086
3221,b125ba218b4060b43bdea8c50d54aeb8166da0594a8212ee4a703ecf0d0bf03f,SCAM,train,3087
3222,0cc3269dadb75177f9edd6f2a034f342befcde209faf1dfafcfb594cffae3b89,LEGITIMATE,train,3088
3223,7659413ca5ad4912cec887af01546320463afe049f78e5d9a1e82d7f736cbd7e,SCAM,train,370
3224,dec9014eb72109f715a63bb98a50301d3f29fe9ebae1baae8d5fe30ac4e8cc08,LEGITIMATE,train,3089
3225,56b1a8241d1d9169b5ea99bb05dee3e46fe7a3faa305f113c334f259b1733a15,LEGITIMATE,train,3090
3226,87f575d3c03ceedea2bf6137d0ecf36ff36bb9baac9b73f5121cc217d35cca2a,LEGITIMATE,validation,3091
3227,935950b5f3990fb2239e7174e80ae031c3166f0df6bf1e166a107757ec4c8a07,LEGITIMATE,validation,2869
3228,821e5547317ecc1c387f18476244dd1229a9d28d56e57d0203e0901165b96522,LEGITIMATE,test,3092
3229,2eb53efaf61b47b96eca11582187e8c2861a8eb2876ba05c408cd76f558bd026,LEGITIMATE,validation,3093
3230,2092cc0eee8e633765de60748d49ffb86e67adfac2c8c1e012baed48c4cb2948,LEGITIMATE,train,3094
3231,c85696183c0c05e7595af0a1d38cecf37f4626d3839d00e6f2cbfb3cb6df34de,LEGITIMATE,test,3095
3232,4796642528e4ed8f35485f00f50cf013f9f07e02c607dd757be0e463f6498adb,LEGITIMATE,train,3096
3233,eb12b6d6c64a2ef6d330445ff764f8eb985dce1ce2a479695e61f4a1d6e46870,LEGITIMATE,validation,3097
3234,654537a75eaa6a8a06a212dae869336f4eda9dcb5c7119a17e354c2fef621865,LEGITIMATE,train,3098
3235,106575b865fcc26a58e2cbd57694eff1668a529d234fee7313cb892005a1d2d8,LEGITIMATE,train,3099
3236,b4ba45d93835b676bd866f04cc70d19bc1b64867714a57340111cce6b6427093,LEGITIMATE,test,3100
3237,e6212e7a4d93f8dfe82efbe1d90c626ff073ecd3328c51cd66afc536630fa2da,LEGITIMATE,test,3101
3238,955d4e3830c6605320f99b79d559a68029b022ceca820d279376623421012c1a,LEGITIMATE,train,3102
3239,e088d3ef6af9e3e4a09bdd76bddab550a1fe358a8cef309cae8415939697aff0,LEGITIMATE,train,3103
3240,c95d4a912926d19d3eb4d3d3c8c262e0dce4fae84aa59d200f833dbd2bfd23bd,SCAM,train,96
3241,3d5cb727ed45e5232963d1e1c472cf233e60cc91fbd615aa6ba74a3058644a82,LEGITIMATE,train,3104
3242,b588bb6d11ca3cb95d902bc07429ade5d7d106621bec20060a8ca34b77eec9da,LEGITIMATE,train,3105
3243,f2a4e4e6c6a7eff1bc2e30fd5c464007864aafa8c455a4c1aa25e6d98fe7db5d,SPAM,validation,3106
3244,317abf80ae5c2fb3762353a165dfe1082465b4d770b1193bf98ea5c15b02e50e,SPAM,train,3107
3245,ef30e85fed141d96dce5384c49dffc93077a31cff01234ab0441ad6b2585151a,LEGITIMATE,train,3108
3246,7fd1cc107271f5f0a467f529fc55d08a2187ce3b58b3b1e232fd8c952d798dbf,LEGITIMATE,test,3109
3247,c87f8d69838d35948dbae1bd8efeb1704d71f0258067b3d6da5446d422b56778,LEGITIMATE,train,3110
3248,273dddecb766dde5c6acb59f985c0c8cfbd14abdc8479778d3906fbf6265e510,SPAM,train,3111
3249,9db7bbb0ec74b0b915b2e5b35ac5784d2f303ebc9e515e50679e3423bc56ccda,LEGITIMATE,train,3112
3250,061494e8698fe3ce4d10f77b7a9ba2f8a2bd05d25c2796fce09bf1abcede8dcf,LEGITIMATE,train,3113
3251,af74c43c7080f1732c8cc2de398cb849a52fe2e4cadf55e2846d23014afbc5ad,LEGITIMATE,test,3114
3252,aa542d1c7837df0806ef04c3e138f1bd987a41c90d0dd7e8f3595ee0263afea6,LEGITIMATE,train,3115
3253,cb57f57fc14be511ed189669177c5a331e6d39bd0603b4c3025ac9f7625de7aa,LEGITIMATE,train,3116
3254,2fa7d2b161d1e59a619c849b426ca33d1274359aaa6f6934e97eeb06533ffa2f,LEGITIMATE,train,3117
3255,263611bc69e232f86bd86684a381a814723fbdbcbe6e14e274f7f9305a220985,LEGITIMATE,train,3118
3256,191746cabf1203a7e36dc85ce8e28c0541a01bfc3a9a08ccc98e478828106b93,LEGITIMATE,train,3119
3257,b4fa10642dc0698c95d166b1aef8f7aa60a6f610d02da4f524127d0c339d5e8d,LEGITIMATE,train,3120
3258,91689a529edb800ab5e5d3a229693f53a5ada6845aec9335bc0b0f6196fbcd27,LEGITIMATE,train,3121
3259,d6835f96ba494074046c0e50d351c4027ae5c2b91c762aabb2f0b9d8c0db2d8f,LEGITIMATE,validation,3122
3260,07c79dea86fd1123d8a311f42d07eb1cc116fcd3f3620b87afe6d60c78826a3c,LEGITIMATE,train,3123
3261,ed3c47e2d4d8a25c4352c0c749cc25769c45e32231d90003dbe2e426e38bb4ae,SCAM,train,1616
3262,f74158d2eb39dc187722a198331adfb9eb262a87b02a39eaa936c221cb7a5cc5,LEGITIMATE,train,3124
3263,9df6139f0a7b2bebddefe31b419cc3ef8372c833d86c51727ad88eaa3f7feee8,SCAM,test,3125
3264,8a51e1d98f733c094a99176d13ab176ada9bcd8c9436d672556d9bb6b87f4ad4,LEGITIMATE,validation,3126
3265,52f01a76d43915d56328245f240defefa96ee9c67c896ccbe4c3a8d76d8c72e7,LEGITIMATE,train,3127
3266,835814ef46514f7cd5c451c51b2d7b694a8e1240864ec90f816d87b403140e62,LEGITIMATE,validation,3128
3267,2268b615399e6cde8da323d5bd26263f3e8c1d6c2888b06073bba4b00ac9abb4,LEGITIMATE,train,3129
3268,00d7d8bdf55de75f40253a245bcac377f893e3827e5192684582031abd3d6f87,LEGITIMATE,validation,3130
3269,4cd31fd7912bcb935221e029ed358394730156f5ed7002aaf25333d7866f1e99,LEGITIMATE,train,3131
3270,0e40538454cb89c59c90a945cc92052bb57446f9d2ac4ef8aba8533c09f3cb7b,LEGITIMATE,validation,3132
3271,06a7fee145df9fa0d018e902a2198ed2688cddeb1ad7f4c98d24584e69006940,SCAM,train,3133
3272,5d9d2f1269b8a8d86fbbda749aa0d6e0607f1378b1b4a06989f43421c4fd587b,SCAM,test,3134
3273,49443220954faf8e7623d89d3c563ba87cbe09b9ff2b2cc15b62bc20d0a6669e,LEGITIMATE,train,3135
3274,e0458e53f66d6ffbab9aa2c937c8325662371f0e88f8661731637b17aee820b7,LEGITIMATE,validation,3136
3275,c1c423afc8c027bcd4bdec66ccaf45cd6330f3516d82c264323e3141e369178c,LEGITIMATE,train,3137
3276,d11a58d2efb34a861a697c56eff4a5a501945d172d4b28a65b0f7b3e6481e4f4,LEGITIMATE,train,3138
3277,e23e1c32439b466d91aa625b0fb83c9d8884ba32bb4733d5b2bd38b9f57403ea,LEGITIMATE,validation,3139
3278,d3ce2e07475613cc7638e9a9d869f63da5fe7e8f970a6e94932fbd4be9919a10,LEGITIMATE,validation,3140
3279,3d493778d3d32f5f2e4f05c09ffbef645e73716e1ca5a575d902bb471fdc55b4,LEGITIMATE,train,3141
3280,3623155147b0aab2dd6211792ed9f25fe10db50b8ad205bd3649a5f8beb3ae77,LEGITIMATE,test,3142
3281,ef87b86350a22c913ff01de7e7551a517bc5d06d474069e840c4f2800a04ceae,LEGITIMATE,test,3143
3282,fc5b0d02eb8384d2b70ad1569e1e1fad376c4433d26084204a52a45fd9c0deae,LEGITIMATE,train,3144
3283,a8c644bae1f1ed4840664f6fd3e1b6e1b685375c2c1675f80de0da5cbd2d785d,LEGITIMATE,train,3145
3284,fc2c03e728611a5c786b7dd179facc12bba953d6c24f412b6fc07e327bf4c0b8,LEGITIMATE,test,0
3285,789425d17048452e555400bf9e9cba0285d39e4828956c7827fc8a024551d567,LEGITIMATE,validation,3146
3286,75806206583c1e17be06f471469f4ee0125cb71cfc6de67eb210fae21897b9ee,LEGITIMATE,test,3147
3287,07a76771e9ceb40d7743fdf9c759722c1d8dbe20f54554e34fbfa821f31fe532,SCAM,validation,3148
3288,a4b4c9490d8d078abdb45a0efb2f389533c6e94f433556e416970e5e7257e218,LEGITIMATE,train,3149
3289,474ed98f79b9ef68713d9fef4034f873c93f24d34c54144e962d8d26ee5e0ad3,LEGITIMATE,train,3150
3290,90ac8a735eb88bb172da824d4754554b3b909fa841f4883951bd52ff47bde413,LEGITIMATE,test,3151
3291,9fa929659ca1501850ff7599504c446307b3b3c5ce99eae05f4b71e63ceec279,LEGITIMATE,validation,3152
3292,caa27b95294c1b732a9d463b10e180fb0903c9d107dde1b49492872886d62cae,LEGITIMATE,train,3153
3293,4834ef58efb9e3646f25a3d2ae2ab64fe71ba4198984684e0e4cf47ee41ebbed,LEGITIMATE,train,3154
3294,469b29ac511b189500a356d66e09d091ab3c549d9e105a3156bb2af9052a5e61,LEGITIMATE,train,3155
3296,95dccc31e8ae810e165af0f0ecf3e70423ac1453c45ffd4f5916cde130e21ee8,LEGITIMATE,validation,3156
3297,6d049e1221cce367c3feba9d70c7102a41ef0985b970a3ae8e2ab83499772498,SCAM,train,3157
3298,5a1fd8c832fbabae91cc44f7f4e33d42c2a2d85cdec859c2fef5ee1713dad93a,LEGITIMATE,train,3158
3299,4f0b7bfcb887eaaa86b3b3a75319833c439719ed4982ff5caa71d670f6414deb,LEGITIMATE,train,3159
3300,17a77f571738506312040589a51ea299b097f358ebef1c72a1b65a0e1d946b8d,LEGITIMATE,test,3160
3301,1e4c0c66b2281de8fe871623d340217a4cfae5347f26bb4862d023756533fe46,LEGITIMATE,train,3161
3302,499fc7d7659335dd501af5477446e9322c1201e0f62f4688d0755ef4be7acf58,LEGITIMATE,train,3162
3303,0463c6b1a1dca469ec2ede931e19085842277776ab38fbda41df628f24e6cc2d,LEGITIMATE,train,3163
3304,c3e70644d185aaa4ffb27acf0529f95c97bffa526e958a7ad9831051dfca30e6,LEGITIMATE,test,3164
3305,81f5f33e433e0668ea81c353215387611e83d58ccb25f9e004399d1a3d95f3f5,LEGITIMATE,validation,3165
3306,5f3ed069717808e59453f31488cf08bb9b92fe6d9117c97ece81dc9293923955,LEGITIMATE,test,3166
3307,722765fc7136897545b0f43f577a90a00bcc6ba292e008b61afdec3a2b40d6bd,LEGITIMATE,test,3167
3308,813e9b19571823f2a20086206078f542a5e76ac98c44b994a421438fea8ee395,LEGITIMATE,test,3168
3309,f7f8dba1cbd6fdd48fd7bcb99318d120888e69bc93390f6548de34c7d6aa47c2,SCAM,train,3169
3310,fa0b2596999dc3cca511e951e73ace8cbd2d6b3f0a57ced6de7e77bd686cc34c,LEGITIMATE,train,3170
3311,bb2653b409cd015eb101f0187509a36ed22220a4dae2dfa1adfba9a3a09bd9d4,LEGITIMATE,train,3171
3312,3afeed2cb1d9fc737254ac8b8e4e88b1160744ea1d78dd6ef9f08ba916ff0ba7,SCAM,test,3172
3313,a3bdfe943c36a762d4b5510bb0ed537366cf34347baf9a39d939e85f191a2a7e,SPAM,train,3173
3314,f254950e7e3bf07f794c52b14bc11eefb09b1f8b88d1fd52501bd999077c19d8,LEGITIMATE,test,3174
3315,63c8a5005e597ecc9f4c60db953908026d0b49d92e0b124c82adac082c4bb645,LEGITIMATE,train,3175
3316,520c7bff2235e3ff54f76cb6e2e7705804f46cd42d61a2237995532e249c5cdd,LEGITIMATE,test,3176
3317,a51fd30da756cd11487bc1b2f46445f33c30a9eec6bb5137fb0f738a903c56d3,SCAM,validation,3177
3318,cafcf2b37f95904aad60e0581e60c18b5a9e79556d100c1c6b5276212a88829c,LEGITIMATE,test,3178
3319,c20b6f264ff87577ce1b05f766949248da491067845bad64fa0c843cb1273f31,LEGITIMATE,validation,3179
3320,6138df335d66244efd7042859f0027376ad5d3a42bbd08937d16b9506c686b72,LEGITIMATE,test,3180
3321,55d574164bc97c89e8bf6671f8d2eb6cc6d3a5f02a6fc21be42e9c4fe78c80bf,SCAM,train,3181
3322,673175bfb081260bac795d9883b1fac3aa01a6519586355674c62859e8192af8,LEGITIMATE,train,3182
3323,8c7ea1dc4ae400325428a246dbfce32ee4904797e9ceaddcb77a3f57d9dbaf13,LEGITIMATE,validation,3183
3324,2050ecd9d2fb22cd501921bee0910acc9499f274e0e5bc6e031da0d2325b6f15,LEGITIMATE,train,3184
3325,38c0290b9f76b4b62bc814b275af65b1daa5280aa7965dba2365ec13c6996b0c,LEGITIMATE,test,3185
3326,6ccc1cddd4840c120bd9a60581c690c43ac20531897d470a45a7c5b51661cff6,LEGITIMATE,validation,3186
3327,8c527e014f4a91ec7d5ec6b31eb85362a03d11d2ee6572ad1320e387a5167b3c,LEGITIMATE,validation,3187
3328,7d7942a7c6ef07ff790d545266ad53bb22990b26b99b56c1de4877a00ba488d4,LEGITIMATE,test,3188
3329,ac53745591839d890ee7ea1489f69fdd7930b221c434a24353bdd67a67370a88,LEGITIMATE,test,3189
3330,18ade236441e4e7456f96d79fcc9ba39f68dbce53cce13a0b857115ae51f079e,SPAM,test,3190
3331,b5b6763fd986a86724851aaed42199714b9b4a65540e07eba089c4f3e0ce5c8f,LEGITIMATE,train,3191
3332,38dd3c87e70c492cad6a47dc949db7f63605e2262a4e3a5da62436dd9ce475e8,SCAM,test,3192
3333,cd118255dca4cd56bb60e35c172e56a1889528e2dc03d0439b310275f3fe60e0,LEGITIMATE,train,3193
3334,2b22e2f36dd38e2452c6af3a875dc40e55295856317e5d1f99818fa0c8a44531,SCAM,train,845
3335,3755553446087a625331e5e6fec00a9628f083f4be52371fe1c4ed0bd936e5a5,SPAM,train,3194
3336,fda0a6bf91fd9db461522ea14283a374b5fdd542adbeff663bd7c1685dcc9139,LEGITIMATE,validation,3195
3337,326b52a930ff46476fa4a4f3d3a80f9f76a7dfce2db1ca5ae35304d209741c03,LEGITIMATE,validation,3196
3338,cb9d13f17db6f472449c79218ebe3f7a728ac1fbe873c81a5321da284f8c53a9,LEGITIMATE,train,3197
3339,49922dbdcaec85fdd4812475ef2f7397105160cb0ca2c5a3daaab526a655efc2,LEGITIMATE,train,3198
3340,cef40e79893731e840e6ffd86f024e04f849a2b2848bf1a911dc2cc80944ac2d,LEGITIMATE,train,3199
3341,193c617f1aef13abd1b30388ef771c0dae08e520220f9cf0a97deea0b4e21668,LEGITIMATE,train,3200
3342,12482298ff240b6c92122b2c98eb401b6bcfcf6d86378b7710d63e7b7d5983d9,SCAM,train,3201
3343,c17b3222f8c557d814c7e4810ef263c371a78785f55342af34cf598620746f2f,LEGITIMATE,train,3202
3344,d3f66ab71641b3de9ec65986bfe0241d5ef2da63de839d8a4cc50a4084247728,LEGITIMATE,train,3203
3345,64d937bd145b6a9a82ac110088a0bf79103600fe63cb6573d3a25e4b15ec02de,LEGITIMATE,train,3204
3346,1ea4e579a434cca38638d0bcabbf1f7b6f4d45ed614ebadfc564cb28d0290225,LEGITIMATE,train,3205
3347,ac3a1caba435ab703f30275786b7878e96c73ae7b190de324f2df7fb15d0f100,LEGITIMATE,train,3206
3348,1ac6e1b5407b8225532caa4e242c75d5a419baef7314f715bbe62f130cee9332,SPAM,train,3207
3349,16f99657eb49b3aa1feadd4b1e798169394e052c7bc39eeaa3c459d661b89db2,LEGITIMATE,train,3208
3350,bd89f238372762cb3ba3fee215accfbedff359544ff120d4078af4b42035c70e,LEGITIMATE,train,3209
3351,05872a18b963e993d20a6c73b7d73d025cabb17a9fb9cb0eaf226b7a97197798,LEGITIMATE,train,3210
3352,ebf6160b81daf4b665d8a2db8ef6837d568c97cea269ef1c3d3906e36a20c185,LEGITIMATE,validation,3211
3353,84531b3558955c54acdf787b3b13703ea0b0518553a9976a3e85b3a52636e013,LEGITIMATE,train,3212
3355,60a254b5e262d9c35421a5b0325f8979a0f6d40fac9acf1e95a2a65bbe06173f,LEGITIMATE,train,3213
3356,6da96630aefdc7252bf2c5b604889a698dfa0d15de349c3491d71fc8f6c74e53,LEGITIMATE,train,3214
3357,210216fdee42f308104ca05223b0b343f5b4ba88f2bfc0b6df18db12773aa47e,LEGITIMATE,train,3215
3358,184381d3a1c5596025801c6de8804689e7a1e519e40581585b1933788fbc05b0,LEGITIMATE,train,3216
3359,0cd837137e7274c3d00555ae8e742e8a0385ff7cd0a9832d292b18e7f6581d8a,LEGITIMATE,train,3217
3360,1303ef46eb5a69d15e3b37682db9ff95398d799112ff6fd42baa2d81c7e81a15,SCAM,train,3218
3361,7dd6f2383f40c5f984e7399b3a068b0a2da66d7b074e6faf8a08b73dc1af0ab6,LEGITIMATE,validation,3219
3362,733a9c6f1f6db27d18e8645acd0e15853b5fbba65128a29341ad4486a6d6e60b,LEGITIMATE,validation,3220
3363,65a5738dca2d2b502343808a5f25223ef313c3391a147f15bfc58f5d268f6723,LEGITIMATE,test,3221
3364,d83ff2c541e36ba3b9132d444eb95711b25db05657e7a19391dc677891ed94f2,SPAM,test,3222
3365,806e96c1a24cd536bd9571ce57002a6036ac883a60ae8a5f4494f6ff3b4ebe13,LEGITIMATE,train,3223
3366,f71ef06a4021657884d48ef3f0ceac665e3fc4b97f8ea33ed0d47a2ce477f8a4,LEGITIMATE,train,3224
3367,83f0e0b8367f32f216e6c828c0188430085ea4bff2fae7d3308c042b0dc8a3a2,LEGITIMATE,train,3225
3368,90682de61a11d38f130fb16f35145e9dcb0920205cfb00f5e6cdd3527f970b53,LEGITIMATE,train,3226
3369,ace7871b4690c2c25c93a83632464343c5a19979a4a59550cf9b37c503b97471,LEGITIMATE,validation,3227
3370,f11b7dc1bf239abd7422a47a3161156cf9f3a35e2f0c44aef33f6a38cfaca5ef,LEGITIMATE,train,3228
3371,0227c4f96d80f7ecacfea9dbfb58ee2ef9de431b1a85f82e57e4f11b5131dd1f,SCAM,train,3181
3372,b38d448dd824c41535e5cd66ac4c1028c22d80882d625df7027e58d6d280ceb6,LEGITIMATE,train,3229
3373,b873dabca7f4bb491e2161f43b09e570f491374d554c2ee18ceade1484275a5c,LEGITIMATE,train,3230
3374,058516aa1cdc18f22f4ea35ed0fe17068bb1ba8b486453cec4286bdbd82cf8fb,LEGITIMATE,train,3231
3375,0b054bcbeb1fe918c06d3a55076748f85b567a8cd54646f8fc6b3e95cb8b522b,LEGITIMATE,train,3232
3376,3776a11ab6c2f32a3caa9e4102050520de983185d82f20f69c92b0b5acf96937,LEGITIMATE,train,3233
3377,d21e2314671d1bed2352930627a3ea191fb64b487adceea85c27ca954d1f9c8c,LEGITIMATE,validation,3234
3378,3e3ae3af63a9518d6501c477dcf881e285b6c39fce82a5c2e03bd5080306f024,LEGITIMATE,train,3235
3379,76e2acd6fb775e5f0be6fe1a03bdbe780d7853c2a456e14a0c0fc9ac53849f70,LEGITIMATE,validation,3236
3380,727048a004617cc89ef666ac1ed4d21f36c36dd96854b47a761cc367d43b4fc8,LEGITIMATE,test,3237
3381,eec8083b5b508cb74a2725f1122658800cb7fe34cf1cdab641d5472b1d8830b5,LEGITIMATE,train,3238
3382,2be5d6e3fbe79ad5147eff404bb2517a2c6cd585b2559a4f767b35ba920ced42,LEGITIMATE,train,3239
3383,0ddb4689ae203178f5f434183e9e40360c74097235818588ef9234a002d74605,LEGITIMATE,train,3240
3384,c2fa57964e7480bb81fc72f3727c00385cc1c105841633b3208e98e46cdd264f,LEGITIMATE,train,3241
3385,e794ae08892d44165c5086eb66e4584a273352d4b2640804dff16ca91f3d8956,LEGITIMATE,train,3242
3386,2b153ac4a8e263ad368d9c5312ccb6df2ed0b9d9549611ec7849c1541a003124,SPAM,train,3243
3387,204a73d52eda72baa3d865ac26fa9e4d16835761ee5312e00a607f736d25c074,SPAM,test,3244
3388,726707219d44128deccc75c724aa5540f0cfae43c92eff7aa70d50166df22db5,LEGITIMATE,train,3245
3389,9d4b0db370f234f66c6112632e7727814dcff51e19b1fe5d824014d70ca8b85d,LEGITIMATE,train,3246
3390,e0cb3a384d86d311679e7d3776970dea80855e6a5a17d3585e165ac607753d9e,LEGITIMATE,train,3247
3391,7b86a5a95ce9357c57bbaed6a247bd78114db4b6d2e441ce4cd75317f630b16c,LEGITIMATE,train,3248
3392,f0f9191e6e8d4f64f2538d08ad3df4cbedffb3f2afa9176b6974e4511f59b097,LEGITIMATE,train,3249
3394,8b80f662c0880823e9bb7d2fe2e0b12cf02faf7ef85ee4c0c50247661a14954e,LEGITIMATE,validation,3250
3395,023136a123e7fda95dd1f2c6cf3c7b5100eab1c920a68b1676a767fd101a396d,LEGITIMATE,train,3251
3396,d7cf2ff54fbe631efecd9a8bdd5497cb5446ce1a598032d32852bc87bee4263a,LEGITIMATE,train,3252
3397,0b5daa1eff1e72a78e8c0f21a976bf0b566428dfa7da96ac97b8d85a9ae8a4f9,LEGITIMATE,train,3253
3398,efba615c117ee20bbf1290f581c11dde521b27ca39ce402feb5a14e277fa9965,SPAM,train,3254
3399,010d1b1a267dd7f5f039aac298f5edff09c7f1a842efbc353f73998871835088,SCAM,validation,3255
3400,7bdd3b9b672b6612f92f6c0b488d552837ec5835e4d162b785a3c397ff459643,LEGITIMATE,train,3256
3401,8b5ff69c05c8b2a8ea492c3c61266dc4d6778b0a3f7e09ea17a714ec6fbcee31,LEGITIMATE,train,3257
3402,0b15527388344edff2da3c6e8f4513d0228d5ae929dd7d24db01263b0e3aff62,SCAM,train,3258
3403,0c5ad9fd3cdb09ee25a0f0b3ae09b298dee01805f172f382c88eb826a7b6507a,LEGITIMATE,validation,3259
3404,e3c82428360dc1a5e84929b80c65e0969b30e02a375c23e60bbbb68bde50e602,LEGITIMATE,test,3260
3405,91a8dac3fd447e8b2a12d59c742ad14f4abb1b97909052a07cf5df4479dba730,LEGITIMATE,train,3261
3406,376b53c4f09f370ae78fe9ae3918bf0537cc8debc1f49b12a5a3391490899424,LEGITIMATE,train,3262
3407,0aa704c0fb650637c4fde17e4dab8df54b01fd17957661041bb887b4ef65a627,LEGITIMATE,train,3263
3408,ec6d0cfc14079e8b3a2e239c701a93cce51c4f09f12ac76893ed17bd0ac60bbc,SPAM,train,3264
3409,3838d87dbc117391a09724791a06726287ae65d7e5b8bab86454541ad8e5e8a6,SCAM,train,3265
3410,82fef6b52c09786d24839084f1631fe14bda59f14521be5b365e45d1c4947623,LEGITIMATE,validation,3266
3411,433b7323a485327e22a7496d5e280e7be2b5d6d126e6c5b467042be6e1204f68,SPAM,validation,3267
3412,a693c26b863280afe2725fce930ed8ec9b1baf99dc21f86dca88f381db35e883,SCAM,train,3268
3413,d0c02ee1dd12000df8657c15b114f84d303dd08c7725df3c9f8dcfca1664f6ee,SCAM,train,3269
3414,9c52973ed7f48c7a50fc8c22b14090dea83a57497992bc1f58ec677ec8319cf2,LEGITIMATE,train,3270
3415,b38de0c58b11deea53f5cca2207ff32d5847050df982d2a2070e572e013e1a1a,LEGITIMATE,train,3271
3416,9d50cc98bfbe11196cd51f93aee33bf6b3f4333c792e2b23968215e859905ecb,LEGITIMATE,train,3272
3417,d8fb9b3502919cf304b4bcec20dfbfa581c8fc4aace32c477f2895331ae74906,LEGITIMATE,train,3273
3418,58e37c8ba6544bcff6e9c7319bb04333346a1061e74c44b45b68cdf2a2f68273,LEGITIMATE,test,3274
3419,d2e3d9be4b9b60ef825236d55ebd481f90906b6dc91a5d6be85fca2d1b4d790e,LEGITIMATE,test,3275
3420,5cbf811aed8e69ac48134520275c2956d44d68b1932ac23f21e19e61d843d097,SPAM,train,3276
3421,a9420010bf6c0703de383ffaf8b2b53fe82d5df5ff6e75b6c15d52495c793043,SCAM,test,3277
3422,93a4d3d34ff977b9e59cc28b3d01411941cf7c3c752cae3655b76c2923e0c322,LEGITIMATE,train,3278
3423,97b958a3ed03769a85423d63b663d5af858d3eb649f613f2e1dc1f3e3084c309,LEGITIMATE,train,3279
3424,dd47e3036d9b699c7691e36423831e2b7d5451b90c3c25d1880f311023b2cbd4,LEGITIMATE,train,3280
3425,732caf8e79d42e0eac99ac341351a18f412e66b0f9e5a9d4e9f9597aa6628d0a,LEGITIMATE,test,3281
3426,5d4761060011a0c2f6ff2e18038f281583b4029e197888128634139d0ffb134d,LEGITIMATE,test,3282
3427,d3071c0466e88fe7a48635c22d553bc7577ff8223a0229f5fbe3a6cca9f605de,LEGITIMATE,train,3283
3428,bc4c8dfe06a5bff7bf3eba972b2e11e983b30949efe5cc75a5d25ccd0bc3aa08,LEGITIMATE,train,3284
3429,43bb8631d50dc3169d40cad2c56b055ece9d79eb33bb01cfd69dda492b5858e9,LEGITIMATE,train,3285
3431,9602d07127d62212d27e21a20c5ed8558951aaffe72ea8212e35c028bf045c14,SPAM,train,3286
3432,a9e08d41ff99c0348c7828a1bc52b56ff5c9134da2a4e53cc815e07c25435e4f,SCAM,train,3287
3433,7882040454baf09ff4d63b2e0f46ca6a2fd2b048ea37764c976c1cc8c13d704f,LEGITIMATE,train,3288
3434,f9323255194bedbe4bc55646d95fa3aa1c58032bc1b3aaf05ebd97fa1ba54f6d,SPAM,train,2886
3435,dc1517fbc00f206f9336452877b201de0aa1e88153296b6abfcd0ab82db2a76f,LEGITIMATE,train,3289
3436,2e1b619b57c685292ee2507e7204918c68a305d822b6ad34b2ae680c4112c2e2,LEGITIMATE,train,3290
3437,094baa6fe7fe085e72161055403302304677c7167ad0398ed3c78b8c3e245b2b,LEGITIMATE,train,3291
3438,78e284cc4f5e968ee38f2c8c22fdb7a094e7cc8a04443e89fe952a3de047a844,LEGITIMATE,validation,3292
3439,7d405400677fd6a143679b8151ac46068103bf805ae66165293a627f9648794f,LEGITIMATE,train,3293
3440,c1ce7216b222de2d6c39026e84fb9664899d55015b9eab310be2922047801783,SCAM,train,3294
3441,680cb36b9434d9503bdfa8c2f61cf461744d7f7b33bea06114e061ec46d1436b,LEGITIMATE,test,3295
3442,b30c7f79ab8868a1b4f783c416a59b234e21cd164bba52a887473c49e04664c0,LEGITIMATE,train,3296
3444,8d79cc8161d53a3f0941f8e70134c66bde25583b3990785a5bbccc31a6ca3133,LEGITIMATE,validation,3297
3445,061fa7895b7855c4b9ad87853180e0b6df1053349143400c9c62e678abf3f9ed,LEGITIMATE,train,3298
3446,2830b35d936c1b7298b1963ddd4fdafb8dfaac2c9af0af2b1c5a2d2d0e289679,SCAM,train,3299
3447,c126dc73216b298d185c03de0136207e910d766b2f84f3867cac43ae765b5b77,LEGITIMATE,train,3300
3448,eddf7e9aaa44814003f2abd477941fe693f2657952ce10771b191fabaea4fc2e,LEGITIMATE,train,3301
3449,6fc07bdd52f954eb247fad3465aa84c9400143a22c050ec659614f1e79513862,LEGITIMATE,validation,3302
3450,02d5d22609a1e3c564e5e3bddb6416303a9b4710f8e6c7727b7095663a338328,LEGITIMATE,train,3303
3451,d6bbd739253afbbfbcc32d08a94cd2537a3f05d5db56c12836278644f5ab699a,SCAM,test,3304
3452,c7b6e277007745193485135f6e7c3f2e8c216140e3a7001b8269919630066987,LEGITIMATE,train,3305
3453,2bb0ea94314e848a7169d1445f772755178326c29ae7e0795d60405a1949b90d,LEGITIMATE,test,3306
3454,b1916edfbe625dfc53724073128cef2042d95d2a1a4e7f9d4f36df002ef767dd,LEGITIMATE,train,3307
3455,5d4df27cd1d649db15468ddfeac7a7edb6d17b05ebfdef88a43905f6b7d62ac9,LEGITIMATE,train,3308
3456,79baf54be30dc77da88542d8c79134339c9977c391eb854120f82b3729394f98,LEGITIMATE,train,3309
3457,08ffcabdbd6c2d433ae81fe4b4b017212f6891ba701b55e12b6e1dac45282e12,LEGITIMATE,test,3310
3458,87af592d8d18d2eda1159f98f4d8bd975d7d0a454e42f59d13cd9233a35ee258,LEGITIMATE,validation,3311
3459,61d37320ac91c0cd69ba4dbbab5eb0537df2a8b2982e88cf6c614b724c1951c0,LEGITIMATE,train,3312
3460,f3a430636e7e99c707337be53bc69aba79dc9523f16013279c8ea17f8f03f010,LEGITIMATE,validation,3313
3461,6313ca6b47ded987a9f63e0aefee5c862cbc4500db7f6adc63380664f1beab1b,LEGITIMATE,train,3314
3462,9524c11db3a607a9dbb47e6b7c36cc272efb304b2537c634bd94e90ff87b9699,LEGITIMATE,train,3315
3463,7396a94f9de1ba98be9840464ad72991c64cd4dcce23866ec67db8c89acc65c8,LEGITIMATE,train,3316
3464,6036437be60dba51573c39da85e0c72f1c7015a462965ef089e720117959435a,LEGITIMATE,test,3317
3465,0314c610fa671c3e8afefc970f017d052ca6231cf699a4aedf97a3bdcde9665b,SPAM,train,3318
3466,2a00bea30638fcbfdbf38be4e98d196bd989daed9bea218613a401e98360513a,LEGITIMATE,train,3319
3467,1ed1226af265fc4bf9077ce695b92cddd8edde6f0f9bfa21c417c402ba202a91,LEGITIMATE,test,3320
3468,24024930e28952565e00f60c955106eb013a9ed53b3a4443b62252682f31a01c,LEGITIMATE,train,3321
3469,07a7a7aedfb069a66ccb0d20dbe7ff4be3b78a310a5e7af00396d0a8a0375670,LEGITIMATE,test,3322
3470,1076a298fdeb773fc41cf49e309cacc321868225660014a747efe19d033c4efb,LEGITIMATE,test,3323
3471,c9ef771099f0e54195f24c3312a62f2a1785004502967b1e5726ad7e8a468971,LEGITIMATE,validation,3324
3472,28b6acbedcf4ef134771ff0220caf2db98b93fa1aeeaac0741da8c9464104d15,LEGITIMATE,train,3325
3473,b41ff65cdd35b4528b6337021ea6735143f7011d350d7ec1ef1a5334d3e5958e,LEGITIMATE,validation,3326
3474,b8d1d273d9a103e6aafbd0ae7d306dff6d31defce13da4b286d60f0589dd5ddc,LEGITIMATE,train,3327
3475,41f633ab98e1068f7b6b449424f798ff7b206849e43c9ea78b749e6d0ca4afbd,SPAM,test,3328
3476,3f4df0bcc0c27311b25e2100cd51bde6be04b7437c9469d3ece276633162658b,LEGITIMATE,train,3329
3477,ce6ceafd1f80b5eea257a5ec60951d7778156d9a521d57a8fe63a5a004556054,LEGITIMATE,validation,3330
3478,2278eba67dc56efb3ef9c26f66d5cbd0b92b22eb4734907bc378d226bd87a814,LEGITIMATE,test,1751
3479,8b7979a8976695878f67eecb8ae86871d60ef51ba0598ea19bcfa4490e6f8eaa,LEGITIMATE,train,3331
3480,9f7589f367cf98d632b8b21f5c9da85676265d9e40e519ac29799928157139c3,LEGITIMATE,train,3332
3481,1b25f002d8f6737119a7aa1bab56494a9454787df88437fe27a2a2b60c2150ea,LEGITIMATE,validation,3333
3482,df8c3eb0b32a8947cd21f858daedd3764a4305f71fe2c246bea147a1e6da3d79,LEGITIMATE,train,3334
3483,91ebdc794f3d859acc5c74713e8ade14bef42677602787fad1179dcb5436f106,LEGITIMATE,train,3335
3484,bf32ef645ace20086268c8dd5727a854439edd49e0be8d40c9d35df6d233a907,LEGITIMATE,train,3336
3485,376f0860b36fa515981879e3e753a2ef76eb86937340aaa324c3c61bc97f6ed0,SCAM,train,1203
3486,d92177f955739f7f794f063ee9f1dd72b650a353d767147016ba86e42c49973f,LEGITIMATE,test,3337
3487,1005c394e0bfa9bd2b5bfde054680292aedf3e7a8e32e5c2212583039686465c,LEGITIMATE,train,3338
3488,6c17e36ac9eeeefe616604425db0dcf2acbd8d2ffba661d91cddf7f70fe3840f,LEGITIMATE,train,3339
3489,2c0c6e8806ba760760c0bf76f176f89ebbb4c04fe169e80519514161a12ba41e,LEGITIMATE,train,3340
3490,f872888a884e4668b16c29a6feee7d3d175ae145f915c2874d82415c45b49dc5,LEGITIMATE,train,3341
3491,b72121b1f404071650525884ee840c1479b397074e7a00858128b1412c1fca90,LEGITIMATE,train,3342
3492,b519162f0ba04fdd547abed06e8816196e16e79ae31d12fd1c513fb8c1fb1eba,LEGITIMATE,train,3343
3493,9736fbc685fabbe61a7915a0e17978d4d46e8943ba0ba3789a692fd91f3f24aa,SCAM,validation,696
3495,83347b6a236ca1f62a19abf0eb71006e38b78aeafcb400ac2c28fd1aa8d71f44,LEGITIMATE,validation,3344
3496,6f1e330ff18add8d41ce38bd43f821f8e3b8e7dfe57111d55a7fef57c7aa7d21,LEGITIMATE,validation,3345
3497,6158dbc1cc5c4ad922fc49dc7015a1a3b1efa4fcf3741363c5216d87360ffb68,LEGITIMATE,test,3346
3498,2f54e7892bfd5640933b4b45fcf7e8b87b0ccd3c3439d904024c422dd00d5554,LEGITIMATE,train,3347
3499,433053ec3e68beac35cfc72a18af901555e44e6a00d7029e1c3595a4570761b0,LEGITIMATE,train,3348
3500,d787d48a7fa2821fa5db68df7dccf1adf2a5983cc01aeb3683a3b8f47f5f92d2,LEGITIMATE,validation,3349
3501,7060559d1f276661e9df44e39d1cff17c25ab6de3146010522a91e522271f5da,LEGITIMATE,train,3350
3502,6994d099955b2e36ca73c5d3840de8b53828b2515644f4888d8e9c4d9064e9b4,LEGITIMATE,test,3351
3503,179a452ad62d9f7fad778deb9216ee780e9cdab6a45c534d583e9062d18a7f4b,LEGITIMATE,train,3352
3505,1fbad09909f060c1be63f5e4b1a0f7f1da2508a2600fb1a1cb8047afa44071b6,LEGITIMATE,train,3353
3506,1d3fc21b3b2e5d27716b2fa12bd25aa6f02eee60eace1a81be7d5a7c966646f3,LEGITIMATE,test,3354
3507,361ead0e867ae52e36bee0f09ca666a74133417e0bc5a71b2169b2d1c25440f8,LEGITIMATE,train,3355
3508,785897a84ceb98befca981dd48d89663660551090ef4b959133819ad91e976a2,SPAM,train,3356
3509,72b200a3f62aa5541cb4a2d379441e127da4443751573fa106ebc644dd3e1dfc,SPAM,test,3357
3510,23c6432f72020f390f80d12213fbaf5990720c690af0b6b92c860ea9cc900aff,LEGITIMATE,validation,3358
3511,af2f4e47de443040c06fd9992563cfac6d5bfd0a62f63b74f6644277f6aa90ca,LEGITIMATE,train,3359
3512,01753a8b927ef2921e5101cd9a3dc00b3734e8f655aa2d74c2054258e1ea0683,LEGITIMATE,train,3360
3513,8f3a706af2e251bb53ae1e267132d327c08cb51bb815d6a186f6ae324041d1ba,LEGITIMATE,train,3361
3514,eb4c9655b616c87a3d0882cc7b68842d4381edf856f8502e1ea594ddedc1b2b3,LEGITIMATE,train,3362
3515,dc88dfa14bd3597d1ad7cc76c1de73bca8c5be4bf6096a6074082781a0a8c937,LEGITIMATE,train,3363
3516,b14dedddb90651862adf3fd51c6c446366a7bcb2b6d53638697a2236a63e065f,LEGITIMATE,validation,3364
3517,79644d2482d35815a2ae9e56c804b440c69e33056905aea3be10e3d520e9a110,LEGITIMATE,train,3365
3518,c610065c1377c08df80e8390bfd87a15db09f68075ee20262b7c7c1b5afb3c9c,LEGITIMATE,train,3366
3519,f75e49e18902e3e2b0ab1835584de4addd183c7285234136a1d9b4d2846863f8,LEGITIMATE,train,3367
3520,a3793eb32f2932997b97fb9a19f171d3d02f147186216853d6d9d7ac4a593238,SCAM,train,3368
3521,333ca561cb5dfa4afd67c95a5f20791a061cc2bcda31afc1b9e3c47604403d06,SPAM,train,3369
3522,5e9f14a64d65c0c51316a2fd41574f96fe07ba701d1468a29e9633148e8be4f8,LEGITIMATE,test,3370
3523,a6d0ba217ab9f8b4882b84f09f324e12a50e4fcaf2fc69bcbb1a0bd5ac04fe2c,LEGITIMATE,test,3371
3524,ef5e7d0ac6ecb6d03267f11c9d90148132a04cdb3dc47418988deeae35c59410,LEGITIMATE,train,3372
3525,701b18ff0676c7aa3d623e354bd3e6c99a16e583eb01db4e2caaf8c0224d32ad,LEGITIMATE,train,3373
3526,f1c3018cfed59b67d8901c8bcd314561fb106119d71177bd67e700af0bbc49d7,LEGITIMATE,validation,3374
3527,605ca5fe84d5be24ec0dfe479c7eefe0ebc6b8e04222a69492059098a03173ec,LEGITIMATE,train,3375
3528,c5af655d7f9ff220f12bd442507d9441e2efccedebb1790b120551d8ddd1b2d6,LEGITIMATE,train,3376
3529,05f039b2eafae2c9222ee8477a279ced85c7dd5224135ba7d5c4bfe06377b896,LEGITIMATE,train,3377
3530,06b073bb72b4985c5b2a4ebc263c3c2b76d84aec03599073b7bdb7da32657366,LEGITIMATE,train,3378
3531,2a1fc0bc70ed0b47af4c874a74afea02bc54bcbd774d28a0e378d35575190fa7,LEGITIMATE,train,3379
3532,15b11fe5cd822be5030fa934e47ef7ecbaf60a2dec44e6a4bef7bf1d831a4137,SPAM,train,3380
3533,99fef31de5af7b28fe3ef02bda1e5505d7984010fbb7d87ccd54ee1bd5e78064,LEGITIMATE,train,3381
3534,e80a2c05c08a2f3a9ae3a988409af622d02b5c8e2a8c6e032eb3b6f8327a88b5,SPAM,train,3382
3536,9698ed66c67e8b83717406671d836529b52d480b10356a00f2824a83bfe35ab7,SPAM,train,3383
3537,fbb182ebe6584752e8e173e9302d1d79d035faf5333d09ce67906f93b918fc20,LEGITIMATE,test,3384
3538,948aebe2e7777e382f144924c7ea6c9f008d7e97c599c6b0c9ba0736f77f8884,LEGITIMATE,test,3385
3539,f4943a54abdde8698e7d07797707aec7e6157e78c968c5fb3b361a031b3f8e38,LEGITIMATE,train,3386
3540,ed2de1119cb21b06fbde6cf42eff54c890afc9f324f151dedfc41baaf3863d0a,LEGITIMATE,train,3387
3541,c40e3ab1c7efb869a9d062d62a9a9ba8aee5c493d2b6e10c9c277d586774e88e,LEGITIMATE,validation,3388
3542,7a1415a638f121e929331351cc0cfbab34295ac8721b323f5ec75a34153aa3e6,LEGITIMATE,train,3389
3543,ed572076a7238cc4ab060461e01ee52a617fb1414ccad52903054d528033974b,LEGITIMATE,train,3390
3544,10e588e60c3ca825e6fb2a9a3a4be9db176ebde71bcad80d76234486de00260f,LEGITIMATE,train,965
3545,8cfff84ed7a249819f42d5515967133cbda9bbc343c9527efd2ee846ed68ee76,LEGITIMATE,test,3391
3546,6c7e3f41c05793a5b46597181ce582637f4d18df231bfe76aa42f9d72db22777,LEGITIMATE,train,3392
3547,284ed56080f353723a0ad9e59981f4d10a49b002b28d77ce65ceef7563742df3,LEGITIMATE,train,3393
3548,85c507c469ae80b09a81b0cf56a8d864df7c2e0634db0c9da0cc912d49d4dfed,LEGITIMATE,test,3394
3549,45b3526840535f18a795c3039476560cc7c8716a736ae41c3cb301bedc9b202d,LEGITIMATE,validation,3395
3550,d3db27bb2f7f3d9e3796fee705053c28aa3a6d8ded46d1b3a0cc1ecdcc5e34d1,SPAM,train,1484
3551,882d4f96fe76df9484f921b78d07fdea4ab9ded18793861ace768a2b07fc0b57,LEGITIMATE,test,3396
3552,02187f53feb72278f01e4e230fbf5a494f7ab9a72222c606d923898358790a7d,LEGITIMATE,train,3397
3553,c0834ff126edbada1027ff0183ea7b7d8083238df8e12da669de35700aed5462,LEGITIMATE,train,3398
3554,e3800e8f40b8a7bb453cc549ae63f7e44779c7a9543ef8a60996d57f8bd949b4,LEGITIMATE,train,3399
3555,601e85ee1c3c938697c8108d2deaf579285edb830c988968dc596c976e74b965,LEGITIMATE,train,3400
3556,a4411499bb4a242300fe3df1cd615a6dca9bcb65ee74a7a21ffc6b904c9a1bdf,LEGITIMATE,train,3401
3557,dbd07f1e80d67e1dcbca62f6ff25e7ee07d3893d5b67317e6161acd850c545cc,SPAM,train,3402
3558,0e2caccb9ae54243b01d0873d0ead24ab0733ca92b7c472307d7a1fee1a3e7d4,LEGITIMATE,validation,3403
3559,2371d0b94e8664b6fdb158e22cc8843708933c058d19d3d73a6388e9ed1080c5,SPAM,train,3404
3560,a86c6111e952846f164ba187a512a4253be5645c594839892fe8cdac8942fa93,LEGITIMATE,validation,3405
3561,5ee37bffe9dd19921595d7ec65c14c7b049acd95bc33c1fbaea5f3c77b376970,LEGITIMATE,train,3406
3562,dd2fb3c51ed63577bb6908f26e07a6e8777bee62a1ba072c1e70caf2a0f342da,LEGITIMATE,train,3407
3563,6b92ccc31f846a6d5a8c5eddc73ccdbc1801d31c86de8abd61806d22309d3722,LEGITIMATE,train,3408
3564,73da92ef990a3452057ed465c274160258261c00dff24ffbbeaba9ceb747fa2c,SPAM,train,3409
3565,d1cf6f23985e8ce44b5fb73b85a68214eab3d8e0bd0ff7c581dac9dd3034ad8b,LEGITIMATE,train,3410
3566,3232d8dc99909a3120e88cac9f9bcfe92c87f4ed508a159f0570612adc2cb431,LEGITIMATE,train,3411
3567,ecf1d5f682a3aa4506a18547fbc8a59b3c8cf10584a11d2240ec3f85befe57ac,LEGITIMATE,test,3412
3568,0751de90f8fc693cec549efc66a922ec77bb77917a46ebd1bb2492e78470f6f6,LEGITIMATE,train,3413
3569,3e1db779b8ab79691e6eef667c1dd7d601021c26f5980a4052ef60dc9fb74a7a,LEGITIMATE,train,3414
3570,edb9ea0a1dbc143e679fd7dbe3a023332be37a8a3f7485dd088e136576d8fbc9,LEGITIMATE,validation,3415
3572,b4e5e817e28f16b1e2cbbd5f8d6e02e9515e36217d1404e4b9c835aa1cbd98b8,LEGITIMATE,test,3416
3573,e520ecf918b637bdf264a72fbcbc4f393a01a801275cba4a3ca90a11d0260f65,LEGITIMATE,train,3417
3574,7aa61a377e2129f66977f6b879d19400a472a0105ec27a562cc055b979fc194a,LEGITIMATE,train,3418
3575,9665ee2e17433e451c87bf2e7188e2cf91f0633f6f03ca1fb84777619fc2031f,LEGITIMATE,validation,3419
3576,63ac5b17710b0fec64c0d96e572ccd58178670405b502bb05b2f3e31e5d88d51,SPAM,train,3420
3577,34323faff1c039d329f4922d3a557617bcab80cb539551341c7844129e46f3c4,LEGITIMATE,train,3421
3578,d412ee4087c8b699c243f1394cb27a088e1f43dd127201d003a36438af4a515e,LEGITIMATE,train,3422
3579,e628657d2d53d3ccf6b198ad8a290a8912c6e0069743a8dec79d42301d3dd963,LEGITIMATE,train,3423
3580,0959fc77ce06bd8bf0ac4f932d77650b66b584a777b22599812c80716c0fe6b8,LEGITIMATE,validation,3424
3582,71b0ccf5984847118acac61d0a6ee970b53b74730cd97cf4644e332445fe99b2,LEGITIMATE,train,3425
3583,ef4e674cb52e74e506d9d13dd0a102b414d080ad5d49be3483b8bd8298fef292,LEGITIMATE,test,3426
3584,4c8d18617ad80107738cba3780f4b7912fdf65f36399dd09a45a97cbe1a4d44a,SPAM,train,3427
3585,04825c1c0e7f8c64b9e032de3d5a34e164d1e5e84e0b3fc6b35f0f42fdcc1c48,LEGITIMATE,train,3428
3586,1daea5dce18d8e6753eda3dffa600dbf057b3794cab9baa51228460aca395aaf,LEGITIMATE,train,3429
3587,6cf2c7b26e8d433e0a613451fe9c1583e8587df256be0b68197c99396b3e69a1,LEGITIMATE,validation,3430
3588,0b618e31278564e3825d755fa95b1ddc782f4516c365a4f489a8993c9cf83a4e,SPAM,train,3431
3589,5c5bde2275d71c7872cf8bb42ce3e672ee256eb29efb233aeea8d31eeddc7b45,LEGITIMATE,validation,3432
3590,e6177ded2cbee8c28df560476ea7dbec608ca5a4cf353fb8628357656b2adae8,LEGITIMATE,train,3433
3592,569260e60610a82cfcfc24a8ec500bde374935e542a89ce1ab211af90c5ba0a1,LEGITIMATE,train,3434
3593,7fa4cd4be1a6ab15f35dbbe2a7480c9bcb5dc4ff37544637fe1131928f8da013,SCAM,train,1907
3594,220c5152eb0f49501f8d22f15e5b5e8fc64f43929b1ce30973df7f1b0dfb9d43,LEGITIMATE,train,3435
3595,c91579f08b41d38e36a798f1ab17d9d594f761684148a68bc351587f823573e4,LEGITIMATE,test,3436
3596,168ce7e41e8e003ad5cb9655adc2fa2554109baf1e8de10a0be40829879bd1b2,SPAM,test,3437
3597,1aae3db2307439b62241ae8b654fc768dd1847188d1126540b76ecb5d88f08bc,LEGITIMATE,validation,3438
3598,49ce16f509e6bef7f9f9a95b35e2c3f8724eb4f86b451bc819426913f40380b8,LEGITIMATE,test,3439
3599,6e69ee59eb38846273d0cbd2ca9e39e3c01d85bc9cff3fe7d536c8120e7cf5ca,LEGITIMATE,test,3440
3600,e009dc35c197321b63ed53221a0aa0ad619fb006790eeafb824f888129bce596,LEGITIMATE,test,3441
3601,e153a8b468407f473c297e5c723556d9af8626aba836897e4cf53ba99dcdf7d0,LEGITIMATE,train,3442
3603,3a9799abd34f8893860786066c5a08ea1754810b8bcc191992767865922efde5,LEGITIMATE,validation,2683
3604,5161bf96607f7a19da8d82463c354286c13d09170d0e6bcadae2c33d739cdbf9,LEGITIMATE,train,3443
3605,f3ea0b629a7c8a5c944a57361e72cbe7283afbd23efdc8184612be2502dc5b7d,LEGITIMATE,train,3444
3606,fc012e009d7cc190862cd8d9a980b4e2a42bc5475fcff9a19ce53432c358397a,LEGITIMATE,train,3445
3607,4fb18c55202a596c72facfaf076d2b4105729088f551ab499967d7d2fa67a387,LEGITIMATE,test,3446
3608,e22ce97a140274c2571172dee601a1b2e388e7971c97dcbf4fa460fc8b47eee6,LEGITIMATE,train,3447
3609,10e3c8ba512cf6c494b3abe417d4a46a812c32935a91063bb7949bb50fbcac62,LEGITIMATE,train,3448
3610,24f5b642d13bf51db7b52febd0307bf676a06936eff61078da463f94bd6aa95d,LEGITIMATE,validation,3449
3611,ee027f4bfe4a999699d6ed3e68740bd7d30a2d22a35e383a5909f477461d73bc,LEGITIMATE,train,3450
3612,0840d808bc17c910b4f2e5bc7f6a49880a29387aea8373a662ec77431cd19809,LEGITIMATE,train,3451
3613,4ded77aa615cff900dff6ed00fc26f66f73e0b5b13ac4e643bd2214ab3c701de,LEGITIMATE,train,3452
3614,11dca8378cb1114a41b020b1b350cad4b349dfb66bef167ece1c2c67b2ceb53e,LEGITIMATE,train,3453
3615,5350b0a5586f63175db905589c17c09ff922eefc6dc59d1423e53832316d9814,LEGITIMATE,train,3454
3616,24b03aada5464397677e0eb48c8bcb1ba5cd12ee27b1277dae0bffc9463d00c5,SCAM,validation,3455
3617,833698b87937997ca2001607998d1e5cca407be22c2197f7251ab8a14a77aac9,LEGITIMATE,test,3456
3618,e42c579bb35d1d851a19a934ffdb04e1120c965c341dec14585fc87b8f01ad54,LEGITIMATE,train,3457
3619,6ba29dae10f7193332b2b0110b5725151404238be4bf918d615eae63c85c0505,LEGITIMATE,validation,3458
3620,e55bc1947d0488de74822c041d5b5d437633d8b89052f0b92a59a04c56b9972f,LEGITIMATE,test,3459
3621,ad15106143de209291285b52090ff3a7abcd8b67c37d30ef70408693976047c0,SPAM,train,3460
3623,dc4f7323ec0c89f8384f21917521a73acdd27befb10af577cb3956ca99e772fb,LEGITIMATE,train,3461
3624,b9d33c6eeb463df14ad8e86c964ccc189c3aa684f217e2f733f8c9d186b6fdcf,LEGITIMATE,train,3462
3625,1e23ba29343458dd298b620383e4378d93d91c3eac4a673ac398eebc85738f43,SPAM,validation,3463
3626,7258266b741d2c7610f4965564568c38815f6fc6f9eb3c934eefa8b10a9dd38d,LEGITIMATE,validation,3464
3627,8a84979708470b853c2e4d8fc1d4b5edba75768f711deaf0b34f181038debeea,LEGITIMATE,train,3465
3628,82a57622c863a6c4a43176146f421b0d6b62f2a86c48e945f0e1777363896396,SPAM,train,3466
3629,e81fa4391f1e9fdb5d38ea0c04618e1f3b2b9a4c7a6d3a80eb852f639ee64a80,LEGITIMATE,test,3467
3630,e39e2bc36871dcdac8cd3d83e1404d1c28b9cc38ad6bed37aabc236fc031bc37,LEGITIMATE,train,3468
3631,da0ccc048a3111de38d414a8e75fd400dee4b9e70e9e2d23a38a8862b1c706c7,LEGITIMATE,train,3469
3632,104e359416689ff0e873719cda12e77db7f5387b46a54c017aab4ce28c9b979c,SPAM,train,3470
3634,8f54d7bcee06539d30563967de1f16fe34286505afa5b73dc51b6350651f8a1e,LEGITIMATE,test,3471
3635,86650a3d08f7be9f4efb137284b84f255a17ce5c59c096ec1a0bbdaa8fafb8b7,LEGITIMATE,train,602
3636,a784a1a0a3de568605996fc9505bc3a7d9e24d322f54c59b200c342f55ecb24b,LEGITIMATE,test,3472
3637,b241969a814fa2b4b50f6e4a528997e9fe6e59961582e5cfa170e92accf90835,SPAM,validation,3473
3638,0e76e6851aca3092e74dc1858f4613cb2ebd58e906acd7ae5286a97506fe4e4c,LEGITIMATE,train,3474
3639,db2f02c539d0dae6a4a96d788bb7b7c80f4745be1dd007435a5bc394ecfd7f4e,LEGITIMATE,train,3475
3640,158004507c48bba1c4710c91dd0a9fafef7aaf53177446e673fd2dbc34f44b64,LEGITIMATE,train,3476
3641,43e9825d84cf954cc1ad07422b0436245f5a65ff0d63fce24117b6a91d94fd2f,LEGITIMATE,validation,3477
3642,0759ff036af47631b94a520bdd97acd2af70c80ff4638d9fdb684bf59368aabb,LEGITIMATE,test,3478
3643,8e32569b40cb159c3295ae98cf5eb288faad8b9b95a19939634a15ee9794660d,LEGITIMATE,test,3479
3645,7f9d6eb2362bc50a059783a329a2d27bc87f2fd9612c319180977b82e631f14b,LEGITIMATE,test,3480
3646,818616be0dd472ef2d4c10c8dd405ef842383a893e934375a0f797f854a1e974,LEGITIMATE,train,3481
3647,9941a7670d5d048ab5d0cb75dd524017cd53d7686135c604ed2283ebfc4eac13,LEGITIMATE,train,3482
3648,03a2fa0ca3428555d45687e4946835463a0876e2c8de5232fc1ef0c8f71d1c8a,LEGITIMATE,train,3483
3649,5b7a96244d2963ffcb07e5f6d99d1ffd09145c17219d78000117ab5d839caf56,LEGITIMATE,train,3484
3650,27a9b9e8a54fda0890218179cd33e8efa577a1da44b7647751e588f78f226abd,LEGITIMATE,train,3485
3651,e291815720446f3b78d7b3e2519bd955f7f2e08265145138a27d951a2f11f540,SCAM,train,3486
3652,d5ee6de08a07f75d0178f9f3bc7de914ebfa78dfe9fe7ee332383a39a6efb71c,LEGITIMATE,train,3487
3653,f15913dfbd8298c86d1d5b0c6a89874e19359d9155579b783ef47cbe6e79314f,LEGITIMATE,train,3488
3655,1cc9b0ec6a31ec804ad41c25a61a5f08000ac96ce28e7456aa77f3d01e6634b8,SCAM,test,3489
3656,7d2a4e87263a799ec192d2d29901f60a350254744ba6a36e42a8d75aa049b077,LEGITIMATE,train,3490
3657,d95d15e81f06e2ebe8a14e39a563745a747472594515fc425bf27de279f97147,LEGITIMATE,train,3491
3658,f838e7b90b1730dd380520ff5d4ea057751a82c42c895e4f2cb464e572787d38,SCAM,validation,3492
3659,1434d43c088e23e52be463354fedeee27085f2ba1cf52657ff3c8e9307df2aa6,LEGITIMATE,test,3493
3660,81db73bf07915f4f3f13f7579f2dae44565cbedbf92025fb4ef8e08bcf600f5a,LEGITIMATE,train,3494
3661,fcdfad7f9379f477647be492ff084d8d06d552b6de140ce9a83ec11ad87ee743,LEGITIMATE,train,3495
3662,7e4a50d38eed6bddc774a9e25be196b2dbf0f16fa321cccf7ae49b2ce806b60b,LEGITIMATE,train,3496
3663,64bc3a6953ef493508973fd252acb2400d0c8f7f5c10e6f8227a2b5f0ec762a5,LEGITIMATE,train,3497
3664,bf53c8fc64efb270f2fe53f9fe9988623d8ff9b7971276b425c91d4761577b99,LEGITIMATE,train,1813
3665,ee80bf1c364c0dfb62a2b409f399f813bff7276561d29393127f3694944cf886,SCAM,train,2521
3666,4d4c05df70e6f623f76bd9c2ca720d007a17edf82d9e389743fa587d9e6314c2,LEGITIMATE,test,3498
3667,1f334edcbdced25ef60c00e3d8663aa35583295131b13309889ef5869daf4480,LEGITIMATE,validation,3499
3668,252ce123649c47354c48bb41e211f80bbbbbb120a069707e112767005c7f2e9c,LEGITIMATE,train,3500
3669,5e9f85d1c79575545a0469374cac4e6e66064c0d8d83dc2db044cbb97b98cfbf,LEGITIMATE,train,3501
3670,bb52d38ab34be075ec2608d3783662b66581e03f98bf0314546f83bf4f04184d,LEGITIMATE,train,3502
3671,1a43add2b5d2dd0e5f2cd322defc3da65eeb217026f0009751a626474782cce2,LEGITIMATE,train,3503
3672,4d89a1fb81c7af7da5054223bd1ecb35e8596954b3328ad984b34fd75d9fcdbd,SPAM,validation,3504
3673,0b5690a300687f30bd66398e18c302a8314e99c5f9a3f9d5c3d5f33126f652d3,LEGITIMATE,train,3505
3674,43fb93cd3f06ca07af33824941c5897eca74e00c37c6771d60925ba43ffe4d6a,SPAM,train,3506
3675,333aaf10596e13243792786e503221ceba3caf23b5e37bf1d2e6fffbd592a87f,LEGITIMATE,validation,3507
3677,03a88d0524ee876b6ff11075aca363b692ec439c396c91cb4923d4204ae27c94,LEGITIMATE,train,3508
3678,39908633d87b2122a0f1a228f64ed26d113477a0d6a5af76d1ef08dd26f44fc2,LEGITIMATE,train,3509
3680,738bbf31afee070fb415ab3d2205a7beacd4c5a205405b6e1786b0f0cdf85130,LEGITIMATE,train,3510
3681,48c193dd7a7c28e01202cd5b05ca6cf338d2618763ae2298e19946527ec6997c,SPAM,validation,3511
3682,d771012a6b5f7c2c87a3968a90ae9f923fb30448b0d248f5789fc8816b15f680,LEGITIMATE,test,3512
3683,b5a2bb3848023aeb387ade62480cdea4074ad49c1631d4a1bfc21a4c739e9bb2,LEGITIMATE,test,3513
3684,c2708ebd0b16dd5cf53f583ca218c52941f4b6e2aaf75720bac1b61a57144b25,LEGITIMATE,train,3514
3685,b7be8cee84fe237682b487d4eb9c91889bde5ab692e1808dce2aa4e0aa7d4b3b,LEGITIMATE,validation,3515
3686,21e579a668cbf73f4d6086e431f94c190331cb6cb4678db85a06a631cfc5b183,SPAM,validation,3516
3687,70f80bbd0cede38e12a93322e62687f3457f74edab1e04aa34ae080ba4395893,LEGITIMATE,train,3517
3688,57ab9025323f392b5688aa3c7e17dda9bbaa3b5bcaa1f176beeccf83ef1ae97a,LEGITIMATE,test,3518
3690,79693a1c1f7e20c5933307431bcf0a4f025b24db4d1007b83502e96e292cbcab,LEGITIMATE,validation,3519
3691,e5441a686cb066ba10fe635f1c9983b1f8a670cd8a343bf7fbca4a4167adf8a5,LEGITIMATE,validation,3520
3692,06be30e9b4b6cce2506a7d8c6c5db39f1c862716d8867cfd23f9c4088bd2bb4b,LEGITIMATE,train,3521
3693,d5ac39a818f7b379c1756817d33ce518727b24e419ef6078388d610d73054286,SCAM,test,3522
3695,7e2f0da8b26d5de98981cc02ad24d27dcc969740ed88fafe874cf047da54a9e2,LEGITIMATE,train,3523
3696,d9c710e207d1735bf0f458815bf2a0dcad043375f1d224a4c5e1bd44c6bfd7fa,LEGITIMATE,test,3524
3697,0c1492e3fe4e770104f5b8cf82aaf12f293a4d23be6fdb84aefb28da07c901b5,LEGITIMATE,train,3525
3698,2f46c9ba3e77294e4d254eef2d4f3abe128784cf7ded8713e004eee7ec1dffb8,LEGITIMATE,test,3526
3699,5656bddddd9f9d22669cd8b0da09fac0fc2ed1f088dcfd98f1b5de46b5198837,LEGITIMATE,train,1779
3700,a317d151c458d8d5f2553bc409c21689799b7c82056be759c5861aec61d82b16,LEGITIMATE,train,3527
3701,c9a71c03f1ce44f433460f703bd8ff30d52258f8b742f9f7b09ef0cf146fa5fc,LEGITIMATE,train,3528
3702,983743b41e2f66407b14b1ee71b8377dafc5ef15d6bafd7479514c2f60c8f095,LEGITIMATE,train,3529
3703,c45d2990eec78294ed7d79ea0739d630d0e1a6610355aa0ff04724cda4f3c1ae,LEGITIMATE,validation,3530
3704,b34c87da3decbfa0817d3f795588bd7a0da4969f9b8387ec19baf1708ac3bcff,LEGITIMATE,train,3531
3706,66de4a96060f1ca20bbc1772f864da3236c3eab3e069b122b938ea85b6c27c13,LEGITIMATE,train,3532
3707,d6c9403104f42a7bc968245a57a37eeda19263c4bc0c78c83045689974f6cf7c,SPAM,test,3533
3708,e9635ae43fdbf311ffc73f2d4c1cddceaea4d6cf03e3e2c6d334bca249329b8f,SCAM,train,3534
3709,9dfdf72962e02364b4434e74a4a0721fa9716d50c6f79a438e357a08447f768c,LEGITIMATE,train,3535
3710,44663a17595848f4e06d8f6c1692d1df922c188d069a18ebc8b171402f94a3fe,LEGITIMATE,test,3536
3711,7d7dbf2d1a34b8b5e30614fc01ed2d8c1bdac9bfce209dfa5ac8b8f80acd41b4,LEGITIMATE,validation,3537
3712,b091f70c1ea7c386daec4042e0d7085b2a8806aea86a42841b8d2ba15a5456b5,LEGITIMATE,test,3538
3713,9d4a1de92a114e0df0fb965c80bfd5fa18e7c8a02b028afc41b01c45bb3c261c,LEGITIMATE,train,3539
3714,1c84c59e8c2ad0b75947710c153c18f81b5f2e3ed7b41cb90be706e55555acb0,LEGITIMATE,train,3540
3715,18ff745671b16d672ca5234c221723a2a3c486b3ae3569450d34bfe05063257b,LEGITIMATE,validation,3541
3716,25ffb51a03c2f3a7c013b2c196443a20efc2096685a03fd107884dbf5d855782,LEGITIMATE,train,3542
3717,e2c35ca1f68be05848ad3912981510ce9ad19b9e37acff796182e24dcdf24f94,SCAM,validation,3543
3718,3095e9b20a469c320047f4399225136dba8808638ea3f1b4f20a48ac6ff3d90e,LEGITIMATE,train,3544
3719,29b85f8cb1da4e48875590e9ee9676d0f822da47f27967663810d5f8420be2db,LEGITIMATE,validation,3545
3720,8d634a7a83c1bae7bb9170ff1afb6be523fb8984e7cc3ddc3839d0db7dd884b3,SPAM,validation,3546
3721,7a9c8bb34c01b92119a618ee48bbd9e163b402153f7e9f5485db0d6c3ef0de02,LEGITIMATE,validation,3547
3722,875fe9ff979fb51268cec87dfd7da044ac89d83ecd35a67d6b0edb4b1a552a0f,LEGITIMATE,validation,3548
3723,ed21f35a0249d477f1a1ed716fc02d712d9faf53a98ea90435bbba1a98f31872,LEGITIMATE,test,3549
3724,a586c1fa8f56e6484d789faed2319d48627c4418e12c3bac747e103b1e1e3b19,LEGITIMATE,train,3550
3725,ad76eec1fdf3f6a68e8a5990df7efc7106e42ffb3c74208d83b28f018febad07,LEGITIMATE,train,3551
3726,a760c38550ff513d4cbd5eb59a31d500c2ad8f32f53c1423ff23bb7a4c3cd127,SCAM,train,3552
3727,a7f0bff3455a510321d0a89c591d045dd6a575e187529106752c7388b35c8bde,LEGITIMATE,train,3553
3728,8aadaef9057483b68271d45e5ccc224f1b9d55de88669d2add00c53ca26b41e4,LEGITIMATE,train,3554
3729,a54a168e3fcefb2cdf4832a3170ec351422a17267183f64ed576419c2983341e,LEGITIMATE,validation,3555
3730,d1ce45e6987760d30617f9e8a700421809636c28abc1ba85f7352564fbf484e3,LEGITIMATE,train,3556
3731,a54aad514f21b6b19e92b8b528ae73a3283c2fd102f5a27f32a6ecf832bb3721,LEGITIMATE,train,3557
3732,de41431437ff2d64001fa1122ea49a38ab08233cc31fbeb790c675f885de99e1,LEGITIMATE,train,3558
3733,642c4abb213467d8d2f7643d2c38e1f4b82349c5adf7508733db68e69bb77448,LEGITIMATE,train,3559
3734,6490db090fb86ba499d85e50dbd9286d6b595f23016838645717d07d45166cf7,LEGITIMATE,train,3560
3735,f3f892ae138ea6e3d527a7172623eddcedc4f21cb3f90b79a4d5d1404c69a059,SCAM,train,3561
3736,ed4f0f0059dab15c2f08b809c1d9b125bb13a7872c04a36d50377e960afb5bf6,LEGITIMATE,train,3562
3737,0080642c490ec0e05c0f849b615df2e34d40df2df56f97ff5bea3e0413b78ad4,SCAM,validation,591
3738,fda59cb12af82fdbf97b36cb638c8e3c1452ef30e3c0aa00c19fddede0be806e,LEGITIMATE,train,3563
3739,ab8943123ea8307ae6348bc35fe3713a641c9ab4f7763608fed57f9b3547cd0a,LEGITIMATE,train,3564
3740,83b1dad1184779511f36203f2a823d0ce35ec3372430e57e8cb9aa06060406ee,LEGITIMATE,train,3565
3741,d9f0973a4a691cfb8d6ce978042f82ba193a14053a21a1ae7c5580d91713778e,LEGITIMATE,validation,3566
3742,52aada78c18fb520c671cfbedaeeed6e2a89c8522077e0ca813c0dd62b989f07,LEGITIMATE,train,3567
3743,81541f537a22b5514c299de9af74cec20c62600f85eba49ee053094c025b27e7,LEGITIMATE,train,3568
3744,684c7a43ac0ba2c3074c47117b88e3c5edb72cdbecd9580864d32a2ecfb202a8,LEGITIMATE,train,3569
3745,32a62e6e646ece79efdf5e943dcdffbbfa9a08e32804d3e65d81a644a7827587,LEGITIMATE,validation,3570
3746,1d3728e8aa34b1ac6f1e9cc34c774b794931b12a6df5b8e80c421645dea2c218,LEGITIMATE,test,1657
3747,0943da58289b2df20a15bb5675e3091b797cc38eba96d392116af5831756b75b,LEGITIMATE,train,3571
3748,81b766d6fa817cee7ac62697eeaba6b556bc1f605d52321c52319f3fbc530cf8,LEGITIMATE,train,3572
3749,f15faa0c5e2646cd98f6bcb8b51b18de49a6a44a6adb8d9d82c5927ee96d3629,LEGITIMATE,train,1813
3750,43734c8b3fb97ee04229c40ad59f8ad802eb27ee7b70d772c51a6e760b8c738d,SPAM,train,3573
3751,6281900306970fedaea0b937cd80f9ff8237a66f25645b635b83a2e9b21e2de3,LEGITIMATE,test,3574
3752,9f6f64d3a100dfeadb10547ecdd59d37c4ffe591aa0fe1a621c1fbfb03170331,LEGITIMATE,train,3575
3753,4e6a6d425fb3246c0b437792f7b0319f5e102548aec9c92de2f1b5c40fd8b192,LEGITIMATE,validation,3576
3754,5b3630351a524a347ef9288e2d1d2e0a527bad7b6c02a7ee91796fa7cede9903,SPAM,train,3577
3755,406f588a5581d8ac32bf86cb9630f7fc40f68d32e576db5500d0769f2cefe75a,LEGITIMATE,train,3578
3756,430682d4aa75a0476a01b26116749234584f57b2e87406b54584c11546288e8a,LEGITIMATE,train,3579
3757,ea3f1a70c2520362eb1100cdf121a93e8958914e308164c923fdb666466ed2c4,LEGITIMATE,train,3580
3758,fa54a1b427da395d795807830c2cfdd9181cbdae19cd879048fcf1f2dd597419,LEGITIMATE,train,3581
3759,a11f622f9d3cfcf3b822a31f294dfd4bc11feb9834d9b7de0f710f4e09cc9ee4,LEGITIMATE,test,3582
3760,1509ae3e9f5c4445f0b9fd4632ff31f859552e339ce84afd78587fecd6c00d31,SCAM,train,3037
3761,d23192632fe92a6c0405bf698f91d314bb0c50e7cc9a84f3b1f3dd54f5a558f7,LEGITIMATE,test,3583
3762,02ef09fe254395a08f6a1fdf9fca973ea9f92b1c7bedbc539e6e355a2ae0067b,SPAM,test,3584
3763,e63b31f5df0198972a63f45231af6b4b92178668566114f212c0a7078e1a3fdf,SCAM,train,3585
3764,7f63b79d89baeecc29b5608b5fb40bf290fbf12ffc50f955e78861b357df8f4e,LEGITIMATE,train,3586
3765,b8d079fc5f9c37a5acd3f570f6b4b6f6ad1a746cc7bb3d61baf56c26e3d76734,SPAM,validation,3587
3766,21f1aef22106d56472c48380db1396484a73b57d266d8d1b80040ea12f3612fe,LEGITIMATE,train,3588
3767,027d1d030e1bdd2911da3714f04cab116050ef996228681412245c7da2a8b585,LEGITIMATE,train,3589
3768,6958658cf7f3e002a074f691eff6d828467efc398fe07b220854b621e893607f,LEGITIMATE,train,3590
3769,14fbe60b0fdbbe09eb29fb7dde024c7b7856151331e7c8dcd613afe1e2fa4067,SCAM,train,3591
3770,914dbc55b41577468b9fc2eaa4e8297bd32f7cb374224b687fb88ce348665313,LEGITIMATE,train,3592
3771,ffe1245c302577a3424208ce4971479eaf278cc2860afb19713eeb65e29ab0f0,LEGITIMATE,train,3593
3772,f80a068194bcf91f809c2d3a5c3905110d79f80a2631e481c5dd3d1ef1cc8708,LEGITIMATE,train,3594
3773,66bf8631df4dbf1158e2b000a528be2fbee7de74b6aaa7bb8200139d7ad5f0f9,LEGITIMATE,train,3595
3774,a561d48e9bbd56437279e3cd63a6a529687cb66ad60727731f7bd0ce76e0a29b,LEGITIMATE,train,3596
3775,9858d715fe45ac81e06964ea099e32877419576f84a8733af4fc5c5541efba86,LEGITIMATE,train,3597
3776,fb95505e8941ab7b73f4d66496c744ed96354afed5bd2dd6aeb1e90e71bd8858,LEGITIMATE,train,3598
3778,8e4f7de69e14c63dee6e3fb6c4c5a86133371ba100d76f630923405ae06b974c,LEGITIMATE,train,3599
3779,e2540f4bc129d7a787ae1c194583735d3a84dcf7d06cd3c446bd5114100726d7,LEGITIMATE,validation,3600
3780,ab77567b9f11316822ae4daaa6eb1a2a495505de56f8dfbd827da66106e75505,LEGITIMATE,train,3601
3781,ba32d023f3df3345c1556e067ac9282216614a644568bae75764ee1afc7dfc0e,LEGITIMATE,test,3602
3782,a8977e4e68aa7f3d35ad8af075fb0c606c2a431dda415adaae854231c6f96691,LEGITIMATE,train,3603
3783,cdf54a15d297b8c124a6681ff37c6076e25a4c87ed1cd025bb3e6c107f2d2656,LEGITIMATE,train,3604
3784,273ff9211a698da2cce05adfdb45590fd1b802b48be302bcd7960affb1e419f5,LEGITIMATE,test,3605
3785,7dc0f934f3c43a64bcb7c8e1107b2c1405e5137b894614a19a236ea380690e36,SCAM,test,3606
3786,3af5ab4f1924ad95cd573a9584d4b800f06054f54fd12b52f4aeeb2a0de3e18b,SCAM,train,3607
3787,f63fd131a0955f8e20dfc74ad5ae5928f3f2df13a12c1a035268ba90cd760ab6,LEGITIMATE,validation,3608
3788,f66f304bec7e7d5ea0d17a78750c898e8141233ed6e0f37826f15f3671284775,SCAM,train,3609
3789,26c0bf8bcc1202c30cd0e917c83dc05aa6da77cf863a3d9baea96fd9c6c5aca4,LEGITIMATE,train,3610
3790,828a6471823a7d65987e1a33386b5f0ebdb7406ca9e3208166f87c33c44ca9da,LEGITIMATE,train,3611
3791,248a9fa4cbec4c5a0e190aab86e9ba20dc1e56b8b48bf4c0ff39fb420b1baf63,LEGITIMATE,train,3612
3792,211c102cc171a6ad2350434629aa93df6461d1aa656e7a6eaa8c135c1c58b70d,LEGITIMATE,validation,3613
3793,06d4be7cec01e4be457d2257f97bbc6e7f8df11b5c9cda1880a5d360b0d07a7e,LEGITIMATE,test,1132
3794,1ec1b34f4d6831e9bc86eb7656edb98ca23725de14da2d10a562b84ff729d6c3,LEGITIMATE,train,3614
3795,2a15e454fc30e0fede1b0a3b9212b610422103c1f77fd2670f4c25eed8562164,LEGITIMATE,train,3615
3796,60a41a5ebccebdc680411f72e588b7e84afe8ae2f7034a8f3735d206ded8bb36,SPAM,train,3616
3797,6b536494f8af62cf0870dc3a68cfcc83ce2cfcfe21812da25d5b0b4e440d68bc,SCAM,train,3617
3798,3fc1a4e29edff51d32c541629f342db0cb4fe5c8101d7272026ea46be04fbb95,SCAM,train,3618
3799,abcc1a440f7388bc3158de7c8f06e8ff09febb3fcd466ceda038a85e261b2e98,LEGITIMATE,train,3619
3800,0a09f6f7bee6964062e2bcc4639102f80cd50268ba4ec06cc3b0d9c1d176abc8,LEGITIMATE,validation,3620
3801,f7996d4edd40ba2bad4dfb285da4780adcae1afa378f9ae9551800440c97bd30,LEGITIMATE,train,3621
3802,a63f3ec431f2629766176f6d47c5e61e0163fc10c276f64497daa86db9085f19,LEGITIMATE,train,3622
3803,d3d1249f3b4e1c99ad914130ea44c398696b17d47cd3157fc0baf4b1d94ec00f,LEGITIMATE,validation,3623
3804,ae971671f71f3a8545284ed2fb466c188539b5622ed93152b73ba67f73886a80,LEGITIMATE,train,3624
3805,fcc1daeb92e5e2f5ce06dd3a4642054f0ba3d0f73423ca25f2d3e94708efdaa5,LEGITIMATE,validation,3625
3806,648e0c9f7561fe74218f408ecda2e7b751e108250df14efdd9d5329780b0ff78,LEGITIMATE,test,3626
3807,58e72bf601d39feb8309d599c20bbb7e539e6516bd04e6ad0074648e4b82571d,SCAM,train,3420
3808,b046dc3f3bd2505f98a457266c6dbcdc1bfac1c0598be7e91819d1aa3c3d1e89,LEGITIMATE,train,3627
3809,f0666ccedcc65b3762af7cf9692cfbfdf35a03496d2c52a89fe1b50fb159433e,LEGITIMATE,train,3628
3810,941a67dec678fbb285b8aff535667bb685678569b74d1537a93cb5770c76b275,LEGITIMATE,train,3629
3811,e04f9f48f72f640ba3754a4b5115b7c161497529ab9893d0b10aeca558c49d81,SCAM,test,3630
3812,efa09606fca61521c5bb613b15bee2c44ca5d263b1e3a7178d6bd75ed49fc7e8,LEGITIMATE,train,3631
3813,a763c2dc47fd8acd2460ba4ed5a7ab836edd07f7def0eacce2d736b011534901,LEGITIMATE,test,3632
3814,8b426504be6dfa711ebd32c55e9eeff5f0bc23f34a8ffa9bf0be60d333d627e8,LEGITIMATE,test,3633
3816,e1b0b1466e71ef8f77d44d8c75d50ced8a1631b0c16ffe7d066a04c13ee2ce78,LEGITIMATE,train,3634
3817,893ef8cf50c706cb5ac3831a67d787e3a7436b7cf80b9c590c8955ee40c6813a,LEGITIMATE,test,3635
3818,dfe9bcd49a14c2adb2647b82df4bfc9179544fbb03127f147b88400734c3175f,LEGITIMATE,train,3636
3819,e1f1a789da825823e5967d391f7880026183a19e9d382da71545a3a76b72d801,LEGITIMATE,validation,3187
3820,be6fa8ef6858a458028f6fdbfa330c2cecefd65cbf021d72a3874555506a208e,LEGITIMATE,train,3637
3821,4f9885d2c2982b11658e030d63934460a940ba163333b73199c79d347f880dd2,LEGITIMATE,test,3638
3822,ee0f42d442fff17c1f949c02c4f0fc2e9ac1eeb448e344fd35e78514d98e8c76,LEGITIMATE,test,3639
3823,c62d0b043f9d5fd7677125011d8098e6bcb8b4d8581ebc899021c357ae51b93c,LEGITIMATE,validation,3640
3824,3966125b2cb53645fa845ea194d36cb7f89745c5db39185d0fa968ea801663b9,LEGITIMATE,train,3641
3825,26f8367014d38edbc5a88062bd35173651586ddb6837042c323de7783c809922,LEGITIMATE,train,3642
3826,e07d197cee3569d23b03ab4cf6b310c5e20953ca08083e1c038ea6dc2ca5ad23,LEGITIMATE,train,2298
3827,39c230e495900373333f113d67dea378fbec254b3e18d82f03b12d3d9d7f2c9c,LEGITIMATE,train,3643
3828,3c32bc97f6f0d32c672516789befe63600553d646e4233b1f3acb24521480d57,LEGITIMATE,train,3644
3829,a257261cc901b1580476910cf1e4a8ae818cbddb27f734dd2458026fff4f9ff8,LEGITIMATE,validation,3645
3830,b0d3aae2ee9a555a1775d116e9a1e704777366ee687113e6f1f4f3c87cc959f1,LEGITIMATE,validation,3646
3831,caa291278b4cc5c05fc4e0f6f05bfef7c38ad39af78a875f5c10b6284db8c291,LEGITIMATE,train,3647
3832,f43f7742ebb0fdca00303d2316d91543941fe6fd43b592a3702d3a93202078a4,SCAM,validation,3648
3833,6c6b2a24b7f104caa4ba734c6914dc93a8d26d624c7fd3dc1b48bb99c4b5ec2c,LEGITIMATE,train,3649
3834,4ce9573df095e58b207ff5434326a447cbb7b00d997e6eeb13757f81359562a9,LEGITIMATE,train,3650
3835,cb373f911e98b408163752b0e38b22ff437b52be7069a4363fb10382937d2ce5,LEGITIMATE,test,3651
3836,46403f7abf7b651a811c5f7c766e0e6d39904f4f916608e52f6afa5871b165ba,LEGITIMATE,train,3652
3837,a07737f113ce1f1a71d88b5f796f0a38d4fe371d0a28ef6158372a807e564dc8,LEGITIMATE,train,3653
3838,fd5218df952fd709628fc849b1d277f7a373b9ca0cbfed0fb5c1ccbbea6d0ffd,SCAM,validation,3654
3839,19aa11695fb56c36fa6afca9f93e7e69a994584616512287c6b99810ae2b912a,LEGITIMATE,train,3655
3840,35e093afb37b3439de560190d1cdbbc77a73c5e8096b62302e67525136bce57f,LEGITIMATE,train,3656
3841,76c920d0f979d52e23088b2a560cf8cb27ef1e1019ff7ecdb0472a731baffd45,LEGITIMATE,test,3657
3842,e5d4d03a7bf870de8c3b2d07beb58fc287ccf671703e820970cf4cc24d8e727a,LEGITIMATE,train,3658
3843,1d66b6276e5c515f8d044e7217df86db952e26e8b922bbe535a727824746719c,LEGITIMATE,validation,3659
3844,221436f115f2f317b27b4a49127e268812b0e9d7f2f700da78260353a8fed409,LEGITIMATE,train,3660
3845,edfc862c063cd0e4925083370179e7cf4c2d8a8a8169f9c7ab2878d4a21e4032,LEGITIMATE,train,3661
3846,b6db388561e4c9704e1f5b7c969ed81c64ffcceeca6261956c1eabbf751a7f6c,LEGITIMATE,train,3662
3847,e3f7793231639e9122b82fe42a8e8f62d723b71acb963eda17e3d6ac40ab7d31,LEGITIMATE,validation,3663
3848,d3d83bae8c6c68a5a394a1278c536cbe5bf9ecc0420aa8aacfbe7f2a5c836479,LEGITIMATE,train,3664
3849,a0d14633babebac3d7dd8655321f37726b9abb8a43c0c71e2cefb13cdf5050fa,SPAM,train,3665
3850,2891136826677de07f10f8724eb07ffca98cde66972eade9a36377c0e1fdcedb,LEGITIMATE,test,3666
3851,077a0b814007f1920f03fad5a84d03db981fa3e3599c28f129509e59f965ff34,LEGITIMATE,validation,3667
3852,65b348ab8110732c1bc129072073c616b16b4189e2993ac11ce71f4d2bfde334,LEGITIMATE,train,3668
3853,209048a1f8f5e016e72062446be36f9894257e30b45ee59b9bf1558591fe86c2,LEGITIMATE,train,3669
3854,19a002df6e5352fc9e67fd622215072f39d7f6997a3a5f981776abd9c557f21f,LEGITIMATE,train,3670
3855,d1d2b78e55b95963f6534835a150be23046ffd7ade60b5fb2e655cef8be7b053,LEGITIMATE,train,3671
3856,796f32fe3fa3aa3715aee8967b83e8a55592839b9e1749fbf4460fe5b6d5968b,LEGITIMATE,test,3672
3857,fc33a7b9ccfee12baab39956e7c5e11c4c5381db97148b4c6eb109216c38fdaf,SCAM,train,3673
3858,a50f9e170cfe0b03c6ea551cdd802a65bacfaeb0836cc1e19119c298f4753e9e,LEGITIMATE,validation,3674
3859,23cdcbfc975d6ce933d6b6c78fabd0157b20e86471f902dd967165f9084e4426,LEGITIMATE,train,3675
3860,18a5fb4433eab0e9914c01a1efc276346152b1186ed35632b989abdeb9cd956b,LEGITIMATE,train,3676
3861,311c7fc4fab1113bc79f0e68faa0f0349655c65598ecb65ebc854bd8bfa593a5,LEGITIMATE,train,3677
3862,d9bfca28bbd84b343ed7c79901aaebde689bbf6ecc6e8dea55cb065251238c60,LEGITIMATE,train,3678
3863,97182f473afb1dd5e7f009b0ab56b9fc17ed0b5d3ec9e0f03be948e565ba141e,LEGITIMATE,train,3679
3864,dbf1b79f96b4ca799a2768eb76e12cf0a7d7e429f70aacf10d4a795d70e6576b,LEGITIMATE,train,3680
3865,1ebdd0a27bf207bfd200eeac4aba905da93e77599bb7349140febef73ef4cc04,LEGITIMATE,validation,3681
3866,646f6f3c7f643abb926b67090d66717d1b778fa31645677d99eef20474253099,LEGITIMATE,train,3682
3867,99d8ed74c1b769e28f7a14c31be49638923046e93ab7f02787688e2579375e70,LEGITIMATE,train,3683
3868,bc7511f2b6c7ee5da4f81484902327789fa144e4ba903e4216c2487b72e4e304,LEGITIMATE,test,3684
3869,406b1e94371517f1ad5db052f87b1a40ed77127ec1b7482094c31c3d15d313ed,LEGITIMATE,validation,3685
3870,3fc3c853a9229d389fe7cb40e57e9ca7258208205f64bbe08786946ac2b7ded3,SCAM,train,3686
3871,67a9c8cab6a035a8a96f6a761a568a51e5b3397c879695e674c4c46ef464d2e2,LEGITIMATE,train,3687
3872,66f19bffed6baada24cd21b2c1b81bf74b2ae23b2bc8beaeffe81fc90a0b8a62,LEGITIMATE,test,3688
3873,0f52f9d97159dab8c4956888ba85f63462fd766099fd30f0d853fa7a3375ad41,SCAM,train,3689
3874,fde5681fe4d9b024f6bca3f46024c0c4495c5c65a98ad69be6c64fa45cc580a5,LEGITIMATE,test,3690
3875,c4fc66407ecac21f8119a66c9c2d00fac1f240bc1f4f062c6152231d7c6a4c3d,LEGITIMATE,test,3691
3877,8b4eda0624e8e0b2e2fdae6724de1356faaed4b4b8db9153c9b1952f5b3b11f9,SCAM,train,3692
3878,a40fdefed1226974a3c3b296b8df2a02a9506836834b72d920a48e340fb0ba4c,LEGITIMATE,train,3693
3879,32a63ec86272cf27ebda90456d2f318d0500ed2676dfbd90db368e95edb69f59,LEGITIMATE,train,3694
3880,2981bf539f461207ec0d5d55e1a38cc2d6cfe8e66c2914ba11f6f5484dce8f65,LEGITIMATE,train,3695
3881,33e83ef94e1eea4d12e920aaa90152ebb1c62f10d0692ac76fc4115da8515fd6,LEGITIMATE,train,3696
3882,547a3edc94b6daa667672da140b06eec36cfd0d7a94546898826c6cc6305b864,SPAM,train,3697
3883,30f05b9941782567e162a4b632b34a5d772e275caeee81719272a7276c0041ab,LEGITIMATE,train,3698
3885,985bdfa9a1b970bdb7166a79900279bddf7a10dae90f26ba44703fade26b2d5f,LEGITIMATE,train,3699
3886,5fa80b0419721dd26d8118aa95251c450e8ea5492a7edca1b7607c2b642893dd,LEGITIMATE,train,3700
3887,69d8cd296f166a5daf72a27f60fb0293014ef093344ecf2104524290401ff646,SCAM,validation,3701
3888,0b96351a9f05dd695f06a3088675666608ec8c43cfb20f1c83e656821b1a2a27,LEGITIMATE,train,3702
3889,2da6863808acdbb8106370849cb0a72cd2946ddce64bc42e4749c6077bba7cf0,LEGITIMATE,train,3703
3890,360500cef3e132bc3ac3564d8f7bfff045050deb473258e82d4fd937db5e56cd,SPAM,train,618
3891,28767b04e157788e2de7a872b563d8a56c54c337e4d2fd59dceb04cf9dfcd223,SPAM,train,3704
3892,0dd623de045383f782b4a3090275a6d3489433e6dd51012d7e47877c1223ada5,LEGITIMATE,test,3705
3893,5ce620637c688d725d301732c9d23366ba8669ff73941f41f04183ada132b0ae,LEGITIMATE,test,3706
3894,d5f8adf286cf255ab747adeb2743cd6400d40414d7fe611aa7a6f0817a0b4898,LEGITIMATE,test,3707
3895,576a228bfebfc3bfb3251a7f54f12f5aea7df88b3a2c558b1d3bfff919235206,LEGITIMATE,validation,3708
3896,02e4a22ec3cf4aba654f51c586eac948b216ea2108bd34922912e37dc4498016,LEGITIMATE,test,3709
3897,e67521d9219e485cb4f050ab7523209961502a8f00b471dc926b2f1e5b97b5c5,LEGITIMATE,train,3710
3898,bc2f50b7ff10e447a58202326248107b663e9b71d36404c867d0ea47216d6f9f,LEGITIMATE,train,3711
3899,55e8848f86894174f448b9573bb03d9863bed24d5158bd24b6e11d823de29943,LEGITIMATE,train,3712
3900,a0a7a7525a0f3024bcafdb8d006549c0c05f834207ead0bdaeafe5803f665f5e,LEGITIMATE,test,3713
3901,76a7f2ddd5cf86b78b5a2329119bccbc8ecf1d5d764e7b3371b1d1922d121221,LEGITIMATE,train,3714
3902,6a9e23b8594721b333e6193aa3b393b41f3b0de510fcc9b0f9c4cf2609cff90f,LEGITIMATE,train,3715
3903,b5a4ec2f87cd1378c69ec48fc7f2331db4121d88b8b38a3d306b6705e4b0a619,LEGITIMATE,test,3716
3904,e438843b74c90f7d6e0f65bec042916e7115fa37fcadc142bfed7f4cb6768ae5,SCAM,test,786
3905,e36664a50c37741fc788967fa20d4dabffc15c9e3a4c76d294e2dfef9b1861c6,LEGITIMATE,train,3717
3906,35b7769604a2a42cd6cc6cdb249acb3becc0aac38f08699358e83e066ca4f1ee,LEGITIMATE,train,3718
3907,d9e175ef6f20e6c63785561d10d142afcdb9b0f717a0e93a04f9fdb9270cc0f4,LEGITIMATE,test,3719
3908,081e0df6732c6e7cbb087efa9b629ffda88dacba84124ca8b944e6fbabcb3ec2,LEGITIMATE,train,3720
3909,478e6eeae9c2b76065f12d681e78172112cfef5c412a0751dce378c8b879ad00,LEGITIMATE,train,3721
3912,cf53da43dc9e24dcbc77d9a10fbc75766062227639392deb077c4f33787e1674,SCAM,train,3722
3913,78a5baf7d424d5ff4cbe5ee8e7323c8541a09719017a15ba5558cc4ca7a2a019,LEGITIMATE,test,3723
3914,7cd62ea8a6c5496de4ec981fa22a067dce75423e5db939ccd5741c2da1448056,LEGITIMATE,train,3724
3915,e4e44eddd68c098fd7c87b5f4a9b32bdda9605afa9b87c79155f485c4730d17a,LEGITIMATE,train,3725
3916,a0d91873577bd443a44f9558be1d51734d017e4173c215739187cb673c5ff679,LEGITIMATE,train,3726
3917,acd1cbede8f23c7aa876ae450cd23a073c15c407ea489cbf6917a66bca11e014,LEGITIMATE,test,3727
3918,8b39d4a199293eb64d6c583a6897712d62d47f744351cf502d9f45efd5896dd0,LEGITIMATE,train,3728
3919,aa95f5c7af0719173f182c180ca879d3717cc017317964e438da5a3840430439,SCAM,train,3729
3920,e3a86052e5377ec60882bdf82d4000182a7a81cb33cf63e3eca0d1df9e7e3815,SPAM,validation,3730
3921,d4688bf6a0c2710ba8bdb3a92fade9e0c4acfbccccf5f58dff67656ea8236d9e,LEGITIMATE,test,3731
3922,dc03a38018b390f76835f477d9041185fb9c5ccecdfb6c564d02f2cacc528ee2,LEGITIMATE,validation,3732
3923,1dffadd3b7f25ec648036e9ee57fff0a36976e5b0a1b9335406e1126170197d6,LEGITIMATE,train,3733
3924,8f0406725abea9b906a684d1074a8f33385cdf56602e9cab461c97e348226f90,LEGITIMATE,test,3734
3925,db83313750c32166699a9b9631324f9a00052b84781b668bb3299f6c5ddbd3d9,LEGITIMATE,validation,3735
3926,ab830845f1c49a0acf859347e60dd817dfdc135191d180dcc77188963de59e12,LEGITIMATE,train,3736
3927,ab2c0f8b52cfe424ac1e402a3b18bab76ba2aa0932750dfd648d750a6aca1a10,LEGITIMATE,train,3737
3928,8b60aa2e59b8d55124b551ea4df65408f7f09742d9fea0abb06b6a2d88f2c0fc,LEGITIMATE,train,3738
3929,b9181b94aa75e57d6237c83815ff6478b121e73de9deb92bae3534d2d7c1c632,LEGITIMATE,train,3739
3930,7cc09b6b491424a340b6030ec188265ad0dbb68a5772722cc934e734b59782f1,SCAM,test,3740
3931,d370684b4cac4ec850123ff129b693e92b602c0f8cf825494bcd44817ce61ef5,LEGITIMATE,test,3741
3932,f76ede9469d57536ab024b21ea4a0e759d05786f82e572c163ff7c7cd7159ff0,SPAM,train,3742
3933,1d567a41be6de247cd47f9af60d6259e4de37c249cf349e5fd6380200bfb0951,SCAM,train,204
3934,453ca88d1db644b92ee312f7bfd3784d0772a64c9aca65e1a2808cfbe01723b9,SPAM,train,3743
3935,2dd5a0187bccdbad9f1ebf879b223e9f0b3fda20dd70b050c144b1fafcd94f37,LEGITIMATE,test,3744
3936,5062813cc5fe7ff54131076559686f894e91261b78c3f28b346394653c77168a,LEGITIMATE,validation,3745
3937,9d13ea4c773632e305741654b886021c9d78024a60fde6336485b44ab4541dca,LEGITIMATE,test,3746
3938,33ca90807d75ac7a57188df8bff6b6e2d572eaa0eb3b0af6452afe88a348569f,LEGITIMATE,train,3747
3939,a34242df8bd82cec4ee7b673cfb196236be397987da7605cc940fbb318828503,LEGITIMATE,test,3748
3940,58d9da41a8351703bd0e5464ea20e84c551a168e863d495076edd52387b9f16d,SCAM,validation,3455
3941,8a619dbb714ce686d27fe42ce71a5ab20edccbfa144c678348ae1eb08c631924,LEGITIMATE,train,3749
3942,733486314fe32ff377426bae9e29e95168914e7c0c52a4b70b059389eacdb725,LEGITIMATE,test,3750
3943,59a405dea538b618dcb0bc2ad1f478e6c6c72ed4bf21112b08ac5bc1034c9efd,LEGITIMATE,train,3751
3944,0c1103f9be789859f19103dc5fa41fc4ad8c40fda30cf46d84139135c200832e,LEGITIMATE,train,3752
3945,ef2bdceb58e683357e7219fb6fc69c89b5279c00ee7a0b0a20727c76e85b54c3,SPAM,train,3753
3946,e19e7da4873de37cd4dd11515dd32eae1467f90e5591d6720bb0866dd07ffd25,LEGITIMATE,test,3754
3947,be5572bb9f96dd4d4995e176bf168e2caa441c0010e74377956d3759574a0e38,LEGITIMATE,train,3755
3948,2173b5e7088d6311cd97b024985564ff6a4bda0d30cc12b176486cb3d7728894,LEGITIMATE,test,3756
3949,b8960a438a9978bef40ac37fc0727e9ff5c9617ed955f3ddea4b94be1ae11a0f,LEGITIMATE,train,3757
3950,2afd81e0a5831e370b4c53002886b8562f71031976dec7e1e4f7e56a062676c8,LEGITIMATE,validation,3758
3951,0c8f3fd00dd684a9cbef83c6623954eb2c63ec3a789ef776b1064d46aaa51aea,LEGITIMATE,test,3759
3952,1a499cefa4efcda817b5f8654e7a748ed7bf376e6f9a84dbb4091605177127bc,LEGITIMATE,train,3760
3953,c4d156f52e83b663a45766794e44377835f518ac110bd86d7db67a6db7f745f8,LEGITIMATE,validation,3761
3955,ecc9cd307ca625b8cc94100a5705a6624bcece5382e9784906f740e27f448efa,SCAM,train,3762
3956,82e313f3f0b8aad90995b6935d3d1f69c33d0287e37dbd4188ba610a35088b62,LEGITIMATE,validation,3763
3957,d3689aeebbb70813a3bcbe10d845d1b7221e625b9e5320f662e12f532ddf30b2,LEGITIMATE,train,3764
3958,ad6d2d4b354e8d7b2b46ad3ef0ff47cf069f5419caba60a3cc50afb0ecbcfa57,LEGITIMATE,test,3765
3959,b89de3fe27f064946cbb1639f9b0b3813378cf3f3372f638b087c35498c70d61,LEGITIMATE,validation,3766
3960,3518c189a0c08617950a6cbb1c59defd11126ff5917bf8b9966df940d80f9f00,LEGITIMATE,train,3767
3961,f64dd7a2839516221d850e3c703ef1c72958f375059294974aa31463194ba5fe,LEGITIMATE,validation,3768
3962,1976b2c1ac557e7692bc378ec2085c118f9a409c0bc8160b5e69f7a3dfca0403,SPAM,train,3769
3963,01bd68b5612862df2af54c94387f14738e370a7cc500317d5b39714068b02e0b,SPAM,train,3770
3964,448e9b05a88cc0c9deda810654d6f3c19a76852fe5d6930f95b8828ce75eaa51,LEGITIMATE,test,3771
3965,3065584a9214232478ba0125746116323d00566cc1eb2f3209e2ca20a11152d7,LEGITIMATE,train,3772
3966,06b92947e6d15386b30b343e6ee7688985edf5252903b052dcd48c63ec33fa0c,LEGITIMATE,validation,3773
3967,45e96a0efb64c78e10ddfff6d7aa843a65a530defc4ec3577cda10c97bb72f7b,LEGITIMATE,validation,3774
3968,1e94b4066f79c9fcbe6c7c998586518651881ac2a4c03a7b65365b4f4f95a336,LEGITIMATE,train,3775
3969,3b2f72dada74235dc7e687d5c1eafe176740a797f68ec08a41fe2d1a8a360c89,SCAM,train,3776
3970,2cf56fcdc7dc6cabdaeff63bb2f7649781c3c262789f59315b78f727fb0baac5,LEGITIMATE,train,3777
3971,6b94a55852da475a461219371b360f1b46250740d730d87abe477b431e005e67,SCAM,train,3778
3972,05645935858a1ed61f8ed0eb9fb97d040b092444dc03603f5aaa8f3ac57b9d08,LEGITIMATE,train,3779
3973,ed59456bb83675f1fbb2e906a41ddc3646cdf35d7301f8bb1c3e862c37f1ac3d,SCAM,train,3780
3974,3f1be37e7b13c19c02d2a0b903b89dd451c518ce82c0bd3e941ac4f923d47004,SPAM,train,3383
3975,196512ebeaf63f712ac30b4c78a114b20fa6d723861686d0b2f765dda0120ffd,LEGITIMATE,train,3781
3976,7a0cee66284175771124eebdb5c9c2dace3cccd3911c39246022b0d897a4cfd8,LEGITIMATE,train,3782
3977,1e579c570bd7cb69078e0aa8d6501f4fddb2ac8a481f012c0e0b16e846c22a8f,LEGITIMATE,train,3783
3979,40b18f99d259d2d391b3c24cc429abf77f91f03ab7637dd684096308680873d8,LEGITIMATE,test,3784
3980,14d79a7918e35dc13930f2a2e152c735eeabb3636d03dade2e2384a9a7a8fdde,LEGITIMATE,train,3785
3981,ab29c990f95c3454da55125dbc46f5a93385b52c101af1a9f74fd43a9c816202,LEGITIMATE,train,3786
3982,411930b20a50e86d5cdda8ad84be6d9388c5457d39cea9825c252251302981ba,SCAM,validation,564
3983,92c3c7ecab69aaa35b8ce3658cb6ac31fd1149b5d6f9a7f935966c1a34c52839,SPAM,validation,3787
3984,dfbea03d3a58478bb4f87c3afad8e1140101da51408358ba6f5633f93f0397b0,LEGITIMATE,test,504
3985,51b171e58dd2443b69b2b7f3f746543171ba2bf7772e50200e065061f0e621f3,LEGITIMATE,train,3788
3986,5151a954eaf5069508b3acfc42c4407c6ad9d935867f42eabcdaa9a95bbd2069,LEGITIMATE,validation,3789
3987,94d1ba327c83fa7bf5123ccd47ad4aa372fa26634c1b3e723347fd05ddbe7b16,LEGITIMATE,validation,3790
3988,dc29e097bbf715470b8eb08efef514048ce8026f89e7b197836e82b75a23a6ee,LEGITIMATE,validation,3791
3989,e76daffa27784e95badc82efe6ab481e9423fc988936a9d49cdc59a4e9c207a3,LEGITIMATE,validation,3792
3990,11394bf8d9463f3866cf7e187c4e24ac4d3afc88fc9c36dfe07d473a8a9129ec,LEGITIMATE,test,3793
3991,2d73d4f5b10bcd0d33ed5f757702697bc0a9ef440e7deb1f7c1da12724c3cbab,LEGITIMATE,validation,3794
3992,580b064400cb1880c9f66a05625d4a3cc4b27b22746494130585c26be54dc74b,LEGITIMATE,validation,3795
3993,495254292a166ed98e6c6a3b79e910c023b37cf0255fea29be072fb9eb4d6a7b,LEGITIMATE,validation,3796
3994,373561d8e016c43a46250f9eff3af263ae128cef7bd339a8b159630e73ff50dd,LEGITIMATE,train,3797
3995,00f3982b50781ae1f1e07790f544834065457ea8c8b678ed99c4973e3d747022,LEGITIMATE,train,3798
3996,5328e01b80bece173b39b4f77787e0c1358121e06a1157c0f9ed63e0fa2297f9,SPAM,test,3799
3997,615c927de82a98b041effe35fd36f240ec9f1d9568474d82207da36df4154691,LEGITIMATE,train,3800
3998,10ffe06d569df30af8d6869ec056e869ab9c1928d28e2a38ad517aadcd7cddc4,LEGITIMATE,validation,3801
3999,57a9790b78729c41c02f1df0de2ee0f0304fd2a2ed3dba0076aa46e1f4949374,LEGITIMATE,validation,3802
4000,939226721d42e8b153d37976e7b8f5a7d4bd02abe88b75d0198b2c1fb6ca3b6d,LEGITIMATE,test,3803
4001,e6fce6ea86e8a2611cacde8e9797a8556f45191d2e1316f7450d9465f9f5b93d,LEGITIMATE,train,3804
4002,e9caa700cdb8854279edfab8b775b54a5b962360f6c76f5a760d771e7e50e68f,LEGITIMATE,test,3805
4003,0169ba02501b33bc3c7ce0b47cae989787412dae012984eabfe9212406c23cac,LEGITIMATE,train,3806
4004,e13500e3c14743957a52d42ff6beccceec6038407829c5dc3ba50c07de25f135,LEGITIMATE,train,3807
4005,818e86b5a7f144695a27a78c8bf81098532cc10c0b8ef8616b7726cc50162a27,SCAM,train,3808
4006,5b03c27d99ae5023d5ff1346564bcd3886a138fee3e528252c0003d7374ab0d9,SCAM,train,928
4007,cfd55f466cdb9c1ee25e07ec9c06e886d8a4646a57280efc3e24c4356b6f4073,LEGITIMATE,validation,3809
4008,6232dba3757b3511969bc7f510e73c849dc1cc52835ac38e3ad0dc01eb9f9d74,LEGITIMATE,train,3810
4009,82f7013028bb0d79ff3bd784d9787f42cc62bd17b99c5ec6cf22397f8bc97a7a,LEGITIMATE,train,3811
4010,0337a9cd7384db85a96c48e4979247773abbe88a95ef8c1c9923e612a33b3784,SPAM,test,85
4012,ad06ee4ddf6bb1fb59c082335e17033a97916b50f15749fab331d5d0e600a473,LEGITIMATE,test,3812
4013,5d2b883df3135bc7dee789cf777a7c1b9f0ab4f973186f79c7329bebd92f5ec2,SPAM,train,3813
4014,38f869fff09d1859ea60fbfed8833a5c9c4c02486148407444a46877faae6140,LEGITIMATE,validation,3814
4015,e3f3493c5dad5d16820fa49adbd86afac7cd47ca4a0c482d00e6762cc32c6df1,LEGITIMATE,train,3815
4016,2d1ff757a2fcf1d46e4e4072afdade5f6d25cd4fdea575970024f64e56d3e54f,LEGITIMATE,train,3816
4017,8ff3dc546ae0dcac621e74c9a613bb110d8d4e57cc57dc4f2f31f8684043422e,LEGITIMATE,validation,3817
4018,4d0aab25400094a966ce089cc1a5f1cfdc3fbb813ebf4ed7ee1ae054b08ae0fb,LEGITIMATE,test,3818
4019,7c830e5934a88e0c7696f776602448b939807ffad3be67b378c6152c3566350f,LEGITIMATE,test,3819
4020,ab22fbb89204f2f5b0e70d8e671d93a4e0c36031d8771c645e3f78ce76611e00,LEGITIMATE,test,3820
4021,e54048278a03efa4935a6ec3ecb49f937fc158883f4524f2f5318c4112ed118e,LEGITIMATE,train,3821
4022,056e8704095b13dbaafb8f0e7f5786769268c6322161975925e2f07e11d23bfc,SPAM,train,3822
4023,989737d955dda657362d874525f2277b47e7f8b6e3eb4935116bddea9380a760,LEGITIMATE,train,3823
4024,0b161f8ef2aae7af7a82cd69ce80e96a7724d8b7fd38b5e0551c90809fbea95b,LEGITIMATE,train,3824
4025,a25e37f93f6f3e78d2dd8f32b43def4cfd8ad7ad7ed03d6678e5f80be2fa6e5b,LEGITIMATE,test,3825
4026,dcfad064551b3eb086b1adb9292a7669eee6ee1a6bbd5bb556a11cc9a4e1a9e7,LEGITIMATE,train,3826
4027,781321f31e5a0a0d4b430372a4c33b3cb08904ad98cdfb113ca12971010e9cd9,LEGITIMATE,test,3827
4028,4a07692be250665e1f43b6df1cdc7790e11d3cf90192368c5a7f0425db06b8ee,LEGITIMATE,validation,3828
4029,727bd67343fb1f62dfd2ff6158863ddb66d02c613893f88f79b6f98d5f71912f,LEGITIMATE,test,3829
4030,0de837fb8fc17756c84204244f2a0933d24fc65e7d924b98bba45d79f981efc5,LEGITIMATE,validation,3830
4031,5781305d54715a7f5d496865bbe139fca11668a4ded6fc4adb66abd42d2564bd,SCAM,train,3037
4032,b80e012c2f36a3d8aea0168a482e02ce38f8e79ef200127c50e64649f2900b0a,SCAM,train,3831
4033,137ce2c7ee18758b53ec7101b1f2af8f119e5c60323457df81d3b8097658a179,SPAM,train,3832
4034,2b45bf471e77fad3f47d84f23309ac2b15e2973a9971fc0bd3cc0b0a33762578,SPAM,validation,3833
4035,75364e65c9a687f0d660dee3cafd3e7c1d1e0272ccfe4f51cd0439cf2834474a,LEGITIMATE,train,3834
4036,bc1209a584c6a3c2c8aa1c655c257bb9638f4de5c3e9834ef5324e8208dad390,LEGITIMATE,train,3835
4037,78b6f569b2bf3be6e7641942bfb28d0d874506a8e2f9529e4e6601c89aea87e7,LEGITIMATE,test,3836
4038,4e9a157dd182f9efa14c56f3f22952c584f596e7b8353e20c431d332fe04c380,LEGITIMATE,train,3837
4039,7c2e7823934552e00080c880e2c7ba2633488eed4027aabcf2c44ee27ed985c8,LEGITIMATE,train,3838
4040,9d0f5a24c97eee502f41bebfde0b290bbdedf049d5c114f0f4babbf8093e204c,LEGITIMATE,train,3839
4041,480eb4e99a3c4c66f9bdf2a60e33c06964eb39628e7dc35a0fa1de390c4442dd,LEGITIMATE,train,3840
4042,fb056c59556a062268eb7fa8cba8577cd0c1a3a27c561a78bc628251eeeedaa7,LEGITIMATE,train,3841
4043,e4cbae132451e0036de631255e2063f62c2640663c20069e1d2add4049db72ae,SPAM,train,3842
4044,70d60eac3ab97897965212559690a5acd0bdd19316345a3fe315b6fb7ed7697c,LEGITIMATE,train,3843
4045,8516b4114f73f9bad6d61bdfbf984b591dbe1561b41cb9c269ead74bdaee093e,SCAM,train,3844
4046,3a51d589b49cba1ed3a0a755f5bceb72b60e8723e13e04cce71cbe24b773cc07,LEGITIMATE,validation,3845
4047,a9dc6d4efc9e4509334aa6c212037a9efb4f2525ad4b97251bd466550b4b8985,LEGITIMATE,train,3846
4048,89098039654af88417753ea39b317e826f0014fa140fe7b51053b55299856c36,SPAM,train,1105
4049,05745ed019f3f25c9f1cb76f3ddba01932dd8df698058e7ea196fb528ec1215f,LEGITIMATE,train,3847
4050,d3f9918251993c480807daeb1cf881a9e6f87dcf89fe12bd4c5ed9f3b7004f89,LEGITIMATE,train,3848
4051,6a3cbb033fe99b28622c2a0161ed56624c5ac3313bd20efd077bd1a4b7146a67,LEGITIMATE,validation,3849
4052,653bc24c2c684e29488e7e3e3feb6f21b820f7a38aa7012a6e71e590534ff8b8,LEGITIMATE,validation,3850
4053,abc0d217283e76902090a428bd75596612909dc144cf73f0fa20199607abb45f,LEGITIMATE,validation,3851
4054,ef144f674b9f410ccac30b0e002a546fea5398f0655791e20092e59a76951a11,LEGITIMATE,validation,3852
4055,18f0e1830ee48236e7359b230d7e2355cb9312adfc2dc4b569e0e214e3f68516,LEGITIMATE,train,3853
4056,f1034e6dfb4e8dc740858ea1615610691515083afe3bba6e2bd1ddfbe8e93b50,LEGITIMATE,validation,3854
4057,842eaa390ca590cf0ade4f0230d97342a6639db34e7c4d9c214cdcb8d9d0c09c,LEGITIMATE,train,3855
4058,43f246d7eb4d071c2269780edf992ccbaaa319cd6ab8fade88b817127a1fd479,LEGITIMATE,train,3856
4059,4dab585ffc3046a8664b697151ffd30c290a2900fb506a4d3d4e735e1443689b,SCAM,validation,3857
4060,e274f8740ca8ee8d287f33c6a9f970e24a13adea1cf88604febc6218483061a8,LEGITIMATE,train,3858
4061,1dd9780914116aec2c6d8dac6df7feb30dd216759b032fcda5fe2ecc818e9e7e,LEGITIMATE,validation,3859
4062,360853ea9df72e0ef5226920f5bb45c24f1b1fcea64b3d6f9fa5f1dbd7b61349,LEGITIMATE,train,3860
4063,87730ae490d7aff65cba891bb9f3e9ec1b20b450052e39e390a801c700dabeb3,LEGITIMATE,validation,3861
4064,78446a71d0539df73cc4646fce471f13f2c761752cbe3a81b386e02e14199766,LEGITIMATE,train,3862
4065,d67ceb973ff6f786bc73ed6de5dc6dc35c524cc769da9c80d7ce6d8e3b4c4f0c,SCAM,train,3863
4066,31b1c2efe9d6856f49600820abad32fab52ecd08f61c697ec73fcb540c498251,LEGITIMATE,train,3864
4067,8269b11e79d4a384c4843faf4b899e95a416e1e95b45dc7742938602efb161e8,SPAM,train,3865
4068,2109a36da06b9ecc4f5ae87ce1227339d991432ba856f8190d2098ff5d1cad4c,LEGITIMATE,test,3866
4069,67ed86e1a16176ccb932ff7bbc1ba6c6f26bbc0b39bd603de16e141f7f0125d0,LEGITIMATE,test,3867
4071,3f4e9320309849f3a9c4de11564934b2825c6edc9d83f81f7fb2e4335aa16392,LEGITIMATE,train,3868
4072,082abae7dd952004fbe062a832e6e075249f82b58952a072127e451d8f67a30c,SPAM,test,3869
4073,5dcb28d0dbdd8cb26b6a7eaa999d6a85e3793d371f72801a98f79ed5a26ead88,LEGITIMATE,train,3870
4074,81d09a2f76fc2ee40602a7d7d07e16d201cb84deb9fe8c206dc168a08bad0f11,LEGITIMATE,train,3871
4075,f0324d6389ae0d67f56166181d1d4cec695a31fe89b6bb1b9d7f32546c532a64,LEGITIMATE,train,3872
4076,58354b5dd5948df4d5b1696d4adf07d546b0f16cb62f9b6a407e864abbaf39a7,LEGITIMATE,validation,3873
4077,1bcafcfdb024575c72a1a120ff1cfaf00d11aa8a53435907de36b4be26e70a54,SCAM,train,3874
4078,b91ed84a5ccda2020f8de6e01915e8b2559b1f1d9f71b62c319f91cd4110d797,SCAM,validation,3875
4080,3f1fd26335c3144f6ff80f471c0c628ddb111d661258aa3e63305cd938f2939e,LEGITIMATE,train,3876
4081,ee16f1a6e085f69f6478bb10f295301409bd635185d7673ee63785e0b75a9480,LEGITIMATE,train,3877
4082,3c630214cb1d46f123ff056617dceedef455a84274fe29d40de92c436204bb1c,SPAM,train,3878
4083,fb1656e4ceda0b0127524bbf91e3e4dcde74a390a544e6f5826274f66bb98020,LEGITIMATE,test,3879
4084,27f70b72b2bf09faa9f27449df1e864cc6bed7679fd9e684bddda6e702b188fa,SCAM,test,3880
4085,280d360f1aee1d78e89a3f88b705176560235413f7481965ee33f9eb8ff48165,SCAM,validation,3881
4086,62d21bb83b39324cc2fd46163f05176aae9e02d5cb1b8dee6fe15296aff7571b,LEGITIMATE,validation,3882
4087,f6f0fd2a637491616652f73dcaf66d4dc5b85fd82fae2a1a90ff0eea7ef7974f,SPAM,train,3883
4088,aeaff6663f84d691d306e769eccdce7fbcdddc58d68e806cd27b8e7ee924e309,LEGITIMATE,train,3884
4089,1c1e28e61c292c95e471112fba3214a064a6bea64e5d514bf3f2cb9a1d9f4451,SCAM,validation,3885
4090,fc0bb1cc4711d1db60c0a78c6a50416b847e09a4a28ce48c33cf0fb57b42d4ba,LEGITIMATE,train,3886
4091,aa264a05649a908f1dbe7b54113e7835886b7755bdf7c3329d341e0aca9f37c1,LEGITIMATE,train,3887
4092,ac746fdb180f1ebfef5a30847d2d97b346522d4ed45124c46f0360def679490b,LEGITIMATE,validation,3888
4093,565d46a90900e316cf2270256c4df50fc1e065c55a8986c554cbd39a66cf0da6,LEGITIMATE,train,3889
4094,34f3482d59cfe1ec05019c09fbf77b1672a08cd9f0a9d8eab4635112fe40ed7c,LEGITIMATE,train,3890
4095,3e8ea5cff4f7cbf05c8126fa81dad2daa062e2223ed012a391315d93afb3e0b1,LEGITIMATE,validation,3891
4096,cab00df19cc33e7c1cb0c19c08fc593c2558f65401d5c4d03db31bd971c93377,LEGITIMATE,test,3892
4097,53feb053ec19fe3a778030422896ba1e7c551eadbba9697b8ae0470c18e32ad0,LEGITIMATE,validation,3893
4098,cc3be8cd52f72d8c8e8d0a7798ca12ec671222cad8cba2b211ecebcaf3275df7,LEGITIMATE,test,3894
4099,3322f1364d50009e430237748901186538c97df87898c1d02318e64c3640b032,LEGITIMATE,validation,3895
4100,24607fe69ff4df94c98dcc7612247375ce40f5129add0e4314ec6ffbcde35ec8,LEGITIMATE,test,3896
4101,08d970bea58476b349fd22c53b8da68460c621650ee518789d1ad1b60a81a010,LEGITIMATE,train,3897
4102,ca82ef625fa7732e70755c642a6257fa5c6a683987219654b6329d3dd0b93042,SPAM,train,3898
4103,deb485e609e4ac71efe0553bb3bd0d25717cfa6248c1c5a7dd16fcbe99c7f0cb,LEGITIMATE,test,3899
4104,6ddeb32f623dea3f5318c280bfde92d6c48cdd9acc27ecbfa95db7b0e7f66d88,SCAM,train,3900
4105,30831580ecb9328f9ac3c34e4a96eea6518e1d5bf3b4a6b4cb95f0ac5f23646a,LEGITIMATE,train,3901
4106,354b38bca661acc215dd92beebbfcfca6ecfd871cc7f6abbb2349d80a282fdca,LEGITIMATE,train,3902
4107,329f70bf19f417df224f5fe83a875bb5eb7678e4c05d7183c6b33b03d50aac86,SPAM,train,3903
4108,9267ad78b468d9fc3171ad9b4ce6175a54e8bf30385820c40d900b93de8b27a0,LEGITIMATE,train,3904
4109,0c50172b3d48af79bc0b9df4f9670b2fe06b3c4fc7660ed2f907e731b39777ef,SPAM,train,1013
4110,8364f4e9333e9675a4cea2698c0fffc1633b5aca01bfb41be8aa2d1256663abc,LEGITIMATE,test,3905
4111,8fc4539f027b10aaa9b017858bdbac9bc4df0b6802b83f59ce912efbcc981252,LEGITIMATE,validation,3906
4112,76ea763b3a2a935893c02271caf922950177bb43eb6598b35a0de10021ba86f4,LEGITIMATE,train,2916
4113,6bafa3f7fd387443ba4aaeaff47d412935f28bb69e3b7b6ceda384e9d501e0f2,LEGITIMATE,train,3907
4114,6cb7240afbfe894422eadb025292553d52ab6d53b2736d52b17ae5b168817af2,LEGITIMATE,test,3908
4115,63d9edd92492ce1a98dad22798140645dbc1f6e4ab444523afae7d736476b51d,LEGITIMATE,train,3909
4116,2156ac3b82f85ba69e0833e23f138773016be66d83662df00ac7900d45fb8600,LEGITIMATE,test,3910
4117,ce96279bcceb0c615cf044d41c837cd565b235fde3d6c0e6490ae743b73cf9fd,LEGITIMATE,train,3911
4118,f8c5480247380e647edc30d1c26fe801dc7bef803014104cff8b7336b2894420,LEGITIMATE,validation,3912
4119,733418c8206ce0d4b22d3f14077a98e48ba530d136bd07800d0658a6ed223837,LEGITIMATE,train,3913
4120,782e4d9f6b7d6a1f3a285c196d2cb0778e6177f863e8d0facc5908d90cdeab56,LEGITIMATE,train,3914
4121,480de9533c298b0a0a9411dc82880776e8541edbb802c84965605390f0b7d816,LEGITIMATE,train,3915
4122,8a12bdab18875652d248803a86a624a7f700d1593485d103de63989f3d53d2ee,LEGITIMATE,train,3916
4123,79b6a88b286c04c108abe2c3cfcc4fdcf27d487ad7046a9c4d47349907cc5dbd,LEGITIMATE,validation,3917
4124,646a1c796ebd53cf8f363d68bf4bc712c630891b7eb9aec3b57353cdb66266bb,LEGITIMATE,train,3918
4125,fed3b3e2dde1fcf20138b17afc11c42b0f927d33b5d813ed3421e2ec76e8f6f7,LEGITIMATE,train,3919
4126,0a2ab8ef347407b9a7c88730dfd28574ed8ddc92165f00ae98d5b158e663ab02,LEGITIMATE,test,3920
4127,0fb33bf236fa7404907eb715fa1f35cd32407e3c4dab6eb13d6aad143ce3b81a,LEGITIMATE,test,3921
4128,438ea66b3892db9ab58cd00a7d4497a39fb687ae41e3f4d312e448b6a20945cd,LEGITIMATE,train,3922
4130,fb844c0608c8d7c63b7deea5ff0de583f37cb1f428ba0ccedd12e4e147512e82,LEGITIMATE,train,3923
4131,de0964cc192c1476144d6213a80ac13e34f0233266da6ebb2a7483d195c5e43f,LEGITIMATE,train,3924
4132,16ea47bce32d54924cf6a2e634eae8e79c106dcb403bf45cacef1ab96ecbaf4d,LEGITIMATE,test,3925
4133,a8ae5aefedeef5e60d6fb083fca56ce7cd5c837c02e93147242bcafd23553a87,LEGITIMATE,train,3926
4134,73b656420d92f2c90aa8f83041191ae1ab0976cf7a5645e65c38f96333639233,LEGITIMATE,train,3927
4135,ca8f3a7bfb726829a9918963cdee8f3284cd2c3ff23caae3950079da7870b543,SPAM,train,3084
4136,2f536831a63cacd7d58d570bade44a9ed5bf3ef5f1db041ba3e6857f61705708,LEGITIMATE,train,3928
4137,51096fa741bc14d7a9a639eda6768deaf5e08bf8e5c48786d083edb7a5f790a4,LEGITIMATE,train,3929
4138,0774f1e1be06b6b05a991a2563037f3df0f96acfd932119dcaf03b16a202dc14,LEGITIMATE,train,3930
4140,95f80b9e029809c11bed53ff836bd7f5373d9215385a6601c2b887e7b20a64d6,LEGITIMATE,test,3931
4141,053a0298d4c91f1c9614cd0a41003249957e526c6237f90996d4bf2c7df1d746,SCAM,train,3932
4142,eb0b4b60cc9fc36e6bb6582252bb06c03a3590e828d4d7272427303dc9475a67,LEGITIMATE,train,3933
4143,97e9ffaa7eb8f7e352746312e2215d19b4fa30b2775fe6cf7ea40de5bb7c1972,SPAM,validation,3934
4145,5ac1ff171aeb78b5ab9408233209e20c64fff35fb8f95f2ca5856d026c5c93c3,LEGITIMATE,train,3935
4146,ace0d718dc3a785c1c8892173fd619a060b213ab8f9877db8d0ba0634665053d,LEGITIMATE,validation,3936
4147,cab2f4b510100350eb60bd8ba29328bd49d314fea1fb2dec63a4c774e70970f3,LEGITIMATE,train,3937
4148,00ee0e75407ba69e591a421023b26053111524a1b6dd7387a62e97389627794b,LEGITIMATE,train,3938
4149,26f49c0e0188b367e3242341f59c520a429af501f216597512463c9c9ca9b2ce,LEGITIMATE,train,3939
4150,954a5efaad0de9ddfa00c4040384dafd23d26bfe2e97751301b1f9b877fb13bb,LEGITIMATE,train,3940
4151,909766fc646fffa7ff1eee5c570d1f7bee407bba134ebcc2ea9e463e06fa6677,LEGITIMATE,train,3941
4152,3d8b531fb3ac32fa25e4bedf62ac19bd3120b4d9cc3dce8ff20b1a53bfaa105c,LEGITIMATE,test,3942
4153,ce5164289897b832e59b410b44a24a9dbd508697379b17e9bb4e10190bfe4ccb,LEGITIMATE,train,3943
4154,23b5372d13fa5de0d1f8a0d7a69460dc199d47b263fc80dd08b7f2cdedadfab2,LEGITIMATE,test,3944
4155,40764e132764148332bbb2db2cb0cd0192bd15b1090c251e4a40e87d16ceff24,LEGITIMATE,train,3945
4156,437a49e5e6954d0119d46967d3b7c66e0eab92d4fd79d7f7079039598e2e9dce,SPAM,train,3946
4157,adfe1124adc82bd17889434105654a3efcd81cb4440abd5fe37727da463f5043,LEGITIMATE,train,3947
4158,925d2b6e65268a7c28b31a7a2bc73cc9deef2563d36c16f2061baccf7ce75fe1,LEGITIMATE,train,3948
4159,5a9a4ceb5bd670987d3b16c51528c438d6193fec1b6072e5786cc13a278b69b2,LEGITIMATE,train,3949
4160,7ef7a72924f8e86b9cfa6db2c2e64e313de92d4e0dffe7dee164c26e43d8f525,LEGITIMATE,test,3950
4161,53ec9672d66c3f9127ffe8b82cd8ad0591dddb1f7fe2baeaf8831dd4dfcc52f6,LEGITIMATE,validation,3951
4162,2b99a323ea98b52ef046929c5e0f1d0949be0509770ae68c010d0a09aabf680b,LEGITIMATE,validation,3952
4163,05dc2565cb87d1c45073c121706c2a7203e89d3504942dee30c2bde08f380c5f,SPAM,validation,3953
4164,63cfa636d718e55c8920b7762e7d471041c35a1026e7c6157e086399ef92163b,LEGITIMATE,train,3954
4165,684a7fcedfa8e17daab1b904065eb71aee761bf12bf61a6aaf1d58d70fe7fe5e,LEGITIMATE,test,3955
4166,8a44127d5fd04c0900b8e9095ec36d5b54993aabd474a87be33ee7b3545efe96,LEGITIMATE,train,3956
4167,3b08ca8b234dc32a75b5b7d673ef2884d6f4e77463a075cd9921d8acc3e936c2,SCAM,train,3957
4168,b23a9cb78da03c7bdeadc15624b5ef74b629fe5a74856b40f584c8a21981c0f2,LEGITIMATE,train,3958
4169,5ae8ed62badacc0b40b0d562963671d4001792a70d9dbd76ee1a57861de81e64,LEGITIMATE,train,3959
4170,00bcc0765a12e48368f437cd5d974f5d0429ac197a2c631254a7e372762f0aa0,LEGITIMATE,validation,3960
4171,7e31999f3bc1dc51e165862c34591c852fa53ddfc1efa5b1bfc707bc6a189982,LEGITIMATE,train,1030
4172,46c10b41b76533a025f5fcae15421235780c9de6ae6742ae4ad3f239ea4dedd7,LEGITIMATE,train,3961
4173,f9993f9373a312ff2ed815a887352dc4f20ca6d6bb36a1c7c8840bb99ff4dbc6,LEGITIMATE,train,3962
4174,a0ede1c17fcdef8dbfcaf304b43fb0e4eb6473a8a45badb91450ba57845d46ac,LEGITIMATE,validation,3963
4175,db1d10affa9a9b6a1b615e7a270c433937d303d79f272c003233c99b656fe56c,LEGITIMATE,train,3964
4176,2577d50605f9b6f4fe223f42cd57e651dba7638c923315ccde24e17e82cebd4c,LEGITIMATE,train,3965
4177,ecebad1ba282f83133d4c35e78816ac8f620c5dd97e2b53430c858d0c4101d43,LEGITIMATE,train,3966
4178,14007920f0164ab758d9b5dded09b76030f92323a83895db690899413c6729e8,LEGITIMATE,train,3967
4179,d1132361ead0f9368b8e9e1247b34f9f09a5ca31b925156a2e91c7764980dfd4,SCAM,validation,564
4180,3138db9a2a489b4c9009c371af1c6af4e196088bf4d8d353f49eb842ee31cf7e,LEGITIMATE,train,3968
4181,eead030b38d66f17f201c4b2f75e578e1cba66464c7817a8dadc1f8c3df190e5,LEGITIMATE,train,3969
4182,e407e8494b9b6a162e98087e1ad33e80ca2f1ca21660d13c07b5cd64b0874bf4,LEGITIMATE,validation,3970
4183,c70e0e42abd7a2bd064b357fdf78f89cd28eb91afa0891d7cfe437ce33c88bd7,LEGITIMATE,train,3971
4185,17d0dc6970378a664216ac6090099462a9cc3e44e8b124e2efbd94890b25d19d,LEGITIMATE,train,3972
4186,8f189f00b78624918537a4fd672a234d0466d4ff9e8f6d0fd1f92b8cd25e8c77,LEGITIMATE,train,3973
4187,e15ec65968e0dd19398b4562a58c95cf9eb2fe547551eb6a904a719a8baec5dd,LEGITIMATE,train,3974
4188,8eeda22fcffb7c2c024b03d7213c46d57253c956afccb2113e6ea04019773b47,LEGITIMATE,test,3975
4189,a337cfd3795156293d9f44fb19103c77397c8c599bb0f5edf6c06afc1ce4be89,LEGITIMATE,train,3976
4190,9080e9d8ef870efefafe59314f68bbf3fac2063e37a6d7c1d947a1e981fa5930,LEGITIMATE,train,3977
4191,09e6a297c81ba3120e9d6af99c1587d386dd104c1c3e39324e893ccadd45371c,LEGITIMATE,train,3978
4192,e972b510e085450353053c291ee7bb02921b67bf5bf118b85e9f90e96a46507a,SPAM,train,3979
4193,ef1a50e7d2d233d362e6d5ab7890946ba3f734691b8d62385a380889b301f52a,LEGITIMATE,train,3980
4194,1609023642957311b5f324e9aa1f5d506ff4a26f4cf7e89a0e5e30a9c9783512,LEGITIMATE,train,3981
4195,1b94c77782ed3719d83c80c84c5fa95a8d88fd552e83c2fa6587abbe5a7c3e1f,LEGITIMATE,train,3982
4196,7a88adbffbeba569c8ae1c8c1a87479ecaa2e5d623b7b83c141e7401a3e50165,LEGITIMATE,train,3983
4197,b812cd4a7eb7c698ba4c4ae91fc1f60ad89d692971709e172e02a996186ecc1e,LEGITIMATE,test,3984
4198,3ea5f2b2d4935f566a352f37708eecd401b5553e4454981b2dc5b304ef23550a,LEGITIMATE,train,3985
4199,6a457192b1492785000a533d647091967d0d24b465a717e159a7c4ae08993549,LEGITIMATE,train,3986
4200,76465ef3c9867d42acf5e9e23fe23030899b0d289b4ab8fdc9a2454a4534d987,LEGITIMATE,train,3987
4201,d62415d3c6a9b5159c41932e48f20a22d3c1c44098742eeb72e520cd5ae745e2,LEGITIMATE,train,3988
4202,d7eeb38f54e88fde8e2b280f23d62d09f4b8157e1c70fd3cab33ba8d4e9a3052,LEGITIMATE,train,3989
4203,1188de74a5566af3979f1f454bac5d7d19b0c10eb950108112353454a7171cc4,LEGITIMATE,train,3990
4204,4c00cb980a448cafb24b42ee0cc665d343c7b17861f194476a540b583d883852,LEGITIMATE,validation,3991
4205,5f39f2b27c722b5cec5fed726b9b25aebf61cc14ed7d9fa0fa62757db8fb5ba8,SCAM,train,3992
4206,275d9c1a29730fa22738c40520639eac8402211c6cde78eead4b8e3fbc05d594,LEGITIMATE,train,3993
4207,0bb0584bb5e2c0c65fa38a314a921709319cd5f2b9e22e778fc2fdf308a5dde1,LEGITIMATE,train,3994
4208,9a0fb9cc8224998780e8a025ee6bee42a3bbc89e21c9efa4bd2104a6eedc5d94,LEGITIMATE,train,3995
4209,e28fa2cd0ba6771e3b12ec6cf0f1081bd89273bc927c5d4c4aa63ec2e280e9c3,LEGITIMATE,validation,3996
4210,7fbc8206bca5459bfa6a7af10a405b30cdbdd85e17477282fa5d3cf47674c5c9,LEGITIMATE,validation,3997
4211,b8ce39fd7911073aea61b0c93d988689b4801f3fec8fd7f2a59fb4a2b04200cf,LEGITIMATE,test,3998
4212,57307bf6a05a83ac8cb3235eb40d4fdab9a745f042dba6cf2f81c12c509f98a5,LEGITIMATE,train,3999
4213,7fbb3bd918d4d830e8dfb5a671bf66590f790bd30606913f8b5ee89fb53d5e43,LEGITIMATE,test,4000
4214,4dfe9be9bdc61fa511abae57e502a808210ea139aaee2b761dd703700c9535ff,LEGITIMATE,train,4001
4215,9eb9d0d844487e5aab987e7acddd33489830792fd3a5ee8aef86826c1d3a2501,LEGITIMATE,validation,4002
4216,8667b9585c2cb140070a943d7517b7a712e71b8266656a3f54669234b71979a9,LEGITIMATE,train,4003
4217,3a2a691781beacedfaa36c0c99d6bef5b2bbc0d0ea9e40f00457dfc9c7c734f0,LEGITIMATE,train,4004
4219,39c8d7734fb425e1f05818756982ec7af4263d51ed5a49afe338f82557de4f95,LEGITIMATE,train,4005
4220,834c51e9894cb71635bb3995314908ce524900aaefb2507a92b96ad1d3f793f0,LEGITIMATE,train,4006
4221,c3b2a085febc60a5cd36c9e488bceef8df329ad205c1ea5dcb131c8823c12394,LEGITIMATE,train,4007
4222,35aba9b15fc9c0d6240d37ae88780d2a4e61d22adbeb0436c2a83317b396ae86,LEGITIMATE,train,4008
4223,46055a7260fac71a09527f3447711cc2db8d1e424c3178c86631f9b490522021,LEGITIMATE,train,4009
4224,1c13d0970b7101ecbf19be08881a018337378a74d8b8766635d8b510b19f74e4,LEGITIMATE,test,4010
4225,144559055509dbc6903702a0b6af1c163de531d0db1e4aae79cc457d6848d6a9,SCAM,train,895
4226,f4c49539815c5f3dccf4c58524eec5f3b9ae808b2ad4df8a9729fa87579d361b,LEGITIMATE,train,4011
4227,b7db367bba00396c78359cc22e7c73040f965ae0f7f5927f52fee769ca523ad0,LEGITIMATE,validation,4012
4228,9f1a8baf1f587e58f5c75180a52c85c930766154ac04d64eab888aff2af4c7c5,LEGITIMATE,test,4013
4229,8a5aa67dc41d4e2b10736de39c7f64c4cf42259f2a5222586fe319e22f9ce617,LEGITIMATE,validation,4014
4230,b6b9c958a4e41beff5193788ceadabfc303d10cc492615230105844cf8416186,LEGITIMATE,train,4015
4231,136ffa0019b09d5e4c58153a5ea08afff354953bef35c876ffce7edaf4356a41,LEGITIMATE,train,4016
4232,048bc87c763460754884994c54cc498829e265c56ba7edadd4b81b8795a7a48e,LEGITIMATE,train,4017
4233,3e2cfb6aed334e6f4d81525ac27ba50f1803292302d25229f7e9b53e51ddc809,LEGITIMATE,test,4018
4234,4d2bde767711d271a53d73de75c59fde59c03d52481bb12ca7ba80e0e5d018e1,LEGITIMATE,test,4019
4235,d591c5ba7a68feaa716ba7e573f6a9bbdbb78202fb4183baee06f366538d54d7,LEGITIMATE,train,4020
4236,3f18eda87a6426112466da23a441f52633d7c12bcc715934ca29f5c3e39ae23e,LEGITIMATE,train,4021
4237,db5b0cbee0fd1ebd64aed0dc71a3e2cabcf9c379d5dde172d1fa332fc0ea1520,LEGITIMATE,train,4022
4238,bedce8f790a7c5c75c0438b7fd94e083755800b6a39244531f3f0f3a8ebd8bf3,SPAM,test,4023
4240,89cc525996b3d4a0c9b06378909131c1b8df6341455b4099dee33b47b60a79e6,LEGITIMATE,train,4024
4241,6f9a9af3e5f61c626fca8bdaa5c0060cc2dc66dd00a587eb8a73e4469617568b,LEGITIMATE,train,4025
4242,354def81538737e8baa607c6858ae5c6794b7caf3a4568cc0ece41b7f034bfa3,LEGITIMATE,train,4026
4243,c4089e04904471226c2a3d71ddab2e98e154ece025faa34c84b9c83234497d28,LEGITIMATE,train,4027
4244,2e5983ffd7cf3963b2678933a1bb379fe28dce91be7a3e3fdae2a18ae96766e4,LEGITIMATE,validation,4028
4246,796d7acd567c204968c4a62253a242da9c829eca7b1671e057e8fdc822e461d7,SPAM,train,4029
4247,e83c0337fd7e5bfb3ade84ea8fe2c40c0abe2edc78918246112cda984701bb61,LEGITIMATE,train,4030
4249,44e279db888df6970de7befd90c52aa4d852c569cadb09da2158037a28c6f895,LEGITIMATE,validation,4031
4250,6b9c5049d0960d2b9ac1f1f06324cc686e936bc0d6b37e9d2ef1cc613ea3e4a8,LEGITIMATE,validation,4032
4252,faf2d4f4230b90e26dbb258262b64c3b45704309b2cc2fac1dca20a5d34558e6,LEGITIMATE,validation,4033
4253,e397bcd8acdc312db6c1ebc3377ee87e0c397932ca1e21a1da1392babd2ce59e,LEGITIMATE,train,4034
4254,9f70925faa6af062f5438fa8fb6448fa1662913673a8d3b395722ad54ba23788,LEGITIMATE,train,4035
4255,6d0325d78f9d93e1c638eb26231854163a6c44a380596acb5bbc1a52dbe1bf62,SPAM,test,4036
4256,aca14355c733e9cfc2c38d8c3cba78524d72fed4f703b4e7a1fdf8ec5fb4d14b,LEGITIMATE,validation,4037
4257,23a3a805b34c6aac842dae3763995c1715dcba6b0940acead269f10010e12b1d,SCAM,test,4038
4258,09a72e42e9b7633b09bfb6c9c386fd5a12edd192edc37a5ed3daaa7fe915e6c2,LEGITIMATE,train,4039
4259,b8304114816b60db94f1309fe137fb5b9600f609b48e353bb8fb86541ea4529a,LEGITIMATE,test,4040
4260,58ad5bacebe9cf20dd24499384e0c1d027a9d0959fb25ca4de98e9e840c3e0a7,LEGITIMATE,test,3892
4261,587ab21903e1d29c3c68bfecb2350d536d422a7808732a66f7f206990f589c43,LEGITIMATE,test,4041
4262,112f66fdd6064f744db2b08878deb1815af6c00bbc8fc15b6dd02b1c88973337,LEGITIMATE,validation,4042
4263,35ed1cfd144218be6d18f156df1ddd5ab570016e3610bd57ac5629d09d899558,LEGITIMATE,validation,4043
4264,0a804a2a4218683c10209beefcede9d7235243bd9996089bce399532686b9734,LEGITIMATE,train,4044
4265,f57f689671c9a6457a292c46f60e1d58fb4e5d7e0befa7684cca7ab66856a970,LEGITIMATE,validation,4045
4266,9a9c658a6963cfd848e7103bfd9dad18c33bb0f2adaa8092d92378cb0ba22cf0,LEGITIMATE,validation,4046
4267,78225356d07595b7eb1c1d181326da16518096050bf30a3eefdb63b62e0f3205,LEGITIMATE,train,4047
4268,b3541ec29212c6ffc927786e9bcd34a3d1cb54cf1e9f262fec10f8f8434b87fa,LEGITIMATE,train,4048
4269,b9bd0e9b73e19d69c6d8db088641c453e79f21b8d22666d027d193eadbff04c5,LEGITIMATE,validation,4049
4270,819ce8848c070da351cf81c573e20081a51791f490de672102e2f27727891e10,LEGITIMATE,validation,4050
4271,d9f0895f31284da9491ecf62cd80e7864188556eb6700aedab4acaf00865436a,LEGITIMATE,test,4051
4272,f5aa2ce700c0c18e99ffe7e31d746ef72d33731bf780b226004fc5a4f9ba95cd,LEGITIMATE,train,4052
4273,cbf422aa3c25ffed3265824571142f81a19b2f5541b6e781e5ed53204e702fd1,LEGITIMATE,test,4053
4274,ba08ac5928759a75268f987b3d2b6cd26108467cfa5e2be78ccba71a8718a5db,LEGITIMATE,test,4054
4275,1c80d93b4d76ec6c7805fc4042ee8fe491cdbda1cb5f08e6b865e1d14ff49dba,LEGITIMATE,test,4055
4276,3ea63f674d842f4739485a40bbd8394541d3d60d670b3adf1ad97add2820fb5d,LEGITIMATE,test,4056
4277,1d7b85bca8591f1f82c1aa93867b6b64e6af52cebc2205e9ff3c495930bd3b83,LEGITIMATE,validation,4057
4278,147af2c3e4bf88cd27281b78783d307a5a3fa8e3e86fc919f29082b4734de85a,LEGITIMATE,train,4058
4279,5557c73007aa8048ce4cb4886752081c85543a080efb61d06a13ab074cd82b59,LEGITIMATE,train,4059
4280,46dffd92894666d5db95410b72eb5ee18745ff63d63193b20441b85ffdfd068d,LEGITIMATE,test,4060
4281,fe09e2632b7d8c702b7593edca8b0b623458869f408a5d68cc51fc9d39178f04,LEGITIMATE,test,4061
4282,d5f6d0b401d25f263c4e8754d7577c4225ca598718dba2c7dd7b966995b772ce,SPAM,validation,4062
4283,322dfc2ec03cd05adf8a290ff170a46ff99807d88eaf4f3c7d642d0c1101a5c2,LEGITIMATE,test,4063
4284,7616c453967b8295455d93fb4161cafd8162435a6222a50c08f9ce86a31b4840,LEGITIMATE,test,4064
4285,e4e4ad7b6bfeb905c1f43df429d456e2150fa7394d26c1399f9154ddac692d19,LEGITIMATE,validation,4065
4286,cc91b5011dae89bd711f6da9183c3cb218e2ba64f03c716654ec93aa57578dd8,LEGITIMATE,test,4066
4287,d3fb4b614077fc282d3a42c20592b0ccab85beb36649b82493b4696b799699c4,LEGITIMATE,train,4067
4288,d01b30a250dc34b24cdfb9fa3448ecf588479c15a737e4f37e99dae7de31f541,LEGITIMATE,train,4068
4289,d9e222ab4dbbb872a94e433471267a9d18e5bdd86a430edb6a444a8a57b021db,LEGITIMATE,test,4069
4290,c596f7b97f8e284591a1f76e300195b58e56f15ee579c9d0fb85056eb17547d1,LEGITIMATE,train,4070
4291,b688f11ae4f2546d2072bd9d8994f88d75595fa065de7e9852b36245cd83f95a,LEGITIMATE,train,4071
4292,8efd2029aa85ded51a085316a1439247cfc3480a2fc1cc0c49055ac7b58c0e24,LEGITIMATE,validation,4072
4293,c951fbb785f65ed41a64b52d4b03e9a326fb5a52935b1cd661ccc1c3c8d85561,LEGITIMATE,test,4073
4294,cb9fc6f20d88ca8d9ec69a13edcef576184284de06a441abc2c27396e56ea208,LEGITIMATE,validation,4074
4295,b4ab22a473ce1f195180193480fe9f8b39dd8a8694a69ca92a8c73960996d676,LEGITIMATE,train,4075
4296,82bc8cd41dbcd53df05c9d3b8273f00814b78452e34d40a0f02efb51b1328885,LEGITIMATE,train,4076
4297,c4d007d5e8ada3c921641dc87fb342e747ddedda13796dad1db247bb04634979,LEGITIMATE,test,4077
4298,fb5d23f761a9cffe20f830d8002cf064929cd344e6f14e5ff35f59b2584997e6,LEGITIMATE,test,4078
4299,6f4e8decfbd6f3827d9feb58c560d1b55c76979867f72590c91f6b7d705b4a96,LEGITIMATE,train,4079
4300,c9b515f95a255a4d5d76182f649e7b151ba7909e2397749bcb64a6788ee2d40d,LEGITIMATE,validation,4080
4301,1d8b7203df2d61801c9639f9e898bd6355cd8f83d1bee132fa469d2ef63ede7f,SCAM,train,381
4302,33f22d004249f3b81c8ce0b3ce73f25d5ac98c5133e1a32f80d5fa08198eeb5b,LEGITIMATE,train,4081
4303,92b0af91ba4521e83ca7b640019ac3cc74324162c9e751dab6b0043e4efc5ab9,LEGITIMATE,test,4082
4304,14a8de3861420afa24a9fcd77b3907e9e94e87faab2f5e11a198d0102a2b9b28,LEGITIMATE,train,4083
4305,d7767a8c1ef4fc71cab85b59fca5bc62c46b274e73fbb6ab3081126e0d2ae723,LEGITIMATE,test,4084
4306,bedee174102c96dd9a7ea22a274e3d88aae5f99066b71eab7da34b3ac3720145,LEGITIMATE,test,4085
4307,9bed2c23a9198370666d04984fb813f7378a84c4083408f5203c08dbf7d60989,SCAM,test,4086
4308,c169c57c18d8dbc257e8383f5430c0d1347b86a4b6b1ae593f4d1bd9d24aa5dc,LEGITIMATE,train,4087
4310,05ee843984399ccf447d63a88cb072cbea22fb9bfe7a580b178bcc97bc3c7817,LEGITIMATE,validation,4088
4311,f6cdcd3c9320b0a700994073d75094448bdf13e1d207adbca4adf38b2f06d56a,LEGITIMATE,test,4089
4312,719a40a4b3c2e797df1de3692cd4d00d56ef00daa58705c6ade4202cf7d93f47,SCAM,train,4090
4313,59fc0d5044bf50cbef03d521fc7b25e4fea73cf0b0266fa60ea954214c89109b,LEGITIMATE,train,4091
4314,c5e7d4353162d885b6ea274471aa9b1f9c57f2e118af3a6e7d46b68b45076b7f,LEGITIMATE,train,4092
4315,854e75586a868201831fbb716472d4ad8d2417940d552882d072ab17efec1b7e,LEGITIMATE,validation,4093
4316,06faeed82058b34c06693544ad1d1857db6fce64a0f07e1384141f385b35d2e1,LEGITIMATE,train,4094
4318,357b8bbb30f8ab1004458ff0081efb2ce57e83475d77026c225c65e9e09563b4,LEGITIMATE,test,4095
4319,09beb8816f7cb6f1f3e5d50a95b9d6b9480f681c2529ea4929a8eda92732afdf,SPAM,train,4096
4320,19b1a87f6543d59bdab97854943132fd918767b2abf15a27063f668691598a27,LEGITIMATE,test,4097
4321,fb76ed35d590d4bf596b87eaf2ac5776c435c415e9b41fd00d29b86bf049939f,LEGITIMATE,train,4098
4322,22b8e3476dc1f5bcce2a53e0b0c6c0236b10e2c46fb413f3d92ea38b88dda185,LEGITIMATE,train,4099
4324,3bbfb05900d2b2243e7baea9e3a241e53201852cf33dd9b5acbbe3db69e7728c,LEGITIMATE,train,4100
4325,06eab358af628b2a902c62745f7fdedbf1e7ec0c2bcb7017b6ad17590468be83,LEGITIMATE,validation,4101
4326,a4cb07f86cfb54b72a2d8e840416b129bfa21e4ca353f5fcab787d9df39bcf42,LEGITIMATE,train,4102
4327,aa572ec47e7ac4a02bc011af878d2b00d4f008c751c7a14b854c4cfc1b05b16c,LEGITIMATE,validation,4103
4329,86a5a18f37eaedfe2ff668855276af5fe468f752b94497ca1b5f18efbffbd151,LEGITIMATE,test,4104
4330,cc9a57551d6b5bdd3733d252bdc92c5ae1e4e5e3774044157cc2057968791be9,SCAM,test,4105
4331,25432f6e5f27b582179bb8cc891ab62659fdc2921ddf590e7fec472bc087c7e9,LEGITIMATE,test,4106
4332,c46d8118e56a1f45183be2d8491d950d0dad6ba1c76bdb77b7d293881aa9c067,LEGITIMATE,train,4107
4333,577ccde37ab91f1fb285f621247f484324cc767cc81995bf7aa3cb0097d88304,LEGITIMATE,validation,4108
4334,6175803b0e7e2c80fa430fa76c6df5eff3e967663dcafc2a4eed2056d65770ce,SCAM,test,4109
4336,96c6f46c601e3d6269d3cc835573365632fb48845b96e3e0c0e23d6e2478bbd4,LEGITIMATE,test,4110
4337,e844c8f11199fac13636d4217ef04f1454f30e57b27b02ce193b72f3dcdf4b8b,LEGITIMATE,validation,4111
4338,0b834578e6a71c2711c1552012d0919940af747efcfa1d96f7239bc7d359a3fe,LEGITIMATE,validation,4112
4339,ab8c49f8ca22f2c82069fef5860e4b91fac4a9b74cfedbeb1dd26030b4aac4e6,LEGITIMATE,train,4113
4340,671205df7a6946a9e59d6efc5f0471369fd5a5a05906e22ad9ad56ebc4890728,SCAM,train,4114
4341,f72d1d1c34e45cafe19b4dbe7fe1b02a43edaf986d04e33e91bfb46b2e2cf674,LEGITIMATE,train,4115
4342,e3bf2d4e47883e083996448277feb4b50a1f73e7e220eb6891f3407e7f23469c,LEGITIMATE,test,4116
4344,eddc961ed7450b8fbb4e4bc38d4ded715350c4890261af919b6938295c65cb69,LEGITIMATE,train,4117
4345,d6b6dd4beef0556fc5a99b3bac42881ae9f0d46571814f39d581cb70515036da,SCAM,train,4118
4346,979f7c81a591e052f76a61e3ef149290dcac287dd04a7b476953eaa583cfbbd8,LEGITIMATE,train,4119
4347,00176f719fde04250b37dcf625f02023e56e98d7fde124314f711c1a963470c1,LEGITIMATE,test,4120
4348,828b960c5f214c056b027808f237ce5108f9a9adb086ef810e1ea3c07c4dff64,LEGITIMATE,train,4121
4349,89e990e711a3251a3c33d42e004a1b66308ce10c7a0be793c4ffcbe4626acc40,LEGITIMATE,train,1073
4350,7c457393a4ecf9fcd20c2337418b3dc5de17d8c4d0dd9c0bb39279fc0c24b01a,LEGITIMATE,validation,4122
4351,17019dcd435a7044e0f094227f277abb2a80be0b344e9c1222f1b7b39ba46e7e,LEGITIMATE,test,4123
4352,b17ce0ccb66d317c45b0dce6a617d727915d73346ab44047a997e8445c914a5a,LEGITIMATE,train,4124
4353,374b982ea0d4f398d40203d737b1e973d08b2d8ff8e14ee8b34c98990fa2460d,LEGITIMATE,validation,4125
4354,8b5ee149712d79e852c48e6a468de825630285db8b277eb6faab7a39b6c5396b,SCAM,test,2402
4355,7d667aa8d9ac7a47b57657fd4d974cd69e6cddc6de903fa48f3803bbd886ce3c,LEGITIMATE,train,4126
4356,6785ba79a8585040c1e2b765b535297f58f85acbb867082e26b0ca5506d90932,LEGITIMATE,test,4127
4357,3934e86d500eef0c1fe6cc0b20b7d91a8a7ea5b2fd070cf6a863f004337408a9,LEGITIMATE,train,4128
4358,187225c4f9ad6fecdf7bbc6b673dbe51de5d087c5d293d9d5e03f79ac43b2793,LEGITIMATE,validation,4129
4359,a8a963804badb3b52b4954c16dd23ee601c653d757dc25e71652ed555478748e,LEGITIMATE,train,4130
4360,d165299d6418b515d9ae303994a398e2f958775ea37a85d9baa17eff8ba30b12,LEGITIMATE,validation,4131
4361,7de3bba319978c0955f5ce82016eaaaf3394cf5899cb72cff142657b8753e955,LEGITIMATE,train,4132
4362,293a7ff09672f913e0197e838a271cd0345a679440f49d18a411c891fc3b6d55,LEGITIMATE,validation,4133
4363,f47e24ca99e27e7a37483c1721a40298d8d384df4579469e3c235d0b9ecf2260,LEGITIMATE,test,4134
4364,f5f4ec6dbdb92173af4e1226b144076c6c80bf56e524fe866b1df59eb5c9903b,LEGITIMATE,validation,4135
4365,fb31da2fd3ee8111e20e6673cc7bbc1d1033724ce71d16b39ca22e1c205ba053,LEGITIMATE,test,4136
4366,7fdd080b950662f75bb056ea3bead45493499d4a91b329898e95845aab52d738,LEGITIMATE,test,4137
4367,157877b85bbeedd8814053dbd08505e9dd3bff8a4804fe45cfb636ff07df5bf1,SCAM,train,4138
4368,ac8493fdd6351fccb21e1ea7cd4d0506b2e4f7732397d4c1cf5389b555615959,LEGITIMATE,test,4139
4369,798e6bcaa3e6888c17da4d2ab2c9cfaadf376a05e9519a393a98168be0779f44,LEGITIMATE,train,4140
4370,8eebb744464eb7130700581a6463e29163746b8ac9230af4f143c0fe92b886bb,LEGITIMATE,train,4141
4371,88b215e9b3216a7f94f1819aae263daf581a78b309b43a5130c99c8861f6cfd0,LEGITIMATE,train,4142
4372,d949a46b38a0f55044db0292a70a8be123bd97371fe7d687283b516ffad87824,LEGITIMATE,train,4143
4373,928a4771030c0bc5fecbfbcbcc1bb097e1210de90f76547989f5b41a0cc7a8c8,LEGITIMATE,test,4144
4374,9ca66e55f86e82830356e86ae673c1b93e7235b5a9d26194931465cacddb79e6,LEGITIMATE,train,4145
4375,acc2bcc76850c10d9491e1a65547a68e1e8bd30bfd28402e652b500d65827f3d,LEGITIMATE,train,4146
4376,076a96a1a6aa7010fc900749a8fd0c5ac46f3494d1f758cfefc8d6cbc88876f8,LEGITIMATE,train,4147
4377,bc3c55a11e1c3a8381935f0a392146c734148b65889ddc69974c7e954baae032,LEGITIMATE,validation,4148
4378,9d636db602f64b73200ac3d60d96262d403291d95230ac15e2b7c712e61d84e5,LEGITIMATE,test,4149
4379,183f418b9f2e1c06eeff5113021dc7e1124940f5cb544f36005e0aabb5a42015,LEGITIMATE,train,4150
4380,148694f340d360637c536c291305f3f9953c85917e65a8dd9cb5612ded826c1b,LEGITIMATE,train,4151
4381,9bce4284dee582a93a7cec2fc08d947e0fc654e48364b1045cfcdb6c93bbc651,LEGITIMATE,train,4152
4382,8b2d1694499db6cd6444e09626133672358e568b44578b471f32e6325b12dd47,LEGITIMATE,validation,4153
4383,badaf37894636d8b09b119b7e6f30095b5aeb182b3ff9a884f0409db3deb34ec,LEGITIMATE,train,4154
4384,9f68bfbd346e3f0860159a352fce77f63c73876dc209feaed7d0d31fdfa1ed76,LEGITIMATE,test,4155
4385,972dd24d8e663f02c26bb0d001d29448c64085dcca373cde891c7ca415bf48aa,LEGITIMATE,train,4156
4386,a29dd87f0dae32e1f379cafde7d79ea7f3b0b69c3b2cfd34b05c03549afd4994,LEGITIMATE,train,4157
4387,4af6b7a5a17167f2344306256e4710ffe2d33a0aa1b5d1a9e6c48eb086b3d265,LEGITIMATE,train,4158
4388,b0f87617dbeabbdefb0ec43887edf48383d3e1adbb33f941dc6ed5133a03c660,LEGITIMATE,test,4159
4389,f21f2e0dc3c3c18d5ed306978bc1c5703bfb312e7977647953ca56c6344f9aa2,LEGITIMATE,train,4160
4390,0f190c8470ac406340f9f1c10603aa6c198974c4f96ed3ea96503db27c73b541,LEGITIMATE,train,4161
4391,5c5ac4306c5800618c0d3174d5198f6fe283462ea5bb95b4be08bfb4fbae4a6d,SCAM,test,786
4392,0a93872a023b9f4e861969fecdc62e635e1f4bba64e20eaa5724d68c5d47ac59,LEGITIMATE,validation,4162
4393,e8ef81b9d456efc2b9c9b3837e3d0a35d48901de6eb8d08ffd7693583ce9384b,LEGITIMATE,test,4163
4394,2c8919334fc1a5ce68596df04e7dba12834e4682754126f1b19c92c6f1ca397c,LEGITIMATE,train,4164
4395,ec9d553b6d030b19d34aab11d85af009c8f854ed946de715a7f48d7f8f2cfea9,LEGITIMATE,train,4165
4396,1998120360bc857aa1f05543892e41419c8d107b6846727ca669fc36e8c76699,LEGITIMATE,train,4166
4397,1382ab297504da99e9facdd3cff87807ff98ace41a1ab8ad71e3d52611954f3f,LEGITIMATE,validation,4167
4398,be289ae6629a6528484546954dd6aea15eb10f0d5c95bafb3612edd05be370f6,LEGITIMATE,test,4168
4399,62373b93681b572f1e32a86f385e3e001afc055d722370529bd92c3d3819d329,LEGITIMATE,train,4169
4400,6dfc05af1aafb1ebbab8b8c9b4e7de2693948366660f3c0e47dfefd35210aacb,LEGITIMATE,train,4170
4401,701e5eab4eb221f510d90b40d59c002cea98fcc7cd9543149c430cfed5c836d7,LEGITIMATE,train,4171
4402,d90a18502cdb645da78bc429766627678dee76c2be99706c7ae59dd42bf849d2,LEGITIMATE,train,4172
4403,d10abdc7691341166a7bde21fcf21b672cbccc134ba698ee170cda8401db8c84,LEGITIMATE,validation,4173
4404,9c3199b0a444a74cd54532f4328efe93ede401b89099fc2f3e745886215ee452,LEGITIMATE,validation,4174
4405,9d4eb5401b108a77fa421f5dedff41cfa5c14851680d5e84d9eee1e3d26175bc,LEGITIMATE,test,4175
4406,40bd0c6b5ee9805460098f7b1db8a560cafbee4e7d6f95abb0c4a8d0bbc728c8,SPAM,test,1267
4407,64a1639e97d885855b00307e21c34374447d758f1899b9808ea2e8ca63283346,LEGITIMATE,train,4176
4408,723444e787d29ff5877b33e45ba7d723bf43bf5cad0638835d8e33675d77a1bc,LEGITIMATE,test,4177
4409,240f2bfc51b9d0b12c2f13edf98dad54ea156cb3596070dbab8cb12e813266b0,LEGITIMATE,train,4178
4410,214c5f0a0bb02f6f1e6fc756e9d729b0aa56114491c4424e9b8c66c40c6246a7,LEGITIMATE,test,4179
4411,31203c98563216092b2f6a31c39d522d6f8d351b102ab84f55e666ae986be0e4,LEGITIMATE,train,4180
4412,fa792bbb4dd2ff2c4ceb86c10a132df0d3c6069d10fbcd16181f9c78794367c4,SPAM,test,4181
4413,e2503756694bf292ea9be9206ea8e4a2ee559f01c0ff8d1c9d2e1cfe90f3eb8e,SPAM,train,1250
4414,ffa4da1ef327be4bf3c51e2579cbd52716a26b03023e80ae35929d075cea03c5,LEGITIMATE,train,4182
4415,a469b86167bd56777f7ae956ec21dcb8655bfb86a2ef0f63b747257a1a89f180,SCAM,validation,4183
4416,756b91c567b1d23474b1edaa4ad72b1cb60904c7bc9a1dec6a401c5a8c893c81,LEGITIMATE,test,4184
4417,ecdb87adf21970b1e2014bd1609eee38e906f458adc5cf7ace9064962075e461,LEGITIMATE,test,4185
4418,55aa57212d18048d1fa02df329ea4e4232ebeb4121f9730a4578beecb515efa3,LEGITIMATE,test,4186
4419,59f66a0e4589afe8f5093158f8c2665dee5497b031009d91964d6811c2968aca,LEGITIMATE,train,4187
4420,d719e3fe546103514fdd9ec89ebaa4d73b58a57fa76dcf3cee4d547043ccf909,LEGITIMATE,validation,4188
4421,00e3f08ca3bd13a40f976f5156df91c9067019a09acd956ae996fc466d0b2c4e,SPAM,train,4189
4422,23f0ee3f0fadbe4560b4007971cac46648114e3d6e634107c70ebc2cfef73ccb,LEGITIMATE,train,4190
4423,222593981a5f602d79d5eb1f82e53e9ba825fef468930d820950598ed4b28dd0,LEGITIMATE,validation,4191
4424,412d7eae41a4caa4a200a8ada51adcbd87c3db10172e5bbb3fd497408efd0d2c,LEGITIMATE,train,4192
4425,146af0f428553deffa9f04f16e7fdd5ad32699a72cbac4a7fc5e008f703eae24,SPAM,validation,4193
4426,e51a63c6aa878bd1f559d9bff69f02543e92565eb0d523db99c7138e34bd3c6e,LEGITIMATE,test,4194
4427,aad27eaf0305cd73cae6a41161f7928ce2d468c018500a81af961122421f3c0f,SCAM,validation,4195
4428,8251562d4563e482e774c6809f537f9def2b5974dec0e65a0485e055f6fade83,SPAM,train,4196
4429,4ec894a0cd4355050ece55556b8edfe544974b2f73eaffd1c78e6823fff4f319,LEGITIMATE,validation,4197
4430,195ed427ef8912a68189b7e921d86a4c206f9ffb67c9c3d39292b68079cdfac9,LEGITIMATE,validation,4198
4431,3104404d0c44bc25ef01157c5cefe896757365f6a556f2a63519bce5418a1d04,LEGITIMATE,train,4199
4432,a2749951cdaca0e2e21b500d131a30aa9884492b1c933a04e299ce4a9782a6ac,LEGITIMATE,validation,4200
4433,57435f8d351a57b629f304cb2325b05f54fbb95f26ea22bc57eac9a05e385fcd,LEGITIMATE,train,4201
4434,fb113d75c6500f852b197dd3a8b312073274f814334a5568cc0e0e0618bb4205,LEGITIMATE,validation,4202
4435,e244274d44258779de0005dcbd647a3650ffbcbe6d97d16337b095763f8f115d,SPAM,train,4203
4436,1ede605a713a6a41c26778887da01c78812071a014af7d82d9089d9c0676ba1f,SPAM,train,4204
4437,d81355beaa5f8a7008da9a0a61bffd2b952b66525b37c998600edc6c23d7126c,LEGITIMATE,test,4205
4438,fd8ffc22dfb7cd9e9986d193eb32a72c221ae1f3a961dc26e15d2c5516badfb9,LEGITIMATE,train,4206
4439,3fc510f2f87f711de79cd8f62731db0f3cc739a9b7465af420bd9b1201ad22d1,SCAM,train,2992
4440,8e15b308390ac0889e44f84eb0531d0306c17a986a97b90d59ebd343b481fcc2,LEGITIMATE,validation,4207
4441,912776d23d134e08e6dbca5ff81a363c16929235d5104e974779ab83db1ae00f,SPAM,train,4208
4442,eaf83746daad2cc4a9f04ea9540c3924069669b1c8eeb493b4cb0e9c5e00d0b0,LEGITIMATE,train,4209
4443,e06a488aaefee8a62ca4831e5ca51a9121e7a8d647b3d5a38aa577f7ab3724cc,LEGITIMATE,test,4210
4444,1764d87bf9370b78c5b7867124e2fe55c29e2580fff349c63a6626f9d659a3c4,LEGITIMATE,train,4211
4445,28debdca1ace5f953b023192ef33ba22c7cc5d195cdfb2224f81ee8b16860ff6,LEGITIMATE,train,4212
4446,3accab3ed87f69c1cd834c37b066708798d0f474acaaae1215332d8b3702ff4d,LEGITIMATE,train,4213
4447,89cfa95400209eb91ca3176cbea7d68a4728f5d2b83ed58678c337255e40397f,LEGITIMATE,train,4214
4449,84ecfc2d3ce791e210f6d98ee254d2152ef968cdbd4dd9c0218992975d3438ea,LEGITIMATE,train,4215
4450,f3d96d2ed1527d1314e3b9fc25b44041f183a05d2ae7354be9e24f43d2d38bfc,LEGITIMATE,test,4216
4451,2387125337f6b22e4f95e54ff55e3628b10a162d1b124784ec8d211b703ad897,SCAM,validation,423
4452,13ccbe328635c6e2f46b67ce78ea50792daf2529c31287dab37fa42ea0b77bf1,LEGITIMATE,validation,4217
4453,7450fdc69065e85f02cad4a6240631ef8940ce1bbc5e4492225e48025ab8d5ad,LEGITIMATE,validation,4218
4454,a67c2a7c9d5a61bfe13e519cfdb3b176ba4677eec0073905fc0a20b740906486,LEGITIMATE,train,4219
4455,d1052e257305cdb0ac24a02c01fc314c9d8459c84abe1d4e076bb25abe984445,LEGITIMATE,validation,4220
4456,6b03fd1c367ee8e975a4a06efe0e9765fdf64184fecdbf31774b3e492c7237a9,LEGITIMATE,train,4221
4457,f39dc3164e3d8b4505cedad56663ce9174142a25715fa1a2d058fad3bddf1517,LEGITIMATE,train,4222
4458,3317ce4c842b5837ee230784b4dd9209a9b6f4fd039f73c2cf05158fa1b32e93,LEGITIMATE,validation,4223
4459,c340345ed8720129565f555223db4498d174701f0fd9741fa252becdad687b1c,LEGITIMATE,train,4224
4460,2f634421edf747953215d34c7b1b3e3ee09b8979254bb5d557fa45b068d384f0,LEGITIMATE,train,4225
4461,58afbcf45656749d80982a2c6deaf5e96b61d6e405fe710f7d5bfd696a080a78,LEGITIMATE,validation,3187
4462,c29c3a0928522aeb61bf354a279624d29c0290c6ed5874cc16780261e8a189b9,LEGITIMATE,validation,4226
4463,6e43ab78d21673ac05b41f5f9b5238032176262bce881b84845265f1e4c4acc5,LEGITIMATE,validation,4227
4464,3944f9564e26ca4937560569db1db3427c749ce1a1e64b833e7c96fdc3742e7e,SCAM,validation,4228
4465,5a17f89878771256e9e311572a4a3cb9c75cd0fa5202424c76a2ebc3d9088100,LEGITIMATE,train,4229
4466,99f273698741521cd221c40b97576f07ade135b9370a379862628b6ca677185f,LEGITIMATE,train,4230
4467,dcf020de1daa8221a382fd77879c9a76f105bd2f1b2ef29518f9eeabbfba8bce,LEGITIMATE,train,4231
4468,88d9c1704be371b5773814d16291ead83aa7dd7b7719c7e2d1e38ecd01d072f0,SCAM,train,3087
4469,8b0a17ab7bbdf3a9238e57776d672f0a42dda90b1d68b82998f314c61cb256ea,LEGITIMATE,train,4232
4470,b9948427808c0ab99d35d5a0bfbb45cc3f24a927f03f3a37128adb08b41c17a3,SPAM,train,4233
4471,fea55a98ef7029778edf707c0023269304705a3e93eb17548f2a07ecab80f4a4,LEGITIMATE,train,4234
4472,9b2ca16a618b6e97f995a5cdc9dd12deb31e17fce2b8a48565fa125251dee644,LEGITIMATE,validation,4235
4473,2fc70e64c0aa7deddd5ef274ef11380d28cbee94c832fe89f1f01b582f191487,LEGITIMATE,validation,4236
4474,20ebc7dd416491b0a188c25f0fc8af75a2c6066fd3ac4a28ca6f2a656943a234,LEGITIMATE,train,4237
4475,ab1716f2cee35ee9de3b4952b8f653678bfa5a2aa01c9cb346a2a331f14e6acd,LEGITIMATE,test,4238
4476,790252d08a6526afb2c928355d2b87e0a766a8131de1e353db03b9cb55687f93,LEGITIMATE,test,4239
4477,44efbc8bd00101f3743d25a49a73f53a68cfe4807f75146082ddba043a229698,LEGITIMATE,train,4240
4478,cb283a92e2259183b2709dccf91c13d0e4cc65708523118d19c874b5f4333b80,LEGITIMATE,validation,4241
4480,95d174b42e88265f2233d022b8b6b10e16b7d377ba92bfbd237c192fe7824488,LEGITIMATE,test,4242
4481,c33e2f5531eb62945c6906eb50189a5fa391cc8bce57a333688007887e47e34b,LEGITIMATE,train,4243
4482,ef5f3fbb279b79d661fcb72c7fc4f2bf4d91bf9ad30f7f7b657dc8cd6c0c1b50,LEGITIMATE,train,4244
4483,ba515fac0a32a4ecfecd8b68d4e7b6f0c037e7478b64d9a8a525e7141794de9e,LEGITIMATE,train,4245
4484,54d626e08c1c802b305dad30b7e54a82f102390cc92c7d4db112048935236e9c,LEGITIMATE,validation,4246
4485,09bf3796579b1cafb5ce4c250be94bed189c597ddabc99bb7a45fc759af5f51e,SCAM,validation,1709
4486,909fa93ebbee724bc5a8c168cabea1133fe042775dac65d29efba702b7ae98ec,LEGITIMATE,test,4247
4487,5493b040d5988b557464808ca179a34aac07e48d3b98fe64e85c64b744b68b08,LEGITIMATE,train,4248
4488,0138266e47405ab3bbee222960f189e31257bde76a004cd70be385bbf82d056a,LEGITIMATE,validation,4249
4489,971acbe12e2cb8d6bc14b0cf97abc133fbe828a8ac39d51947e6dc8800e1ebae,LEGITIMATE,test,4250
4490,287844e74d3717c49144b575c6c50da43f9f8bf67377915d7ab2e361a9c33ad1,LEGITIMATE,train,4251
4491,eecbc6f8e185702df61520c6e204a36e8125fb844096346ca25b3985df672d35,LEGITIMATE,test,4252
4492,caa2c5271c2601c6f47be80720f683425da768558dacc0cfe12cae04b0f103a2,LEGITIMATE,train,4253
4493,9a1914f3526a241589a9824c4ff28098d86c377c6ff72a756c8bfee5c83f0b56,LEGITIMATE,train,4254
4494,717a613fde8516f5f4c67096ef696d2d3e11179bc289d1847b4e5c71884dcabf,LEGITIMATE,test,4255
4495,a89eabfc2548e6485ac10ccd6693c705ebd6358978c5a14813c5866b9edf4a68,SPAM,train,4256
4496,f3acc7a74154d8ccbbb83b9f9c0cef812e7890aa2785ff5cc5834bdbb6a8a821,LEGITIMATE,test,4257
4497,d944347e9ac686a63f28bb0769bcb8c0c1b0e1eaaf1739ff4608f11024bd17a9,LEGITIMATE,train,4258
4498,afd80e99a4a157329cc03a9ce3b722c376066e929ada1a464161c24f8fab7da4,LEGITIMATE,train,4259
4499,2c50e79d035d27e51b148c6fc7c6caca06204641a17ca3318cb1e351d2f575bc,SCAM,train,91
4500,58e6a2c5d5994e395d73bbd50767a9e8979b770d67d25fe2f47a41b2bb7478eb,LEGITIMATE,train,4260
4502,ff095ea84731b7e4d18862ce81971964b9ebb44d7d1c272f3f8d8d6dff1c99f6,LEGITIMATE,train,4261
4503,b12b75fe608d331f0b1a2333b02354fc1be7b49625c766f074811d18d1896e3c,LEGITIMATE,validation,4262
4504,4346a444d162fb10a7750483afe483e9dfc5e4d27c919d95bb2ad1353e282245,LEGITIMATE,train,4263
4505,2197dc7e1fbec88cfd53d43e4c7fe896fe71ed4b63235ce5bfb2ee7f366317d5,LEGITIMATE,train,4264
4506,eeaaeeda41754a9942039a3179b9cf9bb0a4bd16c91daaf495371eb461ec3c1c,LEGITIMATE,train,4265
4507,94b84d345bd1c49df63df848937aa1d6cda10ca9e66c6783698321eeb993ada6,LEGITIMATE,train,4266
4508,409b684de9330dc6ffc2498a29bc411cecd7ceb6652d838f08c801d132f7cbcc,LEGITIMATE,train,4267
4509,a68e62c429afb6b0a3d6670c226c70668619cc2b13bab9ccfe8bbd4768a1d7d5,LEGITIMATE,validation,4268
4510,ab6b92831348c25005c46531fdfd34f0b168d5dc4c9b1f83d1e8637c7731f0a5,LEGITIMATE,train,4269
4511,8da13bc2a225d755c746d7277db214dc5625d346832f7c6eb20593703e122eaf,LEGITIMATE,train,4270
4512,d5ebfa18cb0c02d7e937703a9b9349dc96bd026060dba2357663377aa30ad17c,LEGITIMATE,test,4271
4513,2966bd31f7391dd558d6c03bcc340015d7452bcb4798b8e49baf80a5ab67479e,LEGITIMATE,train,4272
4514,08c30891cdc429db8345a41a628493ab407c1506b566f1a55870dc3df9a6cd1c,SCAM,validation,4273
4515,08bbc1f251992038c19d60505ff1bee48895f00fcf5c3f304f2b0320e778699d,SPAM,train,4274
4516,a2014eb3de7a36f57baabc464c09bf7975addb50cb8f61a5cb007192f31ebd41,LEGITIMATE,train,4275
4517,6440d313b2922358bbdf6d080aa594d8531f204636bb570153631990ae3d6af7,LEGITIMATE,train,4276
4518,d16a66bd738eec652f03ec446333e9cd48e2461e2e570e52f752555e537d9a3f,LEGITIMATE,train,4277
4519,094dd63ff077ed55906af82b1945493005497761a545a552efd43b55430e86d2,LEGITIMATE,validation,4278
4520,07f3fe9785aeafe05deb0472db8df7810c18a08e1b6f033574675352b04cd6ec,LEGITIMATE,test,4279
4521,58795345ce069c014607836c6d912048a3e702b7b450836d68290f40af25d2f4,LEGITIMATE,train,4280
4522,5e2fbf9ec54c23b1f77b86f65200607febf256e87c9f20e5bd4547a34d920701,LEGITIMATE,test,4281
4523,9e1bf09d1aa508c52464e3f7cb762e4f34944db473a2b69bd0f09a4f57ee52d5,LEGITIMATE,train,4282
4524,f55ca03fcb841d5e41376398af001052aaf6d75edf3a7a3461cce3b64fcfa449,LEGITIMATE,test,4283
4525,3816d278cf76733eeef626b0c93a7f06f313e4a0076d8be4992050f44f067fe1,LEGITIMATE,train,4284
4526,db3f430d2fb12050a10f742c8c879c0643606f49a065292844ee9250a475e4dc,LEGITIMATE,train,4285
4527,b89a975444cd3e177195c96c7a59e2475176a67f5f8cfc95f35c23e4a6a4ae29,LEGITIMATE,train,602
4528,429d9b50c961ebd4b9c771f06ae2f1c02c7006f5244a715d2eb51942794fa60e,LEGITIMATE,validation,4286
4529,0c15768f05fd617e14b300905ecfe1ce4e07b25b3fed68dea06771f72660fecd,LEGITIMATE,train,4287
4530,567a3b12d56b0faa0d468e28322af3214862ca871f19cf23e3501b3dd9f4a368,LEGITIMATE,test,4288
4531,9c9eb877c5e12ad954b5deee51d6aa553557c4c7387bc2e9e502275e53ab7f47,LEGITIMATE,train,4289
4532,730f89b7b46fdc991c03bbdfb16262cecd6ff426b7ceb3c50c12162187f82423,LEGITIMATE,train,4290
4533,482d0ba05a7dc79566ca7d37ba669503ed42f8327e6d07065b515fc1da89557a,LEGITIMATE,train,4291
4534,ed8dd5a1c536df2357fa5f48f85f745882861f7f53f422c09334c3d22827f8ee,LEGITIMATE,train,4292
4535,65250c2b49130da80a4e49275f23f0ce65f7db4fe651dc685b883354e153f8dd,LEGITIMATE,validation,4293
4536,70258ba45fda0cdfd2e44572af116fe9ab0b27d090ccbedb6b036267bd47099c,LEGITIMATE,test,4294
4537,93b359029a4a48f11ca1d883e1e6031a82015a6549da3e416d43a6f7c2c3ab5b,LEGITIMATE,test,4295
4538,e0b0a3f0aa5260fd1dfbea07c57faafe89f8374650525ba1adbb67c9a7a971d0,LEGITIMATE,train,4296
4539,74fdf6969c3f78d03791bda4b7a9082f93dd40f12958677996fcdf7b1364ad5b,LEGITIMATE,train,4297
4540,47bdec63a9408b44d54d06cd5334d6b0d4fd5ccb7c294052ef9ff66c431c67bc,LEGITIMATE,validation,4298
4541,f9e83f0007a3a23b37a1702435e43ddf9f120c48b305a3f118a46838bc55af15,LEGITIMATE,validation,4299
4542,f800184c0cc5049628cea6e1c3fa016ade1334afb433e2db77e43d1a356154ee,LEGITIMATE,train,4300
4543,9b73f2474338de8fd6a25d6a62734aed1611ed2db319c8982c84dd20f3b17ef4,SCAM,train,2992
4544,aef8aee73d47700fa742ec0ce682edfe81d6701e09718d83c25fc0f80cf67ee0,LEGITIMATE,train,4301
4545,7839ae2d17ea0dfb5e9b9dd84a159145955e39009c0de3b4940bd3d874739a34,LEGITIMATE,test,4302
4546,90156b9d2245094294ca65b5f2cdb6c2f283ea48441b9bdf43c0c03ee7f0b1ed,LEGITIMATE,test,4303
4547,1d96bb867d4a884dffaf4c075e6b138f11ac769fd2e9f22c68089c0939e9b188,LEGITIMATE,train,4304
4548,562893f79d5b91b46e9ac01c58dbb6f32cd1fe5c86338663437026940e6a6eec,LEGITIMATE,validation,4305
4549,e4b4b113a1d2438dae666f75e862444b3c69f884933f410a322b95b6b12ea9a6,SCAM,train,4306
4550,21f8a1b76651a881a6cb4e69c2cb3911670667312386747718a15f50671673a1,LEGITIMATE,test,4307
4551,58c08a5b990f4e8b677f0ccc3eca11955ae48b6a55f0dba1fb3bfed2d2dde485,LEGITIMATE,test,4308
4552,afa2e08fbb6e72a5882425034a6e8d48f3932ae191562b425112246b0aac9ef3,LEGITIMATE,validation,4309
4553,ce924a722cad1bf5ecb0e22f7a86e7249c8cc0ec678decb8448aa4350cd28f43,LEGITIMATE,validation,4310
4554,caa5813d015d2336d5c87513de360962d9b66c4be16e7fe5e55dd46f8cbe09ac,LEGITIMATE,validation,4311
4556,29fce64ca66a55b5f7eeccc12218fe362ee30a6e31c29590f7f4da69e651cafe,LEGITIMATE,train,4312
4557,dbc59f522f5dc6d253b1e69134359b352ab96a70049437ab061a2e8ed964b5a8,LEGITIMATE,train,4313
4558,a163dbfa2590a763ce395daf08edf9a789ead259dc2b451243ab3920932a88a9,LEGITIMATE,validation,4314
4559,829819f995365c354b9652e500c0f71854144aedffbbfc4f45013defaf7e9ab5,LEGITIMATE,train,4315
4560,548c7709e048c9b3ab45e46f30c5929dbd293884699ac619e276dab0101cec97,LEGITIMATE,validation,4316
4561,5a391fca48e8a12e0f2d5e306957b62e3d048b1fa9d8ac54103cf7a41505dae2,LEGITIMATE,train,4317
4562,e7777fe99fd258ce5b439f9d2d7e434a8b0ba701b1c2f9ec7aa3ae44a52a44fa,LEGITIMATE,test,4318
4563,4f1fa483e9dc6e03203477d7c66c434ac8d177f9bd9b194d02d38620c922076e,LEGITIMATE,validation,4319
4564,0befa39f2768e1cfa6f8c6a32f8a058816ba6333f2720f84f76a34112cd008c0,LEGITIMATE,validation,4320
4565,3eee6cd27f722afb191af6fddd7cbdeae771c29bef6353b0c35a3187352b4629,LEGITIMATE,test,4321
4566,741555568ea6a8d58e5467c07d1a64da9fa8af3bd016145916256af14d566e12,LEGITIMATE,test,4322
4567,cd8a2a2d658dc2c481ddaca330dd4b48417874566cda5d3bc8eac583bb35a5f4,SCAM,test,3869
4568,024c9ce861a7920322140af3aaaf1b45651b72ad120eb077118aba2fb0db2df0,LEGITIMATE,train,4323
4569,a0d0403f15336a9d228a6abda1d9f0665fa41408c75010339daf2b2248315725,LEGITIMATE,validation,4324
4570,fffd208b6fd622f28004b073d8153a44e694debeaf257c0a18d3753730983c6d,LEGITIMATE,train,4325
4571,daa731a2982e311725655d04cb6b6d96c24478aba990827f6406e4423f8842f3,LEGITIMATE,test,4326
4572,80a62108f3cf5c933dfa0ebcd0eb2dccc3fac67300323ba7e2d8b6515620ea4a,LEGITIMATE,test,4327
4573,30c0be080ae0453712bbe4f23ede39a268abe0225979b61ad81a8eba517f5fc0,LEGITIMATE,validation,4328
4574,521605b9b9db29d65989683f4ccd349971d4c592ce6992c9b2a99ad74a9bbe23,LEGITIMATE,train,4329
4575,2f5a7c00465a52f9cdd07f855b71b757c11fc0ce223547e53f8aa5935b539fa4,LEGITIMATE,test,4330
4576,dfa2de84ebb5efb639fbfa3ff69efc0fb6133504254462a61639cd1335786adf,LEGITIMATE,train,4331
4577,5c927092d6b1ef34528810e1c020439230b7a6aab632ea49c6c5118f8bde886d,LEGITIMATE,train,4332
4578,50dd609f78583a694b93713969c8a49b7bea9d56f3d82cb0ca2dd29750721872,LEGITIMATE,train,4333
4579,e1f0697c5f23bd059345d70c9c8cefd03abfb02dd720fefd98fa0e9200257f65,LEGITIMATE,train,4334
4580,c84677924782c3c64d2a4addbc9eba4523303e1e4f48d739a72b62992c1a4dc9,SPAM,train,3201
4581,12d18ec17d36322a5c31fe4bcd42406c093900003d4f20b2996f0e246189f627,LEGITIMATE,train,4335
4582,927de4f0066690179516daf02927cb67c8254e80b0660c03978fe2c1887aae08,LEGITIMATE,train,4336
4583,daa33d5584ccd87cf403df333b499a29a6b15e8b7352db0f433a2e36e4f7e189,SCAM,train,381
4584,acde49f58b915297105d20dbf4ba074d88fde10a8e2135211f0da4072a45b3fe,LEGITIMATE,validation,4337
4585,06180679e3b00c32bec2c525f082af34e24082d43c5cc756f27168c9026f92bf,LEGITIMATE,train,4338
4586,f6712d23c342d70c4ebc8f9c3b8d20437ae0bdd1791b2242863fcc0b1d2055ca,LEGITIMATE,train,4339
4587,005feadad6d82d18c43eeb86fc7d5738cfdaee2f9208a1614d40201aa089617f,LEGITIMATE,test,4340
4588,e77d424aef2a043fa1b0e70536d640eece8c2771021e8a7b90cf5e753a5c83a5,LEGITIMATE,test,4341
4589,a303b68c2302db5698bf41c4d4c9792eea34a5dca066e7188029a14654d3a866,LEGITIMATE,train,4342
4590,55fd8991de9f4935d1d90d22088db7a92ad556a9cdc3aa606a5fbc5a4c83a6c2,LEGITIMATE,test,4343
4591,b733d0c9ac4aab07164424f7f566d73d25f667d8dc6078b8c35a09e3c8985be0,SCAM,train,4344
4592,de96cc3d4dadb8fd86a02166a0c5b210546cf3f56aac50e3c523230012ee1e6c,SPAM,train,4345
4593,a722db38b8bdbb870ec777fae44b6ac6216aac7a427b4afdbe4be239f5176a17,LEGITIMATE,train,4346
4594,4034b7dc488142ef7304e08417fc2fcb9efcb3cfbb622130c7af434aa7c45740,LEGITIMATE,train,4347
4595,90659a46dace70ddf90e8bf605e64f3fff6b7844834030e71e80c7526421e133,LEGITIMATE,validation,4348
4596,169279bcc0edbc2e4f8f08de5346c0a720deb7aeaae72b7b61bba2b70e7fce61,LEGITIMATE,train,4349
4597,8344a6ab332d7ebfab8a127e9f9e9d5ff8a35be3a4b4f013b3ec3f6986746414,LEGITIMATE,train,4350
4598,fc5f212b8e72270068558cc449627126d753678e64e97a9e69fbd8d913d1f3bf,SCAM,train,4351
4599,ad7e6bcd1cf6c254a7df202b4f3236f98b02645e6885dd9d4fa0f80c73f303ab,LEGITIMATE,test,4352
4600,57b3af2545a34621a92a8a05627e22ab6c242c727cb293a3f617d0cc2270edb3,LEGITIMATE,train,4353
4601,173258bea9006fd2a6a35e5c0498b8892361b10282cd35871aa788ae07d14e3e,LEGITIMATE,train,4354
4602,fd74954148b926ee8d3c57a9fa1e16d7291510ea115dd97e8c90d9de9161cf4a,LEGITIMATE,train,4355
4603,665bca7ecbcaf73d90e37bb36e8c59ec93b0452cbe20086294a19d5fe243841d,LEGITIMATE,validation,4356
4604,bdcc8ac6fae4986faee4c6d510a5d7a33e722d8f3fc7902e8b46ab371e849bc3,SPAM,validation,4357
4605,566647dbd50f60e6f172534797f690a24dbb3366e1835f41d3e003eb5425dd05,LEGITIMATE,train,4358
4606,2957a84d6b9f842a4576ba49b955a9abf696b734cf173b843a78a39fda62bf22,LEGITIMATE,train,4359
4607,38a7bb92974ff86da0fce72880d7dcaaa0e2a52be20f048ddfd3ecf0e8103876,LEGITIMATE,train,4360
4608,bc1791ffc5a31f9dbf9e7daa0b505d4a85140fb16f9deb96089dbb449c1c072c,LEGITIMATE,train,4361
4609,749af175a0c7f57cbd5b8e4a87577939ffd4aa0886f0bfcb503b962f4490158a,LEGITIMATE,train,4362
4610,0ac459c3b6e32569e4e7eab3c387e09c9e0e5d57c5c4e5891807eb21f9a297d5,LEGITIMATE,train,4363
4611,a054abcb5fa02abdb9e03433188844dc029714e1df9dfc2a37187e4ecaed8ce0,LEGITIMATE,train,4364
4612,55d48048ed4e73a2446cbee150a6ee95f55894e118beb58dc4c57cafff1a83f5,SPAM,test,4365
4613,82a2c530f7290691a5993614f09bdf0745a534dffe0748077a457c1492eeddc4,LEGITIMATE,train,4366
4614,c25a7ad6e3674038ca88b5c5cff1559c292b9cb797bc8146b3a990f90b7ab6fc,LEGITIMATE,test,4367
4615,10e1a089f41610947782ee52ba27fcc040a72bbc5a85434736c815cfc46d98e9,LEGITIMATE,train,4368
4616,c1e10ba488582119ad7eef191d2deed3a6563e9194790e92350289bba0494590,LEGITIMATE,train,4369
4617,a8d8df93472d97023bde68c98ac853613abf2405c78f75bac68adfa06994566c,SPAM,train,4370
4618,c439b5333fd81cd60a18f170cf1ccacdb8c11c90b8ca0feb5c4555d48e8c232f,SPAM,train,4371
4619,11472b1a5be6fcf6cf9c60acd2deae85846df521b453303aa6bdcbf36e0bff9c,SPAM,train,4372
4620,2b92407e098494fdd783b99d8857ee94f07b192ee9424ca4efda8231635ca690,LEGITIMATE,train,4373
4621,0719382cb6ca80979f6ce18d751eb709bee2d409084bf076193002069f36f6ca,SCAM,test,4038
4622,ed137ec85355172b95d1debe35c3b92fadb5d09934e3da16e36b773a6a761af9,LEGITIMATE,train,4374
4623,a286444917cbc62d8095e76970cc519f51d1c343592ebba6e5aa1f15f4291747,LEGITIMATE,train,4375
4624,c297ce68c87a1b39c5e48c5947cbead4bd42fcd23034bd5b44ba71bf50c7242c,LEGITIMATE,test,4376
4625,e45f57680edb17ed7c10fe311b86c157019815e04ea67ad1325d052645ca685b,LEGITIMATE,test,4377
4626,e88ce4684d92059b4dea283cbfb15301714d3fe2f04939907845eea2207317aa,LEGITIMATE,train,4378
4627,a099e6073ab45ecc85d1deaad8e0b9ce877fbfb255d75d6ff03947e033e4e113,LEGITIMATE,train,4379
4628,0d7727d031d096d7784e4a8adcbaa0b9e6552117a67ec10f0bd6967fdcfa23c6,LEGITIMATE,train,4380
4629,68d542b9f80f81abdbd66ce2cd228cf7f3462eb269de4e11a7e2701ac482e08a,SCAM,train,4381
4630,4ae324e29a23a10247e035267bf00b0ec88ea9afd26341287328f4315fdaa77d,LEGITIMATE,test,4382
4631,8f3767d338cbedaee7fad1b59a26581b49257db2cb8c818aba63d083e5cd40ed,LEGITIMATE,validation,4383
4632,49fd060aa68a5336d413ec1beb541a360f4aa44f2d468b2a53b7bd6492791e0e,LEGITIMATE,train,4384
4633,213290fc536130244500fb4ec9f64e9574687cc06dc015134f4fe86d041794ee,LEGITIMATE,train,4385
4634,ed7c634edb900d1ac2baa0274e6aa708055422bd3cfd348e518034ecea806564,SCAM,train,4386
4635,f2021bd607955291e6c62081b9c835ac8b35aaca5a2b9f820b556aac4f2264db,LEGITIMATE,train,4387
4636,ac96e347d9a1281a0d251a5c42b2b84f51f2fe32914bda108e2c15da3601ab4e,LEGITIMATE,train,4388
4637,f016732e432fd4a4ab76bd16ddd8cbff49b157903e792dc2eb681c5ecf6208af,LEGITIMATE,train,4389
4638,244c90bf6e076b51ce36639a2f02ef439357764ef152236d4fa44801929d3d57,LEGITIMATE,validation,4390
4639,f3bcf11ee9eb590f1f36e3db66557f3c616b4c15c948838bc575363f80c88f00,LEGITIMATE,validation,4391
4640,6eed7bd53112740db4f930d2581d632a14df78829fc2a439739db0c7d21d23bc,LEGITIMATE,train,4392
4641,9ea5dfb6d381d8027321ecba38045463b1945fd13a43c89bc0b34c0417900b89,LEGITIMATE,validation,4393
4642,d202607094eea7806e8d2636fbed7d801b902b3e3c0053e88dbbd0e3d7f5a06a,LEGITIMATE,train,4394
4643,1ec858218a451e4831e5f6963b95146ec93233f6536e95d8ba7b25ff85063422,LEGITIMATE,train,4395
4644,c7f1bce71c7c7aec608533b86d6130e533cd488e676b626e39239c5bcf721be3,SPAM,validation,4396
4645,69fea195f326b3ae240dc9be920df7452505157885bee3c040106df901d47304,LEGITIMATE,train,4397
4646,8212cd47d39be7c4b4271ada82b8170759bc9eb0038cbd47ff7de71ad1452963,LEGITIMATE,train,4398
4647,582d5c1cd54e92922b81a8f838abd6458ad0dd74ab8a6b16be22a3d4aa534ff7,SPAM,train,4399
4648,51484d5f9cff4557199c7c735f3eab66b2ead4a2a9bd7f937696a36187c8eadd,SCAM,test,4400
4649,e92b28fa4c630a7ec915b3e8c76b91c9a54ea4d44d1d3b7c20e5e43069b52c38,LEGITIMATE,validation,4401
4650,45a466f10670993f59f5a00e1b4641ab22ab7215441b8655e3fd2f3a060e2e99,LEGITIMATE,train,4402
4651,e58b08e84b4d75bf19a2ccb449cbbf2560245a36124874664ab24b6139638966,LEGITIMATE,train,4403
4652,f039a5329269af0aa2456e87c4cc8955d5aaa12bfec2dd8544ff578e9654517a,LEGITIMATE,train,4404
4653,012f0bdaa08591b4fbb38cdd64b16b2701e7ea7930f575af86d9c2c25b92cb7f,LEGITIMATE,validation,4405
4654,41e361ea1242c768b1116de9359ca79a54137263f29d82bbe6df4024ecfd2557,LEGITIMATE,test,4406
4655,ff344b0f319e5c4251e8ee40b601a08ca937884d96dd3f2554b31b56c87ece4e,LEGITIMATE,validation,4407
4656,d4db9506d5f1a56d67bdf71573d36c8ed3dd44ea3545f3107a2c31e340fde1f6,LEGITIMATE,train,4408
4657,f32592793f65a40fd860f8039d13581ff8d61dd1c39a4a699f1d7ddefcc963ff,LEGITIMATE,validation,4409
4658,2ca5aacb410775b38b95b63bfa0e65b8ff7dd356f20126234c2995c3a59578bc,SCAM,train,4410
4659,c2178af92b210126fd16393949c63b457f198ccd85403048f999e2c7466101d3,LEGITIMATE,train,4411
4661,1dd7828fdc525304ad3aa6d40034f7e514078886a09423e6016ba6978b2f6045,LEGITIMATE,train,4412
4662,0fc4916748bf08728bd00c261e7d35e1c3331cc9dc962cba585be4a404ed808d,LEGITIMATE,train,4413
4663,325891f5d9fdca2c335f4630a97be7d911991ae71c10cff3edab7fc68a7d8f3c,LEGITIMATE,train,4414
4664,bd606e406398d08ec2899d50b609ca907fed55857c986ba9abe038178e20b2bf,SPAM,train,3618
4665,d9c694d6a93dbd2fba27ba16c3fe9e9b58f0d4ca560c33c2568c33195aa1aeaa,SPAM,train,4415
4666,24d00834a707c7cb8e8a5341116c8aa7c876f31bee705e05200006aed50ec223,LEGITIMATE,train,4416
4667,20b3e3a4963cdb83124c0197e9817b37221ed16f36997616c71ad0943a5082b4,SCAM,test,3079
4668,d80d19e960447eb42317d900c73d81acd46f8f1e01c896e6c181722a84dba2c0,LEGITIMATE,train,4417
4669,f237f40fd47f9df7405b02b4d674b1653ced249cb9655c428d410f2215af225a,SCAM,train,4418
4670,77f2fde03587cdb9fbf1dde4abb2300f8e1a8a9d241398084be813cdc96a5053,SCAM,train,4419
4671,b37254902125f92d682e5e58266bd4b5324ceaf4b476ca7cb177af6e87efa57e,LEGITIMATE,train,4420
4672,23f9dfe72b5c6e58914cd7af46912178e8de2bf0e29f5f02be673808adfb37f5,LEGITIMATE,test,4421
4673,fedfc29fbaeb835240496ac21a0a5c52adc411534181ae1fb792287b3814a60c,LEGITIMATE,train,4422
4674,5311d10a6d1367f0df8f5360264b53664e2f0ff190ead9c5d00bef41fd40806c,SCAM,validation,4423
4675,0184b57f36c5d418f47d784dc7a46a291107877f41d8eb5b5167d219a9c631cb,LEGITIMATE,test,4424
4676,ac571105410457850beb84bd460ba231d4a3027869f3599b2757d9819d42f3b7,LEGITIMATE,train,4425
4677,e088d1c6cbe31c5fb104002db9c6a4ad5e7e8e4db59c4b8d492a0cf4297cae61,LEGITIMATE,train,4426
4678,494167b995c08bff2fc006984a0427e358a0da64405b7b74ea849e4fc7e7a907,LEGITIMATE,train,4427
4679,938a4001ebfcffc7f9fdd1f97f394ed4d677e1f828f4252ef4f9977e6493aa3b,LEGITIMATE,train,4428
4680,2e5150ca518d5226febaae332eadc2fcf2b3d9db6be1880f7525310194fcfdb5,LEGITIMATE,train,4429
4681,2fbfdb70ff1e0e0280a3f26256e4296167cc47758d3ea2b44e0b60e7fbf229f8,LEGITIMATE,validation,4430
4682,8b24cdc4b7706d818f88c133420f00dac72448f40cd19a5ef726955a37caca78,LEGITIMATE,test,4431
4683,52b1a58cb9bb736ff9521741246e1a4506f0de63a70abc9ddf15bf7164347e77,LEGITIMATE,train,4432
4684,ee60daa655546a1219a0cbd3a68ca674581a9d2ae6a0db01854b3afa9d1286ef,LEGITIMATE,train,4433
4685,77424c3f26df89eb0ba939025c5b270121f9cbc96d1990e1f59bc96c323ece96,LEGITIMATE,train,4434
4686,9ab0c03df90dc472bb86bc1a7243b05fa2e35fff06234f4fee695fb49bb8ae3d,LEGITIMATE,train,4435
4687,29ddd07ee84ff8a5e8c1764f7a8fcc57d38d5f545ffd36d3ee929f2100d3d52a,LEGITIMATE,validation,4436
4688,79205b5327b57d25ff307101c508a0cd823a975de701dd1b8587b66e5cea8ee6,LEGITIMATE,test,4437
4689,399fd228fe719bb15e54c4b07c8ec41695b37ebc712ff8b62b00deef20b5dcfd,LEGITIMATE,train,4438
4690,def5de143671075504ca7e92bc9f4525fa07dabb5cbf364af8378063704ee249,LEGITIMATE,test,4439
4691,9e44b06e2d61aa339997b0a159e2c1a2f29718c50afbef867737c2b81e4e763c,LEGITIMATE,train,4440
4692,126a4ff157d90ea14a2df3551724a13e83d4d5283ae804a51d41f4c84e817f3a,LEGITIMATE,train,4441
4693,2cfb3589fdb998960db3f3f1ea760fc576c620ce4d99a07c3b4ca263782b3ec9,LEGITIMATE,train,4442
4694,66bd5876104d02c41439623f94d059ac5a64025de5e1d113bce8b8c9c025e6f9,LEGITIMATE,train,4443
4695,41e4d933ec1f725a2583414864e19ebf59e134b6a7e62ee39eb577c834975a2a,LEGITIMATE,train,4146
4696,bdde23a8cb83a9761ed7f8f2728f0585e8e45f6e3b1bb41d191dee9ff7a10abd,LEGITIMATE,train,4444
4697,07e6cda8ddd59e297c4693fdfe454d1a0b22de1f05c33a1517b2da8d582688ef,SPAM,train,4445
4698,bc08109e6828e92d7e951a2af6bbbbc6758fa9026919dc5357d873453c0adf81,LEGITIMATE,test,4446
4699,eca943904b9e99f754f8459c00c4241c01567defdaa71c4778b10c7f214d51fc,LEGITIMATE,train,4447
4700,bb158d20ca47729d66d27d3b63d513c31b36f004bb1eac6e7576614a8b727a6e,LEGITIMATE,validation,4448
4701,2d1db28d9e6b2c6b1c1983978a8721b311995cb3d04b7e7f948f121a60409f4e,LEGITIMATE,train,4449
4702,6109fe7352d09cad034b7853f2122b934d7bfe08a066a3c24ae3973ab4d348b7,SCAM,train,4450
4703,dfce48de19d4d8909d7744319f93ed96ca2d3c1175d583786666fb4e4326820f,LEGITIMATE,test,4451
4704,dd19d840f8fecfb86ae17b1b652861861f28015dfee41e0fcf4ada928287da4b,LEGITIMATE,validation,4452
4705,3846cb1b1aaaab06530b489f2d84d66195d2c8101e9ad09d012628e99bda784c,LEGITIMATE,train,4453
4706,a1e92385df7017a7399bad29afc2f119db499534feb31de12ad0f6f10568aaec,LEGITIMATE,train,4454
4707,c4f5f44bdaa6b7ad0e6d1d97a3718c6ed3ebb8dda0079d47746b897d73ec60c1,LEGITIMATE,train,4455
4708,74774546669e74b2af81ff420a68f091504acb5b41462538d0b8162d23b3a731,LEGITIMATE,test,4456
4709,9c8c489c5e8c673d1c6809269804538f0b8f5b79cc28d35b3c47ad8cb6dd6a31,LEGITIMATE,validation,4457
4710,8302ee83c598b0f2e99a71fe53c350b0289b220528eaa5746a2b459539162c4c,LEGITIMATE,train,4458
4711,1fb9033e27b53b494eb5675988e9bcfc194c68ccdc470986b13de5f44ff15269,LEGITIMATE,train,4459
4712,f4626f6c20732821a4626a6641ee302aa2909b43acde6b226c447d90d88c8756,LEGITIMATE,train,4460
4713,c135fee8118a64a2e4891817a252b6fcf96243c92f12c68e0738b125edcc93a5,SPAM,test,4461
4714,ca0bfade369fa693e2f7dd06b0f219c986ce98c5d1d15b449110baf5e02c3dab,LEGITIMATE,train,4462
4715,c423f1acb6b3831ae53ae2b698e9dcd06f5efd6563b660ac7ef973348d0366b4,LEGITIMATE,train,4463
4716,0e79dd17029d3f3c778bf47fa5971a42a4e1b62626e106d4106b76e53b638854,SCAM,test,4464
4717,a1add9c9af6f337b5b099e78a3d40f3015f6844b73ed8f566174c3ffb650bd85,LEGITIMATE,train,4465
4718,59478fd2aa9025d83ec6ea784a1b0a1075d3af31fbda0c1b6ac2e9cbdaf0e9f7,LEGITIMATE,train,4466
4719,6b9a91004987ae97e3ab994c12e81ef57921d05572f7bbd713872c56b7861e84,LEGITIMATE,train,4467
4720,c64be6a97597c7a8f22c66caa562be21f2b49404e72c8b5ab36ef8410f729a97,LEGITIMATE,validation,4468
4721,dac8a28f244ddcffe77488b85fea1b21a1fcdfb8f170f1358fac6a4fe36a2848,LEGITIMATE,validation,4469
4722,a082a85f5081fd389e2b7e017b1946248c29f3303ed23d9d5ac9c14183f4e0d1,SCAM,test,4470
4723,798cbd4a33a8237cf837e5832963c9c31e6684c50971448f818656545c17be73,LEGITIMATE,test,4471
4724,ecda94a3d2ca5e5d394872bcd19675f05ebfb2347ebafe7e95aa98f578d4d4cf,LEGITIMATE,validation,4472
4725,e51e1953cef48e92fd42c1c021d173b3629a92e9afc302fdf734b26abdbe634b,SCAM,validation,4473
4727,e549465fdf6529e990637c8fb11895eae7a84f01d5a553baf8f86de0db7196e1,LEGITIMATE,train,4474
4728,f669d3ad03548263d99f27eb9109a680a50853a6fb0ca337b3f7523bba60bc52,LEGITIMATE,validation,4475
4729,866cd9a334bdeeaaf54119461f6423dbb7facf0ba29658c6ae45449e90d3660e,LEGITIMATE,validation,4476
4730,4e861cc083cbd7168ced7e59b2a7e34a0978fa8fbfa35a332d7ec890d4723762,LEGITIMATE,test,4477
4731,ad0e1dd0e1983bc8a15da3a881c7a393811cd7c3412443a65efd8789f59db44a,LEGITIMATE,train,4478
4732,1c23ba30d0b267c64d1537c0a5ecd5b0d824dc8e955b6211a83522418a3f63d9,LEGITIMATE,train,4479
4734,83253a670d9c2b631f1cf69a83d15f93a5b19f68245d290db927696bf77c927e,LEGITIMATE,train,4480
4735,080f28e06f1018784f28daeda43f5a0841a083fc14a3c846e977774818d8b9b3,LEGITIMATE,train,4481
4736,8a469aca92fca6c0a95fcc897a82489be8e4964d3cf8d7fbd8ddac781988a3cb,SPAM,train,4482
4737,2cac114718a103c3eede6df4876512b1dcdcb59aaf18c8b5c8c19dc8a1e101c8,LEGITIMATE,train,4483
4738,2268329fbc1adb88e17a946e55b64c19a1ebe613cc319a570ca530c8ce8331a8,SPAM,train,4484
4739,35b2495654442e6de9624b95b133c4d7cd00e974b11eb6410b4fce21cc56c218,SCAM,train,4485
4740,76784c26827cde94bebb4b40472599f89e66789fe0d75eabac23520aff6156d6,LEGITIMATE,train,4486
4741,dcf6b44edbd005b981db52f03bf22cb7925d596a656a239f14ce013f31451816,LEGITIMATE,test,4487
4742,82871f94240c74b7f8eb46970ad14735e4e63e02e7f7fee08ab4425ab5f3de42,LEGITIMATE,validation,4488
4743,6bacf6cb256e8cb7c4aaafcd1505df824affa6f45a298581ef12f44df2b12b9f,SCAM,train,4489
4744,b798d3f6dec742338602ecf3359b37effd98c1d99ff859f28836602952084d59,LEGITIMATE,train,4490
4745,d743ecac0c2f44edb5c715e51d5b27483e684417379c96edbdd1b8137d738930,LEGITIMATE,train,4491
4746,877505abee8af0dfe7a2d65e99d3e137ecc02cacda1580ae23268606d6e7937e,LEGITIMATE,train,4492
4747,31b6b91c5d145a837fbd200ff2218e39e9e8a462584e5591197e22666352ccca,LEGITIMATE,validation,4493
4748,2512de9e1fe0891a2fd69b93f5c0bf15d89f30d6003a7b58e43fed671b4e9716,LEGITIMATE,train,4494
4749,fa925e4ce26cfe06560d68c5ff41b6b6c263ea54cada4e9bad4252210018c15f,LEGITIMATE,test,4495
4750,a30eec461e79c0e857aed42867f256c974d04a27cd576f043ad110d3bec99b6a,LEGITIMATE,validation,4496
4751,af7b4eb5322f8756c786bed8ae8589088ef187ab9c8de03aece1e47794d0b674,LEGITIMATE,test,4497
4752,fff8f17aae39df42999d3c39197996279040d8e84fb95fd6abbe0465c3b8cb00,LEGITIMATE,train,4498
4753,144c7008f436dff42577717dc66dd3cfc342ef5accb036814dc1640b1fa2669b,SPAM,train,4499
4754,076fc6370c8b595ddf1d992f37849315a4419c69844aee278c69b10ae0cca857,LEGITIMATE,train,4500
4755,533e33be068de8643fec59232d8f458c74c7a87834d116021609d5f460472193,LEGITIMATE,train,4501
4756,4def34650f9f0e2e7502c2d1b5c174447d778ebfaf85099aa157a640f029d1bd,SPAM,test,4502
4757,dc1dec48a8926c3cfb8b1ba01b8080caf964bf9d6e2f2609c9c49ca119e21c70,LEGITIMATE,train,4503
4758,348b9f6e432b0837fabd8877b2ff45a2407dba2c25877463ea36624a0bc95ef2,SCAM,test,4504
4759,3aa8cb385e1d016bc6f2f79e6c55242cb1793542d09646018a062991e221afd0,LEGITIMATE,train,4505
4760,3c4455ae3f9b3f9faa6523b9b5326b7225f24e7a44de68253dc2e1f1873a49b4,SPAM,train,2599
4761,403ece983d2dad31efc308fb6282ef6d6dd23714181836bb9965b0fd1966639f,LEGITIMATE,train,4506
4762,c2697d0e75316bd2b51dae8e8f172aa5220a6c21674a95c2442a55ee62f619ce,LEGITIMATE,train,4507
4763,8471e7927e81799479e3ae78d17074727445aa253303c7cc1445e00c6c155665,LEGITIMATE,test,4508
4764,8c58dcb175969eb8028fa14ec6cd3e4677fa75eefdcdd5e4a1ad4eecc1994873,LEGITIMATE,train,4509
4765,e27eaed0cfa606e735cace15bb8d05be4ad9aa722b4a852b62bdbb78a8e34870,LEGITIMATE,validation,4510
4766,de6a94c3a860ea9cea1922f4708a04be35538b24d7feea177ce8016d50f328f1,LEGITIMATE,train,4511
4767,4bfb0d45489a8287a6c63829edfbef208b7519778ba032f503784b73a3ab3a77,LEGITIMATE,train,4512
4768,33e0d82182033ee447dbe9a0dbd35efb671d87702e40c1fd04eef7e47c9a9ce1,LEGITIMATE,test,4513
4769,6aabd103276b22c2208f3a1f2d5073ec48e0ffecb1d5ee23f8cc1eaf75a17b70,LEGITIMATE,test,4514
4770,d4bcd56eca3cf9b496a365e2094df613ca6457f4b324c20b4c5b885b58320704,LEGITIMATE,train,4515
4771,a20ab89e71aedae44a6c88ffe110fee78f3e58c67f559eb2985ed385bfa9d555,SCAM,train,3037
4772,ad5669cc41ce2127f3e9aabd1033138ba4cfce077fc3dc30d144b308380f259f,LEGITIMATE,validation,4516
4773,0f8c5d02faaf40be16991abd7984573507b5eed3211391d84eb77ff4f612d788,LEGITIMATE,train,4517
4774,fc48e3b98143b93276da545ad9287e23420a71d9b92715e47b5abc0476559018,LEGITIMATE,test,4518
4775,7a609281f9c66beb7a904d606c97e23258cc329f9c4b29c17fe1ff8f32e13e7a,SPAM,validation,4519
4776,73be361d2ad2cf3cf1459bbd2aab467aae547407f85b6d534367bef0c270a36c,LEGITIMATE,train,4520
4777,4162f6c23c5023c7460b169c44aaa51cc36708f6ea734850637428c344ab4eb9,SCAM,train,4521
4778,ac4e649a5b0c792c57b08737b058043b5b6545aba75784c21c49512756235c19,LEGITIMATE,test,4522
4779,babf2aa7288a040585b77079dc6221d9df0f1ed31d5cbc813d53584e575c63a4,LEGITIMATE,validation,4523
4780,22253ce0ae44cb5412816b74600915498a5cc17e9ad98039d9d17eeffd131a5f,LEGITIMATE,test,4524
4783,4ecd4dde5dd08457e87ee9f76c5d8f24c760bb11b7b1c5ad88300b9d0ca186e2,LEGITIMATE,train,4525
4784,40bee292bdf96b0f1d45bcd08b7522f68c0d0f4518db7ff59c6720eae76a8f0a,LEGITIMATE,test,4526
4785,19c75be2bf7f8f6ea04cc5943208dc7df87156ddae52b9fbef70e9669f87aaa8,LEGITIMATE,train,4527
4786,301b42c4dd540afbda5569cdc889daf86ef11859cf559f2c3c0b79bb9215b941,LEGITIMATE,train,4528
4787,3c89f53f0f5664d39d2627229d418a4e0ff7995a0df65f777cfa56b3db450cc9,LEGITIMATE,train,4529
4788,56d325a8cc3eda4d8ffddeb9479a7da2da96a99e1103f3de24d960800dfadb7a,LEGITIMATE,train,4530
4789,47308cbfac24be231f77585439dc0624fbbf313145a1bf0feb86f595abc4910a,SPAM,test,4531
4791,605d3c06faa17f1fd5449ba10c5c0d5bdd0ed86b9b6d5cb78184fbae27d003ab,LEGITIMATE,validation,4532
4792,48fc00a934e52ac45eab45053995aa553c79c9460586f9e68f1d2c5a738f7743,SPAM,test,4533
4793,0304572a23fe76de0944dadfecaa9cab13e23cbd5740d006699173330a41aecb,LEGITIMATE,train,4534
4794,0183c2a122bbb0cbba41c60c08bf54518d562489cd68a75a6cc0f345e376ff1a,SCAM,test,4535
4795,3f529111a5bc70fb64120c844e4f3a1f53b7efba98e1c96c8f5ca7bbe863767f,LEGITIMATE,train,4536
4796,a6f8fd0bc56d873b3478362227c959b2ddd7fb81d9c7d83c7769276486e22c6d,LEGITIMATE,test,4537
4797,8d9789af028efa4ee707b12c5c79533b4ace94298b7ce751e8aee06653a63bb4,SPAM,test,4538
4798,7c4bf6295bc3b7e1265510bb67d6bae51c60ccdbd2079608f31efa31249a1c50,SCAM,train,1391
4799,4e97aebc38a16c01801da34ee61d1f9ef2ea11d471eb025561edf387ba313e52,LEGITIMATE,train,2458
4800,bcd49f79cb469b95ce1001b6f291a793ed52639dca4fd9384efb5ce0f6bfdb1b,LEGITIMATE,train,4539
4801,02a214acc70ee1f782d4a6ac029b49fd07de0adf74397c44e878ed1514b2b145,LEGITIMATE,train,4540
4802,8746599ad6034ea841419d261ffa1c2bd9d147f2194d5194aebc37aed954cf06,SCAM,validation,4541
4803,875bb59ce10cef6ca83adc63623176ff1fc0c358330cbb6c89c56b6cf35da754,LEGITIMATE,validation,4542
4804,9ab41f6fae160177164d661c153a114b1f2d951eb347b42673aa653108388689,LEGITIMATE,validation,4543
4805,576a20eea4579bed591ccf562e76a8527bc0035833cf9ff8c2b9f54fe0844262,LEGITIMATE,validation,4544
4806,cd985f53152a89169ff8b69e986a16578e377d8d810f140824d810f656b5c028,SPAM,train,4545
4807,89bdad5470a413c73202a87f8c6576f29619e19cd230f389a67a513b57305425,SPAM,validation,4546
4808,0870a8b5a14bfa7b9e2e27ef02e0a8e918750751c23642fd45740e361aa7f717,LEGITIMATE,validation,4547
4809,88a93440c29c82a5adc575d6d4fd06f2966667f93566480284d2166adee81328,SCAM,train,1369
4810,7c4f2b39b91edcef1914ef2bfb63b9f47fc4d28ff987c5b1cf6271cb0980ad7c,LEGITIMATE,train,4548
4811,0a8563d73aa274eced6c74b8e888fffbbae9a9e556e5c491074a058962f68019,LEGITIMATE,train,4549
4812,f3f81c034cd570c87249cb78ef76fecaa5cc73ad2a6b5e1c501d84fd46de1b1d,LEGITIMATE,validation,4550
4813,9d42784aaee23d12c47747d290ac6351090e4ad9478b0604e48321f8350e8451,LEGITIMATE,validation,4551
4814,b6478e6bc9275eb34795096a0f2ae0b2c93575e4cb8cf213cb6963cd89cec5d0,LEGITIMATE,validation,4552
4815,2d3de1236957b8449d864f16ba0acc7521fe19266f669f53a86de911149f6034,LEGITIMATE,test,4553
4816,2eee0dbe389c12f38da065f3f42a593755529b517d141aba1263bf773cc514df,LEGITIMATE,train,4554
4817,97e51060608710c462d2e864c541a9859033df23b54d87ee13aa3de7661cb2e3,LEGITIMATE,train,4555
4818,9c839b28c42788d9d7010fe2d537068444cf7bd45b1139218d35089836102b72,LEGITIMATE,train,4556
4819,9863e95c632a2727da4e7516fb263baa50c2d4a97ef9a3e12537eaa90d0fe820,LEGITIMATE,test,4557
4820,0210e53a46ba4305fcb492261417af5096a2af7f044377e5e4795e1bff1950da,LEGITIMATE,train,4558
4821,50fe9b5c9be1080043e58979f5ac45de8669c7bca088f2baab93582331458f32,LEGITIMATE,train,4559
4822,179af86de12ef1809ffe4e0e8c06ded1b0eff8f42f34c0cbfede6ad6231318ef,LEGITIMATE,train,4560
4823,a563d61ad15453b44c99fde15c8c6c65a4ace6722cb2607f3835b4e7e5f29a9d,LEGITIMATE,train,4561
4824,7f58db9fd16d5dafeadcfbdfa7f1297df866c280110629986cc600c941316187,LEGITIMATE,validation,4562
4825,54e39b6e8c6034cdd792c7b62dafb7eda05e544dc5714f3377a1ccb9fe5d9f8f,LEGITIMATE,train,4563
4826,ed72631dc7ddc4e48ef20167312a450a64d3691f7e744804ebed33e5808c3ecc,SCAM,validation,4564
4827,2ce34bfc2d03402b0a4f7daab576dc1e7311a1ab45acac5e9ea02c0238834c36,LEGITIMATE,test,4565
4828,8c29046fae996f3ee7478e6b8d05f2d1d501f5ea2195a084ec373e3806ae1fac,LEGITIMATE,validation,4566
4829,f8b0192d5e85a03e10f09dc4f8b0eadddb2c160463500a18a5cf761c6f667bbb,LEGITIMATE,train,4567
4830,aaf7e480dd458cf7ecc992460ee09f692a8411dc8b0180a5882be275ef3642ce,LEGITIMATE,train,4568
4831,b076029ff4cdfd8fa27f3baf280bf87f439ed34f620ecef251d15ce5de123b1d,LEGITIMATE,train,4569
4832,1f819b5ccde8321123a13a7f6b16736becfcd4f06fc02a8fae69026d58be6527,SCAM,train,4570
4833,05e7666be18cb06debf2876f27ecb7a9abf0f7e210bdab360a1cd169d57cc672,LEGITIMATE,validation,4571
4834,b3f3525155bb4e667a3ca261677b2875eeead15c4f71fbc1449dbd1f10863874,LEGITIMATE,train,4572
4835,39740e481ad001d1fc97df7bb1b9cbf86ee050b502b7f0fc90b86e7b7dde882b,LEGITIMATE,train,4573
4836,4c830071619c98fb30afbd2d0899d232271d028b8bb709af12468976295bcfbf,LEGITIMATE,train,4574
4837,0e8d809b87cc1d35268fda193ff538bcc06709f2e1067cfc0f9e6913b19a363d,LEGITIMATE,test,4575
4838,64febeb19128d0276aa69b1ac9b227a298f377a56992b6f09e79d0533f35d549,LEGITIMATE,train,4576
4839,e5e97143b630bd6ca9c2f909f83dfb8d27d09565c1d974f18445fd4b5acd1a9c,LEGITIMATE,train,4577
4840,688fb09bc5f4f1134b6551bec38b45d445fbcccb0300190b3451dc06decb1561,LEGITIMATE,validation,4578
4841,ca984187a54a350f4c1a4e6a63fca5572084463784395ac2fa195f56aaf0b2b1,LEGITIMATE,validation,4579
4842,0ef4ae4023c67f5fbd6da6d10cdeb2f75081feb8d10c25f90e2d6d1fc18489a8,LEGITIMATE,train,4580
4843,e0304fb34c924294019c6bf4e96cefdd87d5ca2c7ad644467f4c2e38d1c3e30e,LEGITIMATE,test,4581
4844,8302114a0b372cd138d1a949059ae76b6176e24bc636842edd0bc9d45485a3d2,LEGITIMATE,validation,4582
4845,91086d3c0b6a3706a3722f4ce56408fb5008ded97791b0d99518a40654acc5ca,SCAM,train,38
4846,05b55f6266005101b1238c8f0e0b583fc22cf5aecac9fab9b4d171b26677da99,LEGITIMATE,validation,4583
4847,299bcb76294d1510b3cdf3465684292924e1b294cbc58c57455dd04db1f766fb,LEGITIMATE,validation,4584
4848,adb04b2dbbfc6cfae84d762ade20b160264883cef6354ccc67e50cba12400627,SCAM,train,4585
4849,220d1055fda149259c346648f46b5bae535a3852fa53a7bb5679211da19e5087,LEGITIMATE,test,4586
4850,9bdfe964b9e93cf3ca2ad7410ee4e457368300e858adc5efd95b2c2e06331e75,LEGITIMATE,train,4587
4851,6729ebf2fc2a85401cd91540799a3fc9e00bfddc7e68d8a5870c4708cd9c82e6,LEGITIMATE,train,4588
4853,6f81bc30827cef9a10af59ee875c97fbbc3a2b44f15f0e7b3d067fa2d2af7ad4,LEGITIMATE,train,4589
4854,ce1691588008be4364f5f2dab430aa8966276ee167adc0a47fb5dfc0579b6c32,LEGITIMATE,train,4590
4855,bd0b883dad6151df23b49ecfd9026d6bbf09d54a4eff3912de086dda88cf3275,LEGITIMATE,train,4591
4856,4c6acf9e3f27553d224b4cdef1c4c3bb5e0267b6e2f2cf7522b4c76adb1e489a,LEGITIMATE,train,4592
4857,fb65670814ccea3867d4d70a43ca3d66b93f73015387cfdec4972a068db19fb7,LEGITIMATE,train,4593
4858,0084b809ddf6278a72f13da781962d400286da8e486e41bd7a5c47314b0ee74c,LEGITIMATE,train,4594
4859,bb8688cbbc00f83acce6b2156df3925463858b358578842f8ad026b1433ec6aa,LEGITIMATE,test,4595
4860,fe208d983c54542cc231d8f9f2253d20e3268e1284ca66c71c74a4be8c71d97f,LEGITIMATE,test,4596
4861,7d374d1701173f0be85b4b386b294b6e9d50f80443b3a9464b8ec3b5c77c0957,SPAM,validation,4597
4862,7c307707a71096f37d12b35654980d6b889080bbe7603c362bed6e297f7dc594,LEGITIMATE,test,4598
4863,9cc808983e366087c903ae0617b910e16cc11f0e08b3b51c61f868d696732922,SPAM,train,3356
4864,8dbd6efa0c8c4f450bb7528ca821e9f5c3b83bae25c5c0d7b70108f8b2c0e381,LEGITIMATE,train,4599
4865,55566be910b0304101820be19163563d45b25b499b27dbf4178ebec9ec9ded75,LEGITIMATE,train,4600
4866,369ce6233f39f9152ed87111fbdd1deab3b54d74fab90c93668613030f658a7e,SCAM,test,4601
4867,32b5d7eaaf45923dc0279f26a03a3a19770e9099dfc9a6aa975f3cb760cb57b3,LEGITIMATE,train,4602
4868,4500edcf5fdc8d36b405ac457b2eaabdb85d598be45f5ea5518d5a2ccd744a79,LEGITIMATE,test,4603
4869,b1836f62c2ed773f2ab04663d6c64a6e2daf4b85fc7dfdf1d715ad564b057a3a,LEGITIMATE,train,4604
4870,0f46d1f9969a70a0fe072f5cc8e042bfd2c1b75414ce2fdb6ed5be3ab9f343f8,LEGITIMATE,test,4605
4871,146026052ede5c72faa6c8c672d6ccb455645fe171694e4605304f9e2e268e2d,LEGITIMATE,validation,4606
4872,855bc255bfc09c21c56472809849db8a0ec0c4c1bdcaf1ca1c1ff0c98855ed90,LEGITIMATE,train,4607
4873,f2f0deb38af526be145cab4bb73b741aa800398f6e73c5ed0aa3d94f79f5d6f1,LEGITIMATE,test,4608
4874,dc699325c1ab76c91034f5f66081ad27000735ef93157076e1b91f5f8256fadd,LEGITIMATE,train,4609
4875,8a8313798c8b15432f89c098f763d152435ff26d0f41406bd6e81b6ed7fd595e,LEGITIMATE,validation,4610
4876,ab1df05df6d55ca52055ba0a48b18efe93083b5d21bdfea1637285381c1d53ca,LEGITIMATE,train,4611
4877,3436c2ed7b678fdecfa4501343f3cb476ced104b5cf5391c674f22f1d9aefd7f,LEGITIMATE,train,4612
4878,e4a07219670a129e82ffe47a254c205a449d81b9018909b38968a3dd91028262,LEGITIMATE,train,4613
4879,a761c7fd5b43d2bc665a2af409ba46e8ed203e41f65209da62999eb1b726ae39,LEGITIMATE,train,4614
4880,657f77af551c858a9870ea1c3302a0195a6d95dff0bdf801bc9da6471338e536,LEGITIMATE,validation,4615
4881,3b8517427afac1c8fd7a7408bd0bb2a13521f73932debf41b3a560620b5abe30,LEGITIMATE,train,4616
4882,799e15e528c6508059e69b49b26a0f9a3eae5cc5e74355015263eea21e717de1,LEGITIMATE,test,4617
4883,ccda9c4c8333f274a36b38b85858626b331002f2daae426ee0a859b013c40402,SCAM,validation,4618
4884,6c18bce66686f8e1017ace6c6604c9d379a914de026849745e4bf5d2cacd9661,LEGITIMATE,train,4619
4886,5176769d03877014dbf7d6abc55bedb7cfc88b4572270fb34db6e26991d6da63,LEGITIMATE,train,4620
4887,a76bb15288bfcde1085dcf49a6e9c54bc666120544b12e167e89d834ac5641c7,LEGITIMATE,train,4621
4888,d354423f08f7fde84a26e3c4b91089089862729a5b6de4d261eaee7bab943fa9,LEGITIMATE,train,4622
4889,6ca00c483f7b4b2a8636250231ddfebaabba705f6c90086a7a89534e927e042e,LEGITIMATE,test,4623
4890,355de34f5faf424997e7164c1d7f47d1a6ef8eb9bc52456df47fa6d2289148dc,LEGITIMATE,train,4624
4891,503d88d83a08dcb96fc5ac041f89f8c1709d6cdfb85d288dbd017cec62e8ff88,LEGITIMATE,train,4625
4892,47fce14a856db846395899ce8711fe3cea760457feb61b68824b6431601a26ba,LEGITIMATE,train,4626
4893,c29641aa47bd14c284038eae5c706529bc4eeb2b1560198dd1b40464c9f811f7,LEGITIMATE,train,4627
4894,6186f5074cfe787f2c411b5bd2d6677d98e31e925735748cf9160718d44cb861,SCAM,train,4628
4895,d9af23593feaaef8ae0f42674a8539c0abca84d7ef7dc9fc01f3a7cb914d0733,LEGITIMATE,train,4629
4896,7a33fac866ea99937d37b70434091d2884c98ecaac2ebd9ad009e19fd206649d,LEGITIMATE,train,4630
4897,1baea3b2614d1d6e7630f5351a03673bdf1a10fa7fb8478a5e514bac95320bef,LEGITIMATE,validation,4631
4898,3aacb94174a02584141469e133ec8a28a41f277a87e82df57c282b0c92b22de1,LEGITIMATE,test,4632
4899,82488730aa6d817106cfad094626126d76a8da36d56170b17408be2e1ec91440,LEGITIMATE,train,4633
4900,6bf4a51c66597cfbec6c115fe971f51b771393ff98b0df9d9a954accc4938269,LEGITIMATE,train,4634
4901,6b09157b08cb1d0bcfdf64b827466bcbb45e499ab49d29a6ed61c83ff4709425,LEGITIMATE,train,4635
4902,2c7f4e61a0ce39f9c2d5179041ccf65a7ebe2bee6af1581ffb4b156fc0680249,SCAM,validation,4636
4903,341422a02d341cac1874b3c7f957572d4ad929dff9d97a12b6e8743706f4df2c,LEGITIMATE,train,4637
4904,b21803bf9feb87ecefa7d830d74adc58b3f1ec027e940d18085a7e455cc328c8,LEGITIMATE,validation,4638
4905,59d82619217c7d7c6966883f9b7d05aceadf294c3b433e06e579c30161e3c58c,LEGITIMATE,test,4639
4906,667a08cbc64d891fe78fe778d18b6d5c35c2c0e307c560d7e7c7fd00044e4d34,LEGITIMATE,test,4640
4907,f40a91c9f27711bab4bdc1001e667a0ada5695a0eee5b83691c8405994c9c18a,LEGITIMATE,train,4641
4908,9b7b3ffe8232860112e75a245ee17de4d6740037ebe93a4f3c503bbd00213cee,LEGITIMATE,train,4642
4909,4affdda96f9462b0631c35e11e3429f94fd3f61297bcc4f001657c27aee91e70,LEGITIMATE,train,4643
4910,579b4be3f5077398feef4e3a793e386fcf9f6e9ed7608f04bb472358ce7949d7,LEGITIMATE,train,4644
4911,1c019ce041905d1b976a5ec165d226e57ab6e62cc0e805b1e7c5854481a87199,LEGITIMATE,validation,4645
4913,a6ffb72576a4b72a503934cca17dd59bd140c1402fb8a55cfc8b19c4e2fd859c,LEGITIMATE,train,4646
4914,dba0d6ec4e1199353fa3a21d7a000468d0a642142755d38c136508474774aa1d,LEGITIMATE,train,4647
4915,06a9a51f9d708b17dafec086ece487163ce3ca58e3f367215712bba1072dd884,LEGITIMATE,validation,4648
4916,077c6efcbfcfdd0129df8455735b1436851ded187eee3779e5066f9ed823ad4f,SPAM,train,4649
4917,00e608315eab229146f61ee62eba09c3f21574afc8f2776a3c47b85a503dc71f,LEGITIMATE,train,1950
4918,3cf4483bebbb0045b9f846c3c1c9c6694d1bc50f551aa40c558dbd495924e1fb,LEGITIMATE,test,4650
4919,4a879e6c544783eb341731ab7c665e811bbe6af8f6e1b4212f96a75dfba67764,LEGITIMATE,train,4651
4920,281b392a06038153d4b04ba321a60c901ad83ea4d9621648c7e1276c4214b584,LEGITIMATE,train,4652
4921,04a2cd79deada6f5d25f734236cf7f5b93127c6358be1b8fbed38e618e2d9a2c,LEGITIMATE,validation,4653
4922,be1a9b3b1ac698b8f15d4036e3a3e21735b7ad73de45be0be1625bcfdf57bafb,LEGITIMATE,test,4654
4923,fe4eaf44ef991e93a0c0221542c3f4fa0f28364edf5062d522ebcbfb9156624c,LEGITIMATE,train,4655
4924,647dc59fc414ab541692494f4771967924569a122885e3f6ea91399696dfb97b,LEGITIMATE,train,4656
4925,6f8f53dd72fcceba46d12cd49e61af7dc9485b123571d223e9af56a8a7844c43,LEGITIMATE,validation,4657
4926,42032721e96c263dce44fc4f994ca300929c2714700d6880a8454252dbee1854,LEGITIMATE,train,4658
4927,e2bcfccf4ec59fb1f52c420bb7b8714675f749e9b3479ad6ce3cff423db17bd5,LEGITIMATE,validation,4659
4928,c9fd25d2147a000385641879cb7b82ce72c33795339224b0a5480a6b44849ba8,LEGITIMATE,test,4660
4930,ed404d8414aa5be9b5eb2ff453d9e6d03227a68cceaf8d02d7d9d2a679b30a16,LEGITIMATE,train,4661
4931,e89cafaec06996a41e02035f9c4752fce80dec82699d37251ef3c3467eb09637,LEGITIMATE,train,4662
4932,01028a9212508efd40999cb8219e9459b157a75a56baf8ca850d2e508d2790e9,LEGITIMATE,test,4663
4933,c6f72c02cd5fc8c4101fba6a83fa885df6dc8786fa184113d4a704800077506a,SPAM,train,4664
4935,6b8594d1c73d564b617ab1ba74cd78b052ec9e1966d375e00e0132eadf1b24e9,LEGITIMATE,train,4665
4936,7e3d0cfb9f024b4284d216252697756120a387e2e70303248b32ecd407411b40,LEGITIMATE,train,4666
4938,20125cc3b218d37abb14007aad84457b5ec1dc0f113a9895abf2acdd29a3cdec,LEGITIMATE,train,4667
4939,358b53085ae2f8845991f150972c7b08a5e1a1fb88c1ebed77ffa8aff7278c35,LEGITIMATE,test,4668
4940,4cf3561fd2310c8574a75f9086f4a84edc85657afd4d7a9a4e40831cd953c0c2,SCAM,train,4669
4941,ca61ec978a5c51f9b52758bd6865c45d3a0d4e47242f055e3c9096c84b277180,LEGITIMATE,validation,4670
4942,91428797f6fbdcddae76dfca005f76da893ca503226c2db9b2e03a7a7759cfca,LEGITIMATE,train,4671
4943,d1b01fc049e49622f5385c28957ea7a13438287b3080ac6431fd6cd648adc673,LEGITIMATE,train,4672
4944,292e3a69079d04f201c7dba95d2441bfcb75d9bdae82b8e374323929d0d0a812,SPAM,train,4673
4945,64a7a51d776d700eed617c30d1f63da923f933e38dafa3a355489dfbc17acdf4,LEGITIMATE,train,4674
4946,e618f76299b8794c6aa0ff3c10b5934dbbbce41c8b0d41f4348765e0da3954db,LEGITIMATE,train,4675
4947,3e4ce292f4b0f9535c83269fb5a7b676daf9cfe92c4616fe29d90d82ccba7c2f,LEGITIMATE,test,4676
4948,94381fb01a50a7e2277bc9859d9bb65f343e67a4e0add1aed3eb25e46814dcfa,LEGITIMATE,train,4677
4949,18bd234b0b0a24d279b4b192db9388c5e7fe36a278e55035f7d286ec112dd33d,LEGITIMATE,train,4678
4950,3d1d5d6d104bc1338de4d5dbbfb409f84d80199aa65e0ae4c9e65f10f5a03d75,LEGITIMATE,train,4679
4951,bd26c0dd9bad8fdd58a598f6ceb46ec43bbc54ee5dea7bd6abde07832ae0bf2d,LEGITIMATE,train,4680
4952,a65e29a2d402fc4f167e12d2fedefb9197a3d21120827807e1fc3785d8baa8e6,LEGITIMATE,train,4681
4953,020936731f6ee552744c4f85740f1daedce00f8fd411a74cc2ef46dd772f8499,LEGITIMATE,train,4682
4954,6fcfacd6017429330d0730f1db502ac9c40f6425c65948c8b14e0fbb0934b5d2,LEGITIMATE,train,4683
4955,8fcf28dc89c380f670d7345e50a97eafbe200310cea7a7ae85a060a9adafddbc,LEGITIMATE,validation,4684
4956,ce829ae891e2ead8dc746deec20ec281d2b573f273107c7ff554ed6cf8322e99,LEGITIMATE,test,4685
4957,9fd5ca8578c7229bf6a1b2a7fd1a380657f47040f9d3167373f367468d75411a,LEGITIMATE,test,4686
4958,975932d762ec03385b7a35db7c5ad3290da89a9ca23ec8e4b2e35b1d70182e69,SPAM,train,2251
4959,dc3f11fd87e89b69b9eb1a271f3c20ef9a5b17e49a732fb6c6bb6e194e69ef16,LEGITIMATE,train,4687
4960,bbba307c269e70f80f10ccb268674d53ea454c8716e2b997b7af798b91bf5377,LEGITIMATE,validation,4688
4961,c2e228a124cd1270c2ff8251ca4f5383d63c252b530c15990d2ac6f658766bef,LEGITIMATE,validation,4689
4962,bdd0031210d9cbb3daad45cebcdfde9de646675516d854fe62da65239c8839a1,LEGITIMATE,validation,4690
4963,6faa6319f0168ec3b5b0646ecbfa7b47a1248cbb6850b899af4fa3c250c590aa,LEGITIMATE,train,4691
4964,7179c738b612921ed022fcaef18903c59f5913b8c9beb016de7b7a903da36cb2,LEGITIMATE,train,4692
4965,880447f67a0d29731fdf697a79ab58c062389886f2cd5acc189b2d8c674904fd,LEGITIMATE,train,4693
4966,780c55bb7c736650f4d1fb9978a07bca16effccda29f636d4ba8c0ee799c54a4,LEGITIMATE,validation,4694
4967,0b4be2c27fbb0a450639e00029c3ace603abbb4b0a16c8c982e37a05f39e419a,SCAM,test,4695
4968,0df1dedd14e683ee82b3db3fa57ddde016e2e4431609c562fb23bdb11c4a3c62,LEGITIMATE,test,4696
4969,7fae1745fab700954d8dbac6b288d8bf36c0e258048b8578684b419b5604e21e,LEGITIMATE,train,4697
4970,4917198fd4db1315197138fdd6e42435e486360ebaed5323accabdaa4553eda0,LEGITIMATE,train,4698
4971,0f7a93395e5e8936f9184c0034faf6e2f892c0c36a0337d3505b21bdac8dee40,LEGITIMATE,test,4699
4972,af282261d64ac350d491be98afccb754454ec907e283351b18b83c275ad05350,SPAM,train,4700
4973,468af1755b9d2da24bc14105436f1b9ac4d3e5268a8a74a0e177cea43c6e833b,SCAM,train,4701
4974,7f959795e30aab5347cd1b5d5e363bbed74388c3826a70d3114aeab77414ac6c,LEGITIMATE,validation,4702
4975,2b853f834d74de507a5073d73d1030e25720581b12905ac1153973ba13475bd8,SCAM,train,4703
4976,7f943addcf625c66f846fa9d88a9e4c5ac0c1109bb9726622f14441e2be6a3c5,LEGITIMATE,test,4704
4977,703155f49867784380d2ef47b1ba34e4bdbbdf69574e4cdaf769031db9dc2565,LEGITIMATE,train,4705
4978,dbb7adc1eefb9c9d1774df4812c8f7dda098e8a5379d397595b6c1f36457db5d,SCAM,train,4706
4979,83b180a91a7dc3e92af7cca14ad1e71f61cfb5f153d73af07a620a2919c645ae,LEGITIMATE,test,4707
4980,735efb8ab1516df296bdecf0bfcbd44afc6ee14ff972fac8a5175ef5c21da911,LEGITIMATE,train,4708
4981,35f989723b2041072b138208ca236cf768b19676e7c8de83a451ac3761c912d8,LEGITIMATE,train,4709
4982,2ded1bb844570fe6c1783f6f6196cdb291edf2c2f350060d0bc45c54653bd480,LEGITIMATE,test,4710
4983,f6200897553fb410418eea55f10cf060d61d1e685387e4b3baba75312e168279,LEGITIMATE,validation,4711
4984,c31da20a3966d4b0d6933cee6d35e714039264edd04bf26d46b5a4ec0f09aed0,LEGITIMATE,train,4712
4985,c39391b517eb4650d64b9a598e6d9f20cd4d40f79c3bf32d8587ba60d55b5b4b,LEGITIMATE,train,4713
4986,779dd32b3d6f393c60968b70fcd15929d0027bad6a4622e37a0430534e16d152,LEGITIMATE,train,4714
4987,fab6d8fb8c31dbaf980cdbbb43eac17a2a9e0f93f3dbd1866a4254e7172b4f44,LEGITIMATE,train,2293
4988,4f57d8f5c39b988023d8d776908523bcb5853ce8f00c34636d5914b1d8b4eb35,LEGITIMATE,test,4715
4989,d2b2335851ddd56ab4fc7f9e3f87dba1d1d9d9563a8cbfa97665bd0bc83a1a38,SCAM,train,4716
4990,d9978944639f4f05c8b862875ff1af77991eae9d74c158cc38cdfe0a9467d922,LEGITIMATE,train,4717
4991,edad9da3b6e948b278532b29621efbf7dc217e23309e9b9d5b61a58e4094c908,LEGITIMATE,train,4718
4992,7455278f0631e16b373683e84598dc41ee53348fe2b414cc75b73d926fd4a4af,LEGITIMATE,test,4719
4993,e77e24bd26b424e618a0d583e6fe552ca65db31c1d43b51475cd0eaa7ca0ff1a,LEGITIMATE,train,4720
4994,c9917f2b683b06a5f49bcbe6b6c5cedef5ff02d0f4a56a6913e7343b1a29f255,LEGITIMATE,train,4721
4995,08045f6abb0aef88e18edf9b74daa0abd8aec696b60a3b3c3d7bb4ff65e8ecba,SCAM,train,4722
4996,f7e00ef8bf759274c2898eda1b4ea36b6937e4f77f4deb3ac8c0ed64ac1d65db,LEGITIMATE,test,4723
4997,bf8539676847e94ad41f9f218fadd76a18ea8ccfdfd80b3c82e2dc072438b9a0,LEGITIMATE,test,4724
4998,5b5524554ddf3b8e1ae85fe03026a432f5a469ad59a1bff42b99e7630de1b4c9,LEGITIMATE,train,4725
4999,8b412d5bebe9b38ce0e2ca24d803f320eb7e36711cfc977481ab3dd149e2458d,SCAM,validation,4726
5000,7d97ddc020ea9f5178ed33fe08884bc2480314f9f4e6f0fc92f697800e3f6044,LEGITIMATE,train,4727
5001,235d2ff4c7b8447d222bc23d47412d9c7f1710785927e0d0e685d079d2a6abde,LEGITIMATE,train,4728
5002,c07fe2ba07fd0925a4d9a94c4abb1ba77a33bd5056ef1f7e3b495105c58b883a,LEGITIMATE,train,4729
5003,51a986e0ed7ddbc524dd5a6d645670be28a2e069539892bc7e2419c86a222453,LEGITIMATE,train,4730
5004,a011805bef5765b1e9fd6ab083c823a31c6d2919b873269a52c55957a9295f7f,LEGITIMATE,test,1132
5005,f1d146b8b8575aec333826a4c9ea549b5479fc7313d754f51caeabcb25fc0d0e,LEGITIMATE,train,4731
5006,759fb55f0c45a522356f8f97b6d7d7952e54f97c88827b64af6affd0cd7d0da0,LEGITIMATE,train,4732
5007,0cae81b569a35412fd14d37b34c776c3a285c83de55da54a3f036a89422ca030,SPAM,test,4733
5008,8748c22e3738e5d191e84a47e594bebd85760cb52461ec88e9f0f4912eed6991,LEGITIMATE,test,4734
5009,2bd623dedbb1f5ca9620c5aeafdb7e6bad9f984aaae3f371a182c8b60438765b,LEGITIMATE,train,4735
5010,f1464ae693ce24e4039c6e309eb8ddd6d7c89a125a0211d567207c1af2cad353,LEGITIMATE,test,4736
5011,63524006d16d3f5c784c9c0aea828d56ad8b326f18624a09c1c65d646a98d706,LEGITIMATE,train,4737
5012,698d1f585e99584e84e70a83a9994df6fbb4b90a26a8b241e874a42522545c83,LEGITIMATE,train,4738
5013,44ce969db2d29e1dcf20a8d253a1a522eb24df39e398865159d97520eaabb7a5,LEGITIMATE,train,4739
5014,23a2fd2a23abe63d1cbeff9963fbd1353e9fdbc1b22e0bf712a9c9ae58eb89e4,LEGITIMATE,train,4740
5015,61d009725314479987550654989d5e35822a9d1d782eee385bbd1a5504b2b3d8,LEGITIMATE,train,4741
5016,bea3cafd0bd93d27ef2a48b901e65a31410b6646e50346aa211658a6813d7d89,LEGITIMATE,validation,4742
5017,3a667888a51f98fabd90b393e1b4466a418d759f05110f39c61c0dd7186f91a3,LEGITIMATE,train,4743
5018,371af9ef45911e8991005135f3df8c1518a02de38cf0521ecbb0d1e84ffe1dbb,SCAM,validation,564
5019,6c959ff81aa3383868fed711fe22835390a92afb47ad0fead8ee74c8f93db053,LEGITIMATE,validation,4744
5020,e251a3ade639e1f0adb338560f8c482e6d605eaaad0ef2062688fd641d385579,LEGITIMATE,validation,4745
5021,01d027e8b4a0da40cc73e13da9877c3b34fc528312eda0091ab9c26044d59940,LEGITIMATE,train,4746
5022,f0c269f88ad5ad67db59a5293f2b2dd608dbbeab1095cb928201c8b00304dc4d,LEGITIMATE,train,4747
5023,b492faef30965f8cd9c5600d7f5163068211a957fbd61feca4914f3348c85416,SPAM,validation,4748
5024,eab5d3d7d57608e372108a7473233aea2b5a9fb3f3e8955359088ffc09a3b5ac,LEGITIMATE,train,4749
5025,30e3597d652bb6a4cdf46720b2647d3dab5543ead0a795c92a90708e5f9f1515,SPAM,train,3420
5026,089aba8c3a500e2a6ee71f2eae45e739e0489f4108c272b84128e6848428e7ec,LEGITIMATE,train,4750
5027,a276e54b2360d8ca1a659804fe1b290d62a5a59da962495e45a4dba615616797,LEGITIMATE,train,4751
5028,6d99eefee8c5572f3986cf1d414d960416d7ba17c1ddcc43403b8c2b3d2d703c,SPAM,train,4752
5029,9aab3963b7564942d4b279007b6d1076b986647cb970691fe7f7ee0febad40c9,LEGITIMATE,train,4753
5030,7ad4d13ce88680b37b807f8bc1ed6dbb3718ff3e14846e81943948ac89544b28,LEGITIMATE,validation,4754
5031,f3e733f4288115517eaa3869495820ea7e5b8f6204b4c8584464ea5df314d4fe,LEGITIMATE,train,4755
5032,90c7c7091e9f00b32f0eb3eccc6ac3daa0f44e4eae943692b9fbff4ed760dd3d,LEGITIMATE,train,4756
5033,52a2382685871616d4005295d4d51c8cf2fb407292b8d837eeeec24a97e20571,LEGITIMATE,train,4757
5034,18c936112335033246d83958bdbb935d285195bdaffbb1c464c9b938386912ce,SCAM,train,4758
5035,c949a39661e5bc811e6012c19e5fd397d8843555fb7f020a3e522d6c9ee657e9,SCAM,train,4759
5036,c61b9ef8559c731a8b56b776bc39fe20595907b32d42de7971ac5d1485c445b0,LEGITIMATE,train,4760
5037,29ea102ecb1dc9ab4e9ae0f86eae9eea4e43a9362eff59f5d172b70434b64840,LEGITIMATE,train,4761
5038,4474cc9b592e67f8afdbe79241f52dd88aa75ab3ccdfae7353c0c8b0ba26e814,LEGITIMATE,train,4762
5039,20ad8f69e828b07ce70d6b382bb1c9d80a2c00da5d81d92005395b683fb045fc,LEGITIMATE,validation,4763
5040,6a286c88f59c42d04b44d75dc55147df27c9e00a913672760f7995f3097e4f69,LEGITIMATE,validation,4764
5041,8d545134693c8ca1c069fe7e8e5796d7a7efafc4357c4b860c506e3c34b48e26,LEGITIMATE,validation,4765
5042,2a19d37b89f69a992d9378c2022fe67000abffe4873cc216fab5439737836419,LEGITIMATE,train,4766
5043,3d2768e1aa0c18bab36a71119eef0e21f242836d3334a2c57abd10f3bb1c57bc,LEGITIMATE,validation,4767
5044,9390f770b1d559b9cd781ddb1c0415142ecd8f62c6d47a9cf66be9f2c9e0f5ae,SCAM,test,4768
5045,1cf5ac07ce2652de77a796fd535cd382962a0c1dd6371930d1cc79604a5731dd,LEGITIMATE,train,421
5046,e73f9b31f235be114414b0a5875be8fae468f5a6aa88fc92ecc54cc44de17124,SPAM,test,4769
5047,5113602a52a0f3dc0f3efc797fddc1681edf31e674bafc3f91921ca4885c6cc7,LEGITIMATE,train,4770
5048,04c278ab34b8c7901038a3aca8c97fb3ebdeab23a653d43dfc19976a83d9af3e,LEGITIMATE,train,4771
5049,47316c8c04b5ee3bb6bba3c1f8e781d93916326594f1c2605311105a2f25a6cb,LEGITIMATE,train,4772
5050,f0d16a8ae924ba2c0f7652253c84d244faf2d21b414824c46aba19f7f1f1e2f1,LEGITIMATE,train,4773
5051,14a166488ffd90a35a59aa6483427fe344a94654b1f939c89a3fd38497839b77,LEGITIMATE,train,4774
5052,77da8a01791a656988540b9821283d2c80a99f93e80b4b8af91b401270d2b163,LEGITIMATE,train,4775
5053,749c9a33793ce24fe87d144e4f8b81f0bccd2f3c3777d8ded79f15bc8bd9b012,SPAM,test,4531
5054,ea90c1ab867404feec64b444408440dcb818e76149787c61f18d0bc056c4bfb5,LEGITIMATE,train,4776
5056,79628e232af87b646f030823c617b13462e16a5d45b86a88e8991396dc96c7da,SCAM,test,2712
5057,d26d439c14365638e2b857aa1aa90cb125a1eec2fdc502c8d724ec8f10b92a23,LEGITIMATE,train,4777
5058,919ba37ed9075826e58177591a9ccf7fa9716b088d82d747200ac1f09a71b3b0,LEGITIMATE,train,4778
5059,ba912b92511d1de59ccea2cad0f1310534262125bc2fd108ae4e0194efe33b77,SCAM,train,4779
5060,12a74fb3db03b1c00aaace20e255a6b96835e54c0d17b71180b9bb1e9e78c38f,LEGITIMATE,train,4780
5061,4fde5957666e3c8b4b80c45afd5ddf862baf8732a801ac3010e901c219252092,LEGITIMATE,train,4781
5062,dd6d2bdd8decf77e5c6a8d64b0552b0c60a9a16a0cde01d8302007e111e2dbfc,LEGITIMATE,validation,4782
5063,4de7c6b14abc386ccc596d6c8fe5b071a3ce378f4eca124935de8e6f14370580,LEGITIMATE,validation,4783
5064,4d77c1020282537d05d6c90a9e13fb1e305cc07422b58053cfe506f21dcea468,LEGITIMATE,validation,4784
5065,1bc3156ad75335ec03ef211f9614cdf660d08275b0c35796b0546ad2f93bc658,LEGITIMATE,train,4785
5066,0e165b507436c9a21ef8fb8781f0da198c8c35b90b5777124a968dcc6242dc35,SCAM,validation,4786
5067,1d0031b3096494bb8ef8a67e60b3febfa1beea804e60b08ed997e91fa1f691e1,LEGITIMATE,test,4787
5068,540a64cb9c0f49985be81303d89ad86c5c970896068e1c13a0e1006e8c5baa6c,SCAM,validation,1564
5069,66b6cdd909226d6d38fd358ec46176b489c9ae0bc499b30a99ce4086ec4c518b,SPAM,test,4788
5070,b05aee992aa29a83df94ae423327561a9549c57f95b0b3340579bfb6facfefaf,LEGITIMATE,validation,4789
5071,07bc44600c936db59a44864ea505bd6be09ab8246e4098853d5dfb5f6fffb50e,SCAM,train,4790
5072,bf479d02543bc9b6c2b5ab51d665cea17608829b1f0a368b910a4c90fa81cc67,LEGITIMATE,test,4791
5073,14c915b47de6c189a430d29bd7059156ae633907324f20b4636761994228005e,LEGITIMATE,validation,4792
5074,45704000d524443cc6a8d00a8aa6574c3faf27de03a969f1a07fdf07e952874e,LEGITIMATE,validation,4793
5075,121f3ab7ca5dd94b20444f2d83bf3e0dc84e8b468ec86e68371631f995f3bb92,SCAM,validation,4794
5076,703498d260b8fc1bd3017921c145b31e69c8f98720fe84d91397c92990ce01bb,LEGITIMATE,test,4795
5077,c4078c7a35528a4eeb3c3e43fc14c1b02341da8af2325e7dd887ed872213419c,LEGITIMATE,test,4796
5078,b2e0a4ba296468775ecfd730280cea27845f5780de39947569897b471f5885ca,SCAM,validation,2061
5079,8b24b928a4ff1ed91cd85b1a94e7de8adf2f73f28d237eefb31c146d83808dde,SPAM,test,4797
5080,bc2da2cf4573855e7e252459dc14f1e7e21ebe62ec01e7a5994d18ba22eedbb6,LEGITIMATE,test,4798
5081,41fc84b9e668a8d6d6ec25c0e0b46d1a28ef4bb8a068e5ca4c1bea34b250dc46,LEGITIMATE,validation,4799
5082,1ea2d1dc29314b0a1b7bd038cb6c0b5fe3f2f4b7d29d208f87392f726b65658a,LEGITIMATE,train,4800
5083,b30fe5f8e81e8ec5542bb41873c3e95bec5228f1775877c2b753f01bcb352107,LEGITIMATE,train,4801
5084,c783431e7a582903b14f7fbba5fb7b3cb1bb6401e5eb44cfd97124f8bf43f68b,LEGITIMATE,train,4802
5085,471d598390cecfdf2b3c952b476724ab006b4d9888a29ef1e939275b8bd36bd4,LEGITIMATE,test,4803
5086,65f6ad3e21d4d7dd7a590b101694501774bd7445bef0763931ebc86cf9ba9b29,LEGITIMATE,train,4804
5087,76e014dcca3bc68e81fcb86b8d8b0db3548083af7ce2bcc489b0fc01d7d2b2a4,LEGITIMATE,train,4805
5088,d801acd2467e71f68c0080fdbaa67fa3166579e38f3d5424bfd317dfec84e61e,SPAM,train,4806
5089,9e8d16560df5c762c6c3388146be9961f41378b81cf438199af01adcc494fa14,SCAM,test,4807
5090,b28aaab0d5c764a9a92e03cb33527828b37d84302fe0e424e159b4d991a05881,LEGITIMATE,validation,4808
5091,9bdbed6b133d960f50fd180e258da33589dca1dd666b30123bb832bd73ed19fc,LEGITIMATE,train,4809
5092,5318f8284b12c82f50254f1c334f32c3eabb848080f2005356930224d7f20490,LEGITIMATE,train,4810
5093,0fab4e83dadb69c7c5bda550c2f721699590a86f58703fdd7731c3f4ca551626,LEGITIMATE,validation,4811
5095,4983d6aabf221f2459bbb07e417bcd7a7a547b9f4f6e5bb4d719c4c352ceb203,LEGITIMATE,train,4812
5097,480c4da815f8d30c61a0fb8ebb894d972e018690c7c085634943608e5bb6f72b,LEGITIMATE,validation,4813
5098,4eb1411328ca4807ad422d743aa203d608c054cde5f83b68f21a8b842ced53de,LEGITIMATE,train,4814
5099,5a8714ce772fdb85891dc84322d85997625d7f32b948187fdfa35b67f034b311,LEGITIMATE,test,4815
5100,499888fcdda8344c6eb45d3b833a84efb3791b1b71fb86f5336d0f1c6904b6b4,LEGITIMATE,train,4816
5101,5ff11b4269752d6706ce7d1a3f4edecea2f69373655d52f7fc70d27e297786c9,LEGITIMATE,validation,281
5103,0f351a466372a76e30fdce4d108d9e1370243121b7aba3da490cf178cff04e2a,LEGITIMATE,validation,4817
5104,49e4b6bc113b659b28f1358ee697baa1515dd5c28ccc762e2f217833c461a529,LEGITIMATE,train,4818
5105,12a9d5342e5e6856a6902dd4204b91a14d268c044f1a67d978b1a7c059002888,LEGITIMATE,validation,4819
5106,c27ca0bd8dc8428b3d0dffa93363a60f4b832a889013e6fc06a8e81f8448ef1c,LEGITIMATE,train,4820
5107,500949cee8ec0f7307349375743233c51278133da6515f2655af9ac32830a844,SPAM,test,3328
5108,d14ac988992bdd2346c7db2491101d90f01d8a744215d1dec5912c0841fdc9df,LEGITIMATE,train,4821
5109,90b9ee6747344240862bb7fd9d0b29527094374d2a3d84b870a5e7124d993b5c,LEGITIMATE,train,4822
5110,457852fd146012000ecc523555ed2e98f5fc95551a9f6ccdb877d986eaf63f3f,LEGITIMATE,train,4823
5111,c39acd3c740eb5c3c9be5572dfed02d61db535bc8a41acc64dc2ef1b8e0a649f,LEGITIMATE,validation,4824
5112,8ef1200b5c50f60e092a53cd981253a66409ad5b80dd548199b96c3a2f84beb5,LEGITIMATE,validation,4825
5113,f76fba816d752041319f5f6df790aeb56edf690a982f5cea898b6969c230707e,LEGITIMATE,train,4826
5114,d9175bbc0392edff38342546ab8ef9035bff7fbcbd6d9ac55c269d52977cff91,LEGITIMATE,train,4827
5115,9443b3fac77a0925a7130e019e56606904e92b4900358b0b8b390c9de29e8985,LEGITIMATE,train,4828
5116,a219c0207b5c81dfa34ebb243ab97e5135b9976d27f8d448319c89dc4507da38,SCAM,train,4829
5117,8b04e0ace9e8e8f405ad95996c2cdce579715d711f11904f5199130fd321d7b5,LEGITIMATE,train,4830
5118,243a446bfcdbf26e6d3ac5cc21c3480e73fa97d4d15f8c8dddd592ae6f91edda,SCAM,train,1160
5119,1f485bcfb7089e600790391599a2e5e49f9e24f1b18017d5df90482845c94894,LEGITIMATE,train,4831
5120,b38f3e2fa00a6016e4bc52aee1a1504116f269900bda92fa0170ed823c2f759f,LEGITIMATE,train,4832
5121,1a5c5dfdec63f0bb1feee0ccb862140ab3729bbfaf6baa8a5c8e479b317b1a17,LEGITIMATE,train,4833
5122,c3cf31bbdd27ff21b376f87eb0b9f156ae59be9c88978d5117112bd97fdb5399,LEGITIMATE,test,4834
5123,21d0bd311988ecf55bd2c27ee44462fa2e728cd9f5af39f42002a3745ffcbdcc,LEGITIMATE,train,4835
5124,d1fc50429b609739db98dddbb666a52d51e6a0f35d691a997d78a354b53001e2,LEGITIMATE,test,4836
5125,8d9eda69dd48ced71f2e017b029111453db1f41057759c0cf0f33fb0dcfc10ce,LEGITIMATE,train,4837
5126,ee35ecd804598d800ded1b01f9394093b69f5189c526d13b9842ed06a32eb6ea,LEGITIMATE,train,4838
5127,70b651695d543839e5a0f49574c1800f009024337addca8d537a8e0a72d963d4,LEGITIMATE,test,4839
5128,a61934b088a87a0415fc97ba1ad060205650ce5343eed1d52432c5d5f20178e3,LEGITIMATE,train,4840
5129,73135b08b0dc5ab0d5eb67660549d5c22040341c2847ecd7ade08a6bb413c5f3,LEGITIMATE,validation,4841
5130,6859b5ed568b3cc2fd682c7c176589af74caf06defe8d836828faa78525bf318,LEGITIMATE,train,4842
5132,65d9129676c2e23063867a0091a9930de95c4f6d81b222a62950da412632c063,SPAM,train,4843
5133,9f0a9b9891f11055a602d08986d7f971da6f452d2e8eda863fc08753ea018084,LEGITIMATE,train,4844
5134,8e3df7283b7a2c71b7e008cc3bde5344ba23bec97cb611b70028cc798a38eae9,LEGITIMATE,train,4845
5135,b0d9a70f17e4969f9cc36dfb961d9e952d07f1d693393bd51a01c51028eab5ed,LEGITIMATE,train,4846
5136,f1fe79373d814bce3ae93b699abf44161e56d28bd1c3efdd7df0743caf348d07,LEGITIMATE,test,4847
5137,4592466fc847c98166e0c9a0d903468a2c5e7e74930300abacc68daf75960725,LEGITIMATE,train,4848
5138,2186631a02ab3a00629c309f2ca8dbe726eeac86d34348a640a85ec8cbe7e1c0,LEGITIMATE,train,4849
5139,cdb77f7a5df84f2796bb9899d4cfc44032b1a4d3078c5e7ffd56d1a21a277767,LEGITIMATE,train,4850
5140,4402ee29ae85065108a3cd1940ea303378e311acf78de48d2d5adce896a97147,SCAM,train,4851
5141,bd4204601979db7d181d85d40752b3176b57c5217e95b468a0c823b256d89206,LEGITIMATE,validation,4852
5142,62123382decbb75710da2ae571e07a8312cc8ecec3ddaca20fd7f9340f3d1d00,LEGITIMATE,train,4853
5143,8294e6e98002ed8c0b9cfe03b33ef1aa025e9b8a83d6d3038bea030de1a7bdc9,LEGITIMATE,train,4854
5144,81ce98e76e64c17820bc34a82053d2efd29bf5cf9663d65a07d9db5654987bbf,LEGITIMATE,train,4855
5146,d5cebb019065cb45e7700fbb8443bf80e410e552aedeb4e155539089d0a7890b,LEGITIMATE,train,4856
5147,e383aaa0927ca442a7a1d90e004948ffefcc804a2a91b1e43d490a95e7954198,LEGITIMATE,train,4857
5148,654f61b39813d2236566308e4e0aeaaaf1983155ebf9fd50e8b6a6225fbe1f43,LEGITIMATE,train,4858
5149,9c0953712f60eef9101ac8ab673447d31870cd3ab91db1fb492956c68236bf00,SPAM,test,4859
5150,0ca776f780ce32b6c7e9946cea0a08b02412dbe8f18c89fd4034d0bb9b31e37f,LEGITIMATE,train,4860
5151,c5a082fdef193019606e999e6193f556e3dc004cf5ea607373121b0af568e598,LEGITIMATE,test,4861
5152,b1a31fed4a625fcb3f6eb4648eab18478ef7f8132ee8d9338df0c35c0ccc80cc,LEGITIMATE,train,4862
5153,2a46783eed3eee0b907cf65670276651231f858fe68ed1818185b1f74a7dbd88,LEGITIMATE,train,4863
5154,07f1b06c577e3a0da72793c2fb2f73e75b578ed5ca75375b5c860a38fe9cba0c,LEGITIMATE,train,4864
5155,04d855d990ec3f2b928130ee55938897c1173803f50195ec39ffe5b687d4f2e4,LEGITIMATE,train,4865
5156,a189d1ebcdc9eb5c96e2d9da381f91f0133c612690b4ff7ca3f67aec03f67891,LEGITIMATE,train,4866
5157,8b8ae08c17fb9d96eed262c238b7ac4bf86c92e17900fd99e7bca7b6fc1dcb3d,LEGITIMATE,train,4867
5158,c25260946a1034fa400e65d66c1fa82f0f8c5bf54599da5510297c61fbda23da,LEGITIMATE,test,4868
5159,492789e39ce8c2e0a03b4372a0d8949a4ee0c246c2b100fa7b16c237f4c941f4,LEGITIMATE,validation,4869
5160,faac0aeb8d88f558050796bcd762b2a0e1d18a5be6794e35ddfd2de2b8efead2,SPAM,validation,1394
5161,187bde1d2e71c0f4997b00b2bdb0a558f9c890f0ec3ce227b948b6daf1a2fa90,LEGITIMATE,validation,4870
5162,432a2fc2d2081a7f837e073638c1947697ea10b449ea9fe829cc50b7d9077e2b,SCAM,test,4871
5163,acd0bf92faddd40a44d58e7f4544633930f561aaee92c1c852f8eab387a1a892,LEGITIMATE,train,4872
5164,ed887d612acfd02b24303777356682bdce380628cc93747fee272a84e6ae060a,LEGITIMATE,train,4873
5165,f98365d76aa116b457771bff7652312e0333b61b46f21f01a0d9533313fe30f8,LEGITIMATE,validation,4874
5166,c4ddf5324c2d92766b592ef5522a2ae10c882a55de8a532fb1f1a6ec7df35258,LEGITIMATE,train,4875
5167,ade891eefec92c750b4d8f23605c09e02dda9ec77da80b480b53f249b3c9ba6a,SPAM,train,4876
5168,385ef184d92f7a9e1e5fcd4146c6296d38830315b14425de4be2caa105e174b4,LEGITIMATE,train,4877
5169,59eaba093451e2f63e8528c7053429d915dff37d400a5968009fab529a94fe8a,LEGITIMATE,train,4878
5170,3ae5348df5905bb65e216abca6f9644ab12b6eca090b0d751f6ef722d25cf116,LEGITIMATE,test,4879
5171,d6e6f675bb4ba17bb4f89723531097bd2f7f1c2dd08bca78798909c9791584b5,LEGITIMATE,train,4880
5172,fb63c3d8cc7499bf3aec42ad32a3759ab2546bc6b48f6db769bf0db5bef84483,LEGITIMATE,validation,4881
5173,9577a5de0a355900aeb5e7c8e5d14fa652bf263651ce69284af7ccc907a6090e,LEGITIMATE,validation,4882
5174,c438147a66fe25049942dd24f9217105938074086417abc90731917397a7fa87,LEGITIMATE,train,4883
5175,d10ff78c2d3fba6c81f1c34edee3d6d713015a54b4ea6c059d54ac5db2f558fd,LEGITIMATE,train,4884
5176,e6f373faa2426b19d71d98763c923bba7a20c2fd584fd1408ea6d9544e48078a,LEGITIMATE,train,4885
5177,52c4d631dc427df6260e5f203747ccf271a07915933d36291846f57fe2dc47e7,LEGITIMATE,test,4886
5178,64ab5e24a534085450966d465905b95bdd3cf5a5609fef633e759576c0e029f4,LEGITIMATE,train,4887
5179,dc2fd126583922b652fa892b81d64c3b63670b22f720cfc5987b026fe9765803,LEGITIMATE,test,4888
5180,9a722bab480563666dd26c50939b7d564f09971324b018faf63515b3caadb94a,LEGITIMATE,train,4889
5181,cf957fb88a3b5dda39b23a90d754a7f05382046ca3c7a1c37042fb034a94a1fc,SCAM,train,4890
5182,21458b48d72579aa49a9980f4aab0dc2d693c1bdc3b31ac93bb6e64b7f3ece43,SCAM,train,4891
5183,61d2221072aa356b48347163b0d193fa20a601c8a7ff9c02c8caa64a9c7a34de,SCAM,train,3979
5184,da01448f789e35e545f8d7b6e6a64f7b149021fb9452039067b3b3c43a782467,LEGITIMATE,test,4892
5185,d5cebb71656e0381fe354f39b43299fc4204a05df4a549ba7f1bbdf60fb53756,LEGITIMATE,validation,4893
5186,7d8c18ebaed79e86ec51a4edd7ab4d9e8feec70a29a04db4692e094c426bfbdf,LEGITIMATE,test,4894
5187,fe115f49a3362d8e03e137845592e31c5706dd523d686aa1978274e7c2528d8a,LEGITIMATE,test,4895
5188,85bd786e6cbd2b301ed10cb06c260424474544d4e387ed8ee6de356504607db7,LEGITIMATE,train,4896
5189,c2b7635b1be2a22cf97672bd6033bb465bfd717afcf1f9f56cd3153fcbba8460,LEGITIMATE,train,4897
5190,d4b4b7bd88c60d448d369d27bb6aca53fb79802d6908dcb93ebfce796d74bbbe,LEGITIMATE,train,4898
5191,cf973ec1d538d664024927d5aa4faba1720eed22bf1709b4f0a20872025371bf,LEGITIMATE,train,4899
5192,df49220408cd0f7392882cbba72fdb51dc8346bb6ac10f8761f2b5a3871f293d,SCAM,test,4900
5193,2d06f343a1d33c74a4e20d7fd7554ccaf37e939629af5bc7103034c3a8163fe0,LEGITIMATE,train,4901
5194,3466f51aae321d99d83b5c8b736cbaca3173817a39dc3b88d8b9726217def17b,SCAM,validation,240
5195,231bb7fd51ee0f6274018540d7223270f5c1f882ecaa99bbfd77edd2ece5ea61,LEGITIMATE,validation,4902
5196,026f13d6d0b0c2f2e55532ff2618ae354d65139fb6fb11e94ce1011f71030807,LEGITIMATE,train,4903
5197,2ca5886c6f8ed4d4f20b14747316791a6398c5fa1e037d8b0275bb25a737fed2,LEGITIMATE,train,4904
5198,8f094d995894839a655acc3de9513ba76591a3e8b9bb612abad2bdf31d42217f,LEGITIMATE,train,4905
5199,6ccc238ac37bb5435f930424f67d545bc79e7559dd938673881bb63d785c2a2e,LEGITIMATE,test,4906
5200,09424f31bf587c00c7eb0795e42caee6bbf583e7a7c0c330cf19494742e4bee9,LEGITIMATE,test,4907
5201,89cdbc1a8f94328befb9d4cec0a6989c453e8b8a561eac49f1b2ce6f8700c73c,LEGITIMATE,train,4908
5202,0b3f9dd6a7c9552f33586023dcdaf175d3e510e6e66cda35ce70a7b9ee7b4da0,SCAM,train,2971
5203,459a6285f3c3de959a198ec69ee28e9645c8dda7fa8efc1883cf27f3e4f3c7c4,LEGITIMATE,train,4909
5204,6e75d7b443920cdb3b68a7bafc257f09eae7e743f82343175d4c8b5e7fdca953,LEGITIMATE,validation,4910
5205,3edf167f6e0cd1d46dd2cb550b4b01fbfc05a0fa511c28b4d37efdd12e1777ca,LEGITIMATE,validation,4911
5206,e5919038e5f75ba6dae0463e098ffb2c3ccfd5bee1fdd1624f51093592373a13,SPAM,test,4912
5208,fb6e58fc33d05e98d0b51a82931e483b5d3952b90bce39a3621da768a50731f2,LEGITIMATE,train,4913
5209,96cb9b4fdd776b4f02a9b00976b29564bfa55efc762d1b507c7c5c8518449d1c,LEGITIMATE,validation,4914
5210,f3cb3557492bf7438239fe41e5c85421a3d4dc029c89647f48f78abbdb712b34,LEGITIMATE,train,4915
5211,29f17e987bec9edd91a346935f4e0b7ff789add89788b022c135db12f095d0c7,LEGITIMATE,train,4916
5212,27682a6daab88688f01df7bb001f93938fc8a980263e3a26865e2d6ba079367d,LEGITIMATE,test,4917
5213,9474b29d6ec31b1f7586869713368c2db5ff838d75b1270c5c5d9e09606a9a16,LEGITIMATE,train,4918
5214,d9ef0b40fa6c2140f3bae456887ac192e174a4f095f065100002eb1743dec977,LEGITIMATE,test,4919
5215,bacaa776a76151ab758bb1fc202b05579be0481061a6216d186b465524de2368,LEGITIMATE,validation,4920
5216,2459821a986420c73102935ea4ab7fa45962f8c08e9e85c8573666c33a958e29,LEGITIMATE,test,4921
5217,24053a3c2d9033795f52d1e4a266d0fa401bed55c844e757903f499bf605122d,LEGITIMATE,test,4922
5218,2e8cfbf051244247a63a93c90691c56971555e9c6d413d0a3e42778c86b06c2b,LEGITIMATE,train,4923
5219,001915b8785fe4de0af52a19aa7d4d895c4da051de22abbd0594c60f4b9c4ca8,LEGITIMATE,train,4924
5220,4b59902625a1d8753a231157ecec930c76b41c812516b5d13d5751a2fc4a7fe8,LEGITIMATE,train,4925
5222,3cda941abc0f9c3df375e56ffe51443d3ab4c31b3fca7b0181ebee7a9185cf23,LEGITIMATE,test,4926
5223,229512711d5dba575d079f487ca614cc67f0c4aa825ffd54a6da127fd3b1ef8d,LEGITIMATE,validation,4927
5225,a3fc51e250f9f544f906aa720763bcec3f90a81f329a25dacab1b45d25c91c0f,LEGITIMATE,validation,4928
5226,7828f0357d2e518b24729fde47b748d812b6a6297afabc30c5cfac407e7e9bee,LEGITIMATE,train,4929
5227,a8d1c1a244279a7268d815df1737453000f29484a0908705333ab53ee14f2070,SPAM,train,4930
5228,6064ed32c8781482ae23c272f532ce51bddab2c4f6a99c856ec20e6c406dbcde,SPAM,train,4931
5229,8f1d492d5451d0413e00875ced58e337ef8040d3fd258703c404de9a9fcdb94f,LEGITIMATE,validation,4932
5230,9f4b1d3b1b6840401c3520d9e3749d74f2cf0422dc2e57edf6a0ce27a9ae996c,LEGITIMATE,validation,4933
5231,81b5515abee0ec2eaffb134d30c75265954e6a9b967add1a8a6d66721711f14f,LEGITIMATE,train,4934
5232,48f1eec6354b2344b63fb5f2f5a81fca37ae28df199be1974ef18b64d23c9ff8,LEGITIMATE,validation,4935
5233,bd750d734d813a3a02ee8f6b91687989072b6c0283d698349645ea2589c9d4b0,LEGITIMATE,train,4936
5234,d4f694a9d2f1e55eb0431945d0114ad80e7c5b01119794cf6663eb5f48e0031d,LEGITIMATE,validation,4937
5235,d16e120ac379a3c64c99c1fd0eaaedea8e0c24368f3641f64b7464f50ddc0961,LEGITIMATE,train,4938
5236,cf8a5bf915333636b754a2e71bbf4cae3b779e3a4794aac23aabb2c0cd786ed1,LEGITIMATE,train,4939
5237,fe61edddb9805956fcd746b1148d950d5c27bbd61f70794ca6221916dbf55bc4,LEGITIMATE,validation,4940
5238,7ff52c1152e0e7988299efdad6a8c692b44cb092d504276ed6a49639437748df,SPAM,validation,4941
5239,ab7ec504d6c20bb0b804991f3e3a3ba5e6e67cab210208322787791db65deafd,LEGITIMATE,train,4942
5240,cef62a1807c256436ca0f712e4848a3d512a243faa5a12bd436ab527ec1bfcf2,SCAM,train,4943
5241,67732e73c732e32ebc2ff18c1a3f506eaec75c8abda12d97ef845902bcf381fe,LEGITIMATE,test,4944
5242,fee8cc87975f4f995c7c61805af5b3992700863fbd37d2a60efd36bb155d22fe,LEGITIMATE,train,4945
5243,c1be08275454d3574c59a1bd3a2c380baf4e6702ae6421c8eb1f85a29e97b93a,SPAM,train,4946
5244,45c7651e02fa1e8c85731c225fb2614316a444628572cf58eef99187113debdb,LEGITIMATE,train,4947
5245,16655bd4874f098287e65ffec5399941181b3c4b3bbc15f823683387e3cb981f,LEGITIMATE,train,4948
5246,6f740034a8149913d3068e75eb475255a1ea567cc5f8d9230bbcdc78717cd949,LEGITIMATE,train,4949
5247,952445b83e5585716538b5d3917550e218dfab8093701c9641711dc6562e8a03,LEGITIMATE,train,3484
5248,36f7648419bf65af434a39adc5e550459f134d8d5ad4c6d7d28d2cfb5159b980,LEGITIMATE,train,4950
5249,1a5ed86d3a038671aaf7e2378e0c0ad7ed331aca2368265be094e0866adb8887,LEGITIMATE,test,4951
5250,9ace0111e9574683cccb7ee2c3fafb9ab10eccfc7437c92df98ec7ee644d75ec,SPAM,train,4952
5251,d345ebf838636799f54e60ad59785147bbcec6d97cfcf8d81ee9508dd7d95ec6,SCAM,test,4953
5252,f6e57d5c81fcb292a5ff3c3e2076a8ac7e7c316d0fe65c46564c6eb55a281714,SCAM,train,4954
5253,3f1e18197e0462398584abe5f8b409e73bd41871ea6a1b78864500b9baf86773,SCAM,train,4955
5254,a837b3a7d422eb05b762642b77de834a1a20785423f8f5f65c6a0d5595c4433e,LEGITIMATE,test,4956
5255,0b0bfa313f75c9c400751a7dd09fe78015b1eb9f73429de60fceb4bff0426d56,LEGITIMATE,test,4957
5256,8fbb3e103879a8975f11883e578e6629123de585a6ecffb3502c62620ef5ec72,SPAM,train,4958
5258,62c52121d0f18c66c759cea56deea86227580bd90f0e38b02e8bb83e3774ca3d,SCAM,validation,2543
5259,051945a0ccdde49f20de1cc953384ef1b9bef82df4618e853849d6b06b2772c4,LEGITIMATE,train,4959
5260,c01d52b71ba519a0f1009ebe6ab494d62d2b46b4c908428fea2bffd64853dc9d,LEGITIMATE,test,4960
5261,1d3830e4c8e27a6c5495ecf9629f367ac002424865eabb51b566166afcba2d63,LEGITIMATE,train,4961
5262,43924f4284008563f77245ebeb187062db6f0c77f20d770669d640dd9457efa6,LEGITIMATE,train,4962
5263,0127e6d6c6a53c40aefc67388a67d3ff675e624c163c1498579375087d4ab6bc,LEGITIMATE,train,4963
5264,a946fe452bc4ca41dfacee2213c7c011f2b999169ae0abb2aa9565d6c0e87912,LEGITIMATE,train,4964
5266,e2ea3064ce12bfb34607b7454bfe0bbc2c9900569e9615da142e80723b3ccc79,LEGITIMATE,test,4965
5267,af21b2b1646fa35eba5cf77588b4f717a49220aa8ac36e6cd6dc672e757a1daa,LEGITIMATE,train,4966
5268,94f90c2c75986d71131ae6c58264648b2bb282c9fa5ff6b89d9c2ce8660970e4,SCAM,validation,1564
5269,ff1116e58021bbc21ae2c8b80d87b3cc6bbcfe3e0634b5f681b58e705cdea137,LEGITIMATE,train,4967
5270,a78a2cbd93c44305feecbcfe385f32a32cd25fac073600ab3a715d9fa3deaa09,SPAM,train,4968
5271,7defc9e30cf5020423510a406353fd4593b2388ef91af4e4625005b721fbdfe6,LEGITIMATE,validation,4969
5272,70deee2b64758cac1c3b3da5fe0e3ccbdfe293b17b35e28fddb772fb3be93807,LEGITIMATE,validation,4970
5273,548f533fe8ac913188aacc3f42f025ab65ec558634c663aa580684e638970a24,LEGITIMATE,train,4971
5274,ab00b09f50a4ce65c6cf40ce76368af9828c58ea122305c910a0c467946801a8,LEGITIMATE,test,4972
5275,71433d4f269c41559dc30318fd7073092fb71bde7f4bafcc536362d4eb35420b,LEGITIMATE,train,4973
5276,97baaeae639c1bf9c7afadff9cd02ff37d80aac491cce319bf89129ce25c5953,LEGITIMATE,train,4974
5277,41fcf3d08ecaa50b55fd128ddd9a312133732dca76eb580c132e40b15c9a5415,LEGITIMATE,validation,4975
5278,d4964a0c63ee3a06617cc8f9f7883619424fde1247098964686c677d9bd7ef9d,LEGITIMATE,train,4976
5279,55bebee6a8e1e2229caad78095099238f96dc1ec2e83c2b6b0e6e212a7be2d47,LEGITIMATE,test,4977
5281,b2273f1e86f7a3e6eb39b532738fd4562d9c1a06809122f434666d772bbd9271,LEGITIMATE,train,4978
5282,ea04fdd36270e08e5c324510a8e85d6d16780ae58fc87c865fa6b1270efad73b,LEGITIMATE,test,4979
5283,114c07427703dafacf7479d33fac991235639dd3a43d81046e5461d07ab8c0ec,LEGITIMATE,train,4980
5284,ca65c74d3149592b767252e6d002b5fdbb375d580bf4f08a3d047b78993f1c45,LEGITIMATE,test,4981
5285,73eaf092144a0d6fca506bceee436aad3919682aaf1566b311110d36058dd2b6,LEGITIMATE,train,4982
5286,d4f24c097f7f6ba239916c682e688c8812fd54491f5fdac59c5ad12ce79a46f1,LEGITIMATE,train,4983
5287,9d61b3ec82cf987e74591121074f0991bd5ff5f09b9a10d47cb3e853f9b6afc4,LEGITIMATE,train,4984
5288,0de0ba647410fc1b51ab10340dd04fe6ce75a3785d10f137821bedd7c229c262,LEGITIMATE,validation,4985
5289,b64667f11fd0254107251a26bdc1589ce7fd45459e6485ae6d70223541894f79,LEGITIMATE,test,4986
5290,df8d88e801bf89d3012cadd22e7409a1d9c16b8ee1793adb69076fd99c8a7953,LEGITIMATE,test,4987
5291,f81d11fb17828f7708152fdfc9345402c42ff3f6966f4094627da49a270a020f,LEGITIMATE,train,4988
5292,6d9f285f195bf12c7095030bfbe9d544747ac182d71dc0fe11ba0941b04f620f,LEGITIMATE,train,4989
5293,038ff2145e88410fca9f53b8f0efe7f4ae37db1c25b098db0df395b43f7b1434,LEGITIMATE,train,4990
5294,57d6d7116c0625b480c0ef3994fd14f78f576f463ce47c1e974bd81d5255f1c1,SPAM,train,4991
5295,6521d9a4f5182a9a8308378b40eafa8e356d2306f5f163f1fb571b3e80fb2365,SCAM,test,4992
5296,023568db95d33de56977291d6dc266348be34515294f563a5a8b3b8808acb087,LEGITIMATE,test,4993
5297,c7cc239a6d83b14084f16180ad9b1a490418519d5a682d5030f1b0f11d402a0f,LEGITIMATE,train,4994
5298,b5e52a8112858d3385a96b35e2e8eb1ac6be5c1ac8e1d58537a8463ab6d9e321,SPAM,validation,4995
5299,df7bc02a45a80e74e2e424eff351b399900be8f43c0ab6906b68f51e17616aaa,SPAM,train,4996
5300,16afba26066d8da72602d77bb0b56e4e8ee9a1c98c84e0463351a4c09c40bb46,LEGITIMATE,test,4997
5301,0d60a613c59feeb45f946ca3c4677792a64f095db1b7ec6eb0000d12327dbf4a,LEGITIMATE,test,4998
5302,555cf02d62b1608cc927c591232d2be58364ac796f7b89d0d8ebec72e28cd990,LEGITIMATE,train,4999
5303,86a5bef3ac557a778af34832e21daa73d11ebfd8239650f3c5d15987d87a6be1,LEGITIMATE,validation,5000
5304,c5c168e0a69cc64aa1bcea7b3587c958666a55244312bc47aee53320b0a55ac2,LEGITIMATE,train,5001
5305,c639ee63897bd9ebcee3b546ecc129391aaf8771a8e3ee345e72dc6f8a7b6ffe,LEGITIMATE,train,5002
5306,be4b78c21e276041b1ead29631c5cbcc9f855c36623ffa8a849aca7b19d56b48,SPAM,validation,5003
5307,7f64c0dfbb1ae64b3fec06be395833c360d3b9eb7ba91d35bab8034a1bf078e3,SCAM,train,5004
5308,ab09799b997f713019a2ec74474044dbe170e02dd6cd12e1f3c4be8ef2f07d0d,LEGITIMATE,train,5005
5309,8eeeacf385856226c105321591d2b8f46d3fa2f9139453a2bcdc17415c90b41a,LEGITIMATE,test,5006
5310,efda9ed5dbc615a750378322a05e36485e987f00c03e0318703f768ec23ad651,LEGITIMATE,train,5007
5311,4f050645a5da2c54d1b01c071af501d5532e743be9b02e9067a9af35619a08f5,SCAM,train,5008
5312,a5a84764a04b2b1a5f0e63df39b653783e5037f8bf32ce77061863cde279a6b8,SPAM,train,5009
5313,b0541206ac9bc0db5ad66971b896433799691eafc8cd3154ffed79a10ee4ba84,LEGITIMATE,train,5010
5314,0f028b15c7592641cd936a06399764d6a5f7faff754b673bd85fe5cda45feb6d,LEGITIMATE,train,5011
5315,bba39093bdefea927d96d84486c6455a1798793056624c83c85a7f717b9c4d71,LEGITIMATE,train,5012
5316,aa7cda01fc6f846d3b7cf547a103bb7f4a97cb0e8feda52862493c54fc1c81e6,LEGITIMATE,train,5013
5317,dd51181518ad15e3a3e91e226077bcb2d007995a1cd93a6625b9c0f38a0bd45f,SCAM,train,5014
5318,2a0a77549f515fb5ff534694c0bd85a8c98444579e344382a9e714bbc6711630,LEGITIMATE,test,5015
5319,3f6ef2d54c52e4027ab45c50e1d7057cb5f8764b3ded257f493393985799f679,SCAM,train,1025
5320,5f8448eb226aa23092204ce76dc53dfd956f1aba1a72d5a665f992b735d914d6,LEGITIMATE,validation,5016
5321,cec6b9bb0d20cd7d97144bfefe8100ad4db822dec965fc6e964171721912df7f,SPAM,train,5017
5322,7e5d2353decf7fbc28070d7f77ca1ae9be0aca83e0a16a7655c341c08806f8d9,LEGITIMATE,validation,5018
5323,077292629574bc387c2d937a9247e12ae20f7d7608b7f032b30442c2bedf9004,LEGITIMATE,test,5019
5324,f12ef000fa211583e40c509625b00e3aa032132cde6e1a1df876ab1af42957a9,LEGITIMATE,train,5020
5325,3655ca73f216380afd8cdcfc22ef469521ee6a8910c907584dd51a03886ec31a,LEGITIMATE,test,5021
5326,74018b6d3f98abbdaba718f81d2450be7b950653572a979def5b658037f95924,LEGITIMATE,train,5022
5327,de6b390b7b97b4e190cac0de0fa26aacd54cfaa1bd6ca5f5f5b562fba540f3d1,LEGITIMATE,train,5023
5328,9261afb3c829cd77f9da54a56db149283780d87ac30a01dbd85b09d83c67f3e4,LEGITIMATE,validation,5024
5329,b49d1e81bd8a5bc595c36eb0e623aeb2b2bda0fd84569f0177df74114cf0fbab,LEGITIMATE,train,5025
5330,e01667854751c35175a0a9f15b6b0fac77332440fa73d265de06000199269fc7,LEGITIMATE,validation,5026
5331,99f9531020e4ca3ef1c8449af31fc51b0bf81f25184f533ad1c2b7095b0f1489,LEGITIMATE,test,5027
5332,f964530998450de25cedf7e453227db177562a37204fc40f09e522fa3c2ca0fc,LEGITIMATE,validation,5028
5333,d599b7907bd328f32afbdca15fb501a542b2ec8fbac390ea68e8e05c131f1b50,LEGITIMATE,validation,5029
5334,fcda59c271bacad544d29ad3794e663914cd988e5cff79b2324b192dab00c7d9,LEGITIMATE,train,5030
5335,c1436d5014c46e2bd6ecd559e2310b436e1224dc730267007397b87ac2fa7fac,LEGITIMATE,validation,5031
5336,1a5974ba3e8543199ef8b756bad4ca7b22ca16fef4632f88e20620fab8a9ba75,LEGITIMATE,validation,5032
5337,c37ee94c068f720a2774b07c28ecbc909f3b375387fb6b00d574b39a2f82dc45,LEGITIMATE,train,5033
5338,417f34137ab832b757705b1f7616a90660f151a447e071ad7a596723670ef3eb,LEGITIMATE,validation,5034
5339,622a6e3b0d330dc534e262c09462aad7e0fea57657d4980ee5fcf068458798de,LEGITIMATE,test,5035
5341,76c839702c1a8d09e67b68e3f7c5ed9116a5de21e458499015e12dbdf58837fe,LEGITIMATE,validation,5036
5342,c85e8778ee8e2a409219bae0c061e25fda5fff0f641fa197f2b61fcd300b2353,SPAM,validation,5037
5343,8327639f1fa7dbe7dc88260fc737001474f6c1eef78b573cceb192eccb4242c9,LEGITIMATE,test,5038
5344,12a067579dd517d97d997764cf7e1c0ef664a766a21a3486b2eba4bb5ed11b5f,LEGITIMATE,validation,5039
5346,bc73453640aef2c45550f2c914d458ca4e2998328f206a8b288bfdd5a7f79360,LEGITIMATE,train,5040
5347,4503ae87f7eca67097dd62a5d70b2bda357d0f5a4777df649265114ca79510d3,LEGITIMATE,test,5041
5348,0d62cf4dc54a16355d7164797c426a1d3b3475370c08712235a4db3a60787c8c,LEGITIMATE,train,5042
5349,ef5e9886e8d2608c48863b5b0a69f7923c1a7965e4e7fdb9ea106c095a460a5f,LEGITIMATE,validation,5043
5350,e4bb441639eb081cfbda7ef8b067988c0e67d0f9d4b9606051fdb825bcc5ef3a,SCAM,train,5044
5351,db17b644c107290b217dfe7b545b39d9692568c0515091e483e7c7987d8c0f86,LEGITIMATE,train,5045
5352,da9217cf19b9d9cd197fced9504e8d78d4d0470a6910b62615d22e23401525d0,SCAM,train,5046
5354,6b670ba97072113d2fe04c637dc0e527393b614c8676fb57347af4fd65e89553,SPAM,train,5047
5355,557d3d4813757c2873b511c9255b69c58a4faff86d2442ae688f5a13c2f6e2c3,LEGITIMATE,train,5048
5356,06c0f66c53446fb22dd5726c25044f027857098220c33012fcf3348e8809afee,LEGITIMATE,validation,5049
5357,84ca886ca81ff9dc6a16b61436e5f1991d0eee1ceccbef606e16904e8f81aff2,LEGITIMATE,train,5050
5358,0dbd15da02ac08b32fc183c7e21a01ecb1a1269b5a328f38dd58217f33c71f5d,LEGITIMATE,test,5051
5359,641ca42a2637c74cccc20c143aa06c184a18b70d4b73365bba8a4295529009ce,LEGITIMATE,train,5052
5360,285dd48f24428fad007c000aa79e9df2fa68e9887dd2e5360314fa6e37224c4d,LEGITIMATE,train,5053
5361,1ecf528caa7021b567e41c4b48ab3d29f448dfbbd7f388781c84b819bc1117db,LEGITIMATE,validation,5054
5362,5299039acbf30952756b2cf9387bef10c9c8c60ecb8b47193ffa62a6a718abb0,SPAM,test,5055
5363,dbc7c6677cc0806bc35b862bb3c50fddd5ea8addbfd9be4a5f61d79ded1120a5,LEGITIMATE,validation,5056
5364,560f4fa58853259e86ddf7da8e85b38581a8dbf36f3e6b0129a433d5bfad111a,LEGITIMATE,train,5057
5365,a9d276d50f64753dc214f8c8ebf5e9b49226c387cc31524f4797ce11e99c88f6,LEGITIMATE,train,5058
5366,51d96008e6d03ff4f9cc4da883be7eed793714ebe986fb3a7c7b7340b1e4aa74,LEGITIMATE,validation,5059
5367,4f6bc065e013481d4b95a341f39acf8c1f5d874af500e58d784978ee055f8596,LEGITIMATE,train,5060
5368,7170a47e4442c1b64232bff3baeebec06efe14349702eee73d869832f43d88f2,LEGITIMATE,test,5061
5369,215356a5a880f9b9d37bab0ca43e54a28711706ea2b38b2c41c93880b972a94e,LEGITIMATE,train,5062
5370,b8c6ff3fda72b5060a4f5a8dbe832f67d5fa1f95e423db31f2a544b9481e2f0e,LEGITIMATE,validation,5063
5371,be54433daf27afae52be2524b796857bbcc3eda716d24fa7e4f086cf6c6be9e7,SCAM,train,5064
5372,4e5b2836a26a8e732fccacadb3ca1480c2c4b326f8dab50f5b8923bd5d0d6663,LEGITIMATE,train,5065
5373,7b4bc7931dd8ab458d25a896e47df349239b3ee07c7fb32ce2b6bc15c08653e5,LEGITIMATE,test,5066
5374,63d8c7ff146760df99dd94af5a7c5fd73a3c5cfd56c9702011da289f6835d6c8,LEGITIMATE,validation,5067
5375,78d99ca49dff4c3fce8e267646c8b17d9651e94a73134c979c38a52c64a72e11,SPAM,test,5068
5376,8bcfc179d29795b6decbf5bc435d58ce35524e03937cd45ae1472baaf6bd57ce,LEGITIMATE,train,1636
5377,6402dc9be619e348632e3a8d273b0a35f7e48897ac522d4b027b2833671638b1,LEGITIMATE,test,5069
5378,63e82b68392d960e9d5af234e1bea307d8ba061420bbe2dfd4c4eab751c64b28,LEGITIMATE,validation,5070
5379,d44a8ddfacdcb2b51572f6999d0768af0f77719ba0de909e5a393071bbead814,LEGITIMATE,train,5071
5380,6fdce6eeb5aadde9288c57e358163f09a8906c9f1c8a5f3ffdd980926a0dc3c5,LEGITIMATE,test,5072
5381,18c58c8b63c64c4a6f656ec3722ac4cb83e30a05fded396ff3ee9e32c6bdf2ed,SPAM,train,2961
5382,e18fbca347027525784ed8ac04e3ba060c0bcc6ed2ae75229153e007d260c08a,LEGITIMATE,train,5073
5383,c9cd54329aa108190a258a1b670ec0b0ff5f9f07d8d120fb2c46e685bdcf4e02,LEGITIMATE,validation,5074
5384,3f1c43497c04f1856edc8586f76ca776030bb91b39e83f9489d0713b2f973d6e,LEGITIMATE,train,5075
5385,f7ea54f4ef992dc29cc7fe7fb11003f0efb7af9a511a6e87c4453412114114b5,LEGITIMATE,train,5076
5386,2c6cb8cee926c61ae3111e314d6f294055f8043bbad6e5cffd68b78ce9f33756,LEGITIMATE,train,5077
5388,61a8778bf61dda15d3906169cc076e60402275ac17e25a15cd184cb850902c7b,LEGITIMATE,train,5078
5389,0a01f78feaa85d3c71bd06fcb06da3cfc536841e2d398bbba8f88a5bdc34370f,LEGITIMATE,validation,5079
5390,92a82b012c2477c5ca241617ae976c1b9b18e533563102f0fe6171b49f267e90,LEGITIMATE,test,5080
5391,721e9dffd7782daec0c961ec549c94f7b8e577093bdaab01b46c70b1c5358312,LEGITIMATE,validation,5081
5392,25b6cf52618b9046f25bb7f9761b820bd2c6b6a45a0182e25214e1f1167a4a4e,LEGITIMATE,train,5082
5393,6cb7b04b7998441ebc0dc25f22721455e17d1cff1d9a77f69d483dc5f693bd38,SCAM,train,5083
5394,fa0eab19bf0cec5102129ffdec8db2a1c609926af9a38fa2e77f4af1d0fa422b,LEGITIMATE,test,5084
5395,a48a4e1301100e8452c01c6a80550ed65405c7ca08addbb67af26a4d5b4cfe0c,SCAM,validation,5085
5396,f45358f36b3c701c0e6cdaccd75e52b7026e20e674cc02ceb946822ae65d0083,LEGITIMATE,test,5086
5397,0aea40dbe2ae8832bfc8bcae44f2ffb435cbd5e870cf9a185f20a5af95ca358c,LEGITIMATE,train,5087
5398,943ded0bbd30f376d68a767e4ad025da729b6e1aeba1783ee2167fe2a1fb5a7b,LEGITIMATE,train,5088
5399,6c47a4937d7a8f5e95a21f1f1bf032d74c6fc0d8ae656a23bb7260de45b59393,LEGITIMATE,train,5089
5400,7e73ac5fd01314df6d9840085ff724240c0cf4ff612c0af77b8972f7a1a087a3,LEGITIMATE,train,5090
5401,2db25cd185cdf15f641272d31d97c029d99009ce20cb21b4c4df52d1da32c55f,LEGITIMATE,validation,5091
5402,f70d28c3873df7100efe3fef10b06f083e2dae9cd1f3a63237ef27b135c97668,LEGITIMATE,validation,5092
5403,b6704cac456ff999a13f669de061442e67398a688b390f657f9b41ecacc70b1c,LEGITIMATE,train,5093
5404,8a816eb1b8cd4c1c4ac8049e3958ed277de33819eedd4f253d56e74a84a1dfe4,LEGITIMATE,test,5094
5405,1906b4aaed3121a67ca15fb15ce71842e11982d0b2e4094ab654f6b9f81adc4a,LEGITIMATE,validation,3795
5407,98bdb185772b22e33a335ed5ff520118ad5ba0f5838a44c2747f3cd897cd7f62,LEGITIMATE,test,4803
5408,18a6222312e74eb6fe53e64e46bc5b8af86a9064f8afc30be0bcb5503054cbef,LEGITIMATE,train,5095
5409,11937b6c60af6f43c48dc9a448158aa44a562c525f003a90e2396c21ecb11008,LEGITIMATE,train,5096
5410,fa9b3fcb555bef29d5829698bde6970ace11b8027ad51da89a65f7268d6b8e1a,SPAM,train,5097
5411,d37755955473e7ef2f54f3cafb6a443a7c9430f215f69c8579b297a1e8bdfe6c,SCAM,train,5098
5412,8ac95fc44a508be405919d7b15342c3230f3ff889dc80457b8f33cc084f74d12,LEGITIMATE,train,5099
5413,2d6e87014c8ea929319479767087a883aa90cc7e45fa4287410d3968cae2d481,LEGITIMATE,train,5100
5414,717a170cb60ec96de1cfbaa951e85f06ba9dd166c35e8c34a712cbcd7daaf432,LEGITIMATE,train,5101
5415,37e03ec57726bd998a72c4bbc1bfd3451f754d1e6f7acab503d2a29391c49997,LEGITIMATE,train,5102
5416,6d4eddc1e6d76ea706a0e80139cb492f325177ff6cfb68edceb6d099e8682c22,LEGITIMATE,train,5103
5417,d8a5f30cfac9fdb655caf6d0f1f56c5a2c85675b3b02bd41a8748b37d23a25bd,LEGITIMATE,validation,5104
5418,64dd169412986f53bfe79c9ac519197949831550fc4fee2eebb08dc80096e269,LEGITIMATE,validation,5105
5419,cd4d03d806cc43f4cdb6e51a125dd1f817a86c053fa07e128e3f3c27f254ee79,LEGITIMATE,train,5106
5420,cfa8993e9253fe42fd816a4da6f28ce357f240813f9769a1e18fe74ce2358204,LEGITIMATE,validation,5107
5421,f2038a591d87f020cbd52c9f3033e1c1309c48726c807582a4292c4337ea50e7,LEGITIMATE,train,5108
5422,c8fd69ae27108412b62c0c4d0a64ff894a87ea3068f5e6d0db02eb1400ca402e,SCAM,train,5109
5424,d378c1f51d617a3e3e684857b6813cf54b611a23bb916fc55e0fbbb672c721e9,LEGITIMATE,train,5110
5425,13ce006c25b3fdfc5aeaa7feb1b96fa0432c118a3c170dcea8e8a2df15522033,LEGITIMATE,train,5111
5426,3b18e878f6495b68882aa2c495ab3333430c2da8156738e0b8c6106bb265ee11,LEGITIMATE,train,5112
5427,5d0a25b896d36034eff13bd3fed3cdb26c1f5ca90c41adf38976fa92aa33b86a,LEGITIMATE,train,5113
5428,b882d0e8cbe0c700321d80ab1dd25ef5713cf8c20020e50c762e7139e1740272,LEGITIMATE,train,5114
5429,c9c7a8221c11a4ee490921f196f92ad7a8be5b923d5c31edce081b23618632f3,LEGITIMATE,train,5115
5430,dacf15735cf7daa3cffdfc7973e156aae8ffc8f102e4cdc8b1f3514e22326851,SCAM,validation,5116
5431,5ba3f50c49eefe20aa14f784f601f4fa3361a0b0dd3506ed8034e44f676c8839,LEGITIMATE,train,5117
5432,398e3fba5d10984510dce1a5c1e03891f3e20d0660f6ee2f40a1b30faedb3e06,LEGITIMATE,train,5118
5433,71970b1cfa3bf97a17f22fac41332ee04ab35909209590c6e1dfed89e025fb31,LEGITIMATE,train,5119
5434,bba0837745a2afb0625c05d056151e766c65c41d2936a0d3b71b7b8481c9068d,LEGITIMATE,train,5120
5435,6f75aae6f86ddec86cc29fecf66ab8f438a0258ababb7e8ba92df9609c40b523,LEGITIMATE,train,5121
5436,f4b5cade146c9cffb4f5868b1a0aa802f15345a793896bb51b1f2e7367747e09,LEGITIMATE,train,5122
5437,7cb63e4e6c17b93e744cb57b3662c16de2066e66c0b8b42019434832f1ca153c,LEGITIMATE,validation,5123
5438,5d95421aac2de4aeaa22d7c74a374281fe5bf7eee22e53d34af75fcef49b6698,LEGITIMATE,test,5124
5439,5fa3b0612a4f29a8c284b7b5aae1b2013f680fe847f1adcb2540c1c5b9c80ba0,LEGITIMATE,train,5125
5440,5da14e0a35eae9a6846278effacea3af72b925e533b1d15a859365c3819ce7fa,LEGITIMATE,validation,5126
5441,1df2a11c2dae25f10e146436dacad86ab23f2083980f59aefe4985485f699f48,LEGITIMATE,train,5127
5442,e9f907ca10d0fad5390b32657ce63cbbbfb8119e048bfa599c9c7c402de3eb4e,LEGITIMATE,train,5128
5443,88c557b7b7f03218d519d972921f79fbc0e289ea3bff3b99d27989667ac104f7,LEGITIMATE,test,5129
5444,8e257741c9748a8cd348f8be608804b9d8a74f76f152a8b8a6421cabaaff7a59,LEGITIMATE,validation,5130
5445,b1132785b9438901cf5e6674d131d9d5d0bfc9270800e016c81a7b5a298ee4d5,LEGITIMATE,train,5131
5446,aee3ea39c582288237239498ff1a4e810b7e4cc16e0d91e6b3b86dfaaf9261f1,LEGITIMATE,validation,5132
5447,8f55b291e91db82ecaac9ca989827c6b4b3217fb83573bb16439416f55436d14,LEGITIMATE,validation,5133
5448,137da756ef57fb571aa04f6658e124f74b9eac5c5c4e1e8a08258facd1efba55,LEGITIMATE,validation,5134
5449,44f718853998637665b8f786c644aac1319d7eae492765924d8820f4d4b1c8b4,LEGITIMATE,train,5135
5450,af91cfedbd48c25a4382d3d79edebcceb6007fb11280466b88b9e5a7b67a9f25,LEGITIMATE,test,5136
5451,2ecc5fa477e18cbd23d68113c4fb396b624c187afd691d81fadfd6a83b31827c,LEGITIMATE,train,5137
5452,e5685bc9540259a8a83c1df0f4637c20863034d71c49554eb6213c9fae800994,LEGITIMATE,validation,5138
5453,bf000d68f93f9f0782007baf6469bd3ba091f836066722ab07c95863f0063383,LEGITIMATE,train,5139
5454,a397e2ff61f339dbf7667464682931b6cc50e92d6c7f4151fa4c0c699e981334,LEGITIMATE,train,5140
5455,3e637af1399b6758a96e490173bb3171c5e4759447964d2fc884e1bf163df751,SCAM,test,2712
5457,a31f7ac13a11c29bc6bf8868f94438013d7a725aa1e57b2e558d0a6c69f9b144,LEGITIMATE,train,5141
5458,6ddd562690fea74e7e9028353304dee0c4d122206a714eda3f9be04d8da341e6,LEGITIMATE,validation,5142
5459,513e8be017c4918f14b4db357d1c9a44f13dc9bfd4caff4efed1ce7a0a308f25,LEGITIMATE,train,5143
5460,47270fe576adc30e5451ae964c13a3b249537fa3f86e2c0c57a6f05253e44de4,LEGITIMATE,train,5144
5461,7a55907cd1cba2dd81e059693dcd91868e572e2cb57d04b18f6478b4a4a36df8,LEGITIMATE,train,5145
5462,4a888f1c8c5177a0dbffd490d30e95423b4b5449a25f18a0e741a5532a0a8de6,LEGITIMATE,train,5146
5463,91c309f726bb057a173e2e228ad14f785c8b8ba78f0ddff2f2c6130527424589,LEGITIMATE,train,5147
5464,03fab356f8e9b950caaeaa07445dc7aaa6834b7bbe2c44d7309441d4c4fbc9f2,SPAM,validation,5148
5465,ddd92bda0e315e2da69718939cd5e5c82a4d108a2e1fd85b1d84fdaf0ffb542b,LEGITIMATE,train,5149
5466,b520d12d2d4e7c2b70d434950feea3bef587cd628f9fda5e489abbd0482521e8,LEGITIMATE,train,5150
5467,3b5f9fda78da2ff45abb919b65ec6860f0d62fff3c14f98e433c8abee0fe112c,LEGITIMATE,train,5151
5468,36e0738e597a76a6f26e5a7234636f717798fe650b848d6dbfebc8ad69a867b1,LEGITIMATE,train,5152
5469,ffd8b321dc82e0632c440ae3f701a72a3cf89463c21a89afdd4189c0ffde01fb,LEGITIMATE,train,5153
5470,5dc50334e3baf827385e19be1aac289e2c701d1d25e9f18e259113074662582c,LEGITIMATE,train,5154
5471,5e76de1294ee772d77c5eb6fe6c6ea63bf9958246d2c922c5a90c4ee777629da,SCAM,train,5155
5472,0dccb3c192e081be13d146cc99b6bf90b9cb31f4a2b1a530cbb37c9f2a47c91e,LEGITIMATE,train,5156
5473,22c13fd4bdb035483c0806f976ba90ec310cc5946b1e3f9ea0e4b920dfc00b28,LEGITIMATE,validation,5157
5474,ffd542205c66ce20e95dd23b1fe338641b63a2da1715440a8606611b75405f24,LEGITIMATE,train,5158
5475,7eb0ebd359cff10c6bcc19c58b78df115444a3874bb4c110d55bda2011372312,LEGITIMATE,test,5159
5476,904ca13bdd16454cf01429b5008121d23144e38a7a3d749878ea71d766265b86,LEGITIMATE,train,5160
5477,9fade80899532bee0e3216044dcf3fd972f43901cbd6e66b9e397984adb3c3bd,LEGITIMATE,train,5161
5478,7ec2e2029b01743829a3babbd047e5dadeb5b18fba4c362f56e5bff6e1221299,LEGITIMATE,train,5162
5479,6e36481b5409741c8b4fd5ceb6c167ef3977243abb4ac2ed5f6690cd8408b902,LEGITIMATE,train,5163
5480,99bb2e6296cdfe3e1173281d47c0bb4037b6f7e385e9316daeda27f469fc6395,LEGITIMATE,test,5164
5481,c53b2ba7e3a86cf7ba4c0d5894b584d951b5fe01dd1f925a692bba49ba3b7b48,LEGITIMATE,validation,5165
5482,1746b6f8f35f39d2bd0e3203787b5e0d119bea419a45a9d30d7532806b562dd4,SPAM,train,5166
5483,7ace62c8e14e02856a9b6346e4b55b055714c9aea9ff093dba56c1a3fa1bf982,LEGITIMATE,validation,5167
5484,aea4cf0cac817fdc643996db664e82d05f4af0f7f681b32952f51eae838bd258,LEGITIMATE,train,5168
5485,7a79630fdb1db4f1bd075db0283216856fbba30ae6c8b0117b48feacda88c7ab,LEGITIMATE,train,5169
5486,7b194a2176e19af143b35d7cb887ec66e583bfd7dccb2e38e1791e7bc338ad63,LEGITIMATE,train,5170
5487,2b8709428ca2130ba33f4ea93423e1b5afd594666d22a7a48f0d8dad2484ab0b,SPAM,validation,5171
5488,a9d9148c428554e02972a6d66937fc174bd1c7333fafdf11fccf26cf31d3a95b,LEGITIMATE,train,5172
5489,f730b9e0c5f692dc8fa6384d95bd54df442f1f51d22c599f47180a6e95bd48d9,LEGITIMATE,train,5173
5490,4adc1e28a4c2151d89d375e6c94564217d4d2044333bc5d6896d46d2c9139032,SCAM,train,5174
5491,e0dbff587729a10b138ecd34e2037aade2d48ebbc50ac4b09c3b0dfbb227573b,LEGITIMATE,train,5175
5492,9fa98b1748c894425ff5b8491caf98bd4e6cfa42a49984fbda78e7b739d3a475,LEGITIMATE,train,5176
5493,001e42173e4913dc542ae37310b2f17d00471ff15bf87b3a75ec693aed9e0104,LEGITIMATE,validation,5177
5494,98df274d1bfcaad18da3273176bb67811e7d2298b90cc40569517a32a0137bc9,LEGITIMATE,validation,5178
5495,f3bee1e79939b5a7d10608de490b3b7377d07de5be5041dc82772a184711136e,LEGITIMATE,train,5179
5496,7d92e9aa72d4b2c60c8d27df0add69bdce71c2ea584efbfd1ab113dbdcb8109b,LEGITIMATE,train,5180
5497,de90291c4052fdc47131aee76f4232b16156fac411fbdb0ce68c65d5eee6f8ff,LEGITIMATE,train,5181
5498,4e5ff1032419a9a1c72a80e55ea3add24ea2fb5263284911ee586025efe4afb3,SCAM,test,5182
5499,5ec9c6d7eb91e6d5b06713661e84919c52ee73144b53036416f051f425c7b25d,LEGITIMATE,validation,5183
5500,63d891ace6ebac1796d40bc804c0288201e6773d1ff6b8a746dacda5d504000a,LEGITIMATE,test,5184
5501,e49d3456e2d583d59a8205e5a35979b384e5232f0e1555c683e66204b9aaf89b,LEGITIMATE,test,5185
5502,08470c9eec5f7e37880e5d322689e717366b2d0a5ee1a20612a04e04239e7327,LEGITIMATE,test,5186
5503,50f266d2c4e394ad0e417819e84998eef000cd5c85726dbb77581048b504f75b,LEGITIMATE,train,5187
5504,3167b0f5b4877295848d4d31ef2bb7cebd28a932282abaca84180a5e461b402f,SPAM,validation,5188
5505,8b098183c1e07ea50905cdefe0f16c1a5b019522cf8c1698f9cc2e623c9f4c14,SCAM,validation,5189
5506,4869ecfc56497b63d6a38d642f95fe8190709e1924c13ea2dfbb55d4f7770f71,LEGITIMATE,validation,5190
5507,6e67b538cbf55e39c5d6415146ceacf2e822b4e2c8504f8b961fa7b1b8190bc9,LEGITIMATE,train,5191
5508,d004536579b11efc1904a261c4448f04f5bd8645886524f57b6eccf493c7cf38,LEGITIMATE,train,5192
5509,8824512e0a717f1804d7b9e916aa32250a21b92dc4f4522ef746d812adaa269c,LEGITIMATE,train,5193
5510,d117cef2da24a6c90783e8dfb9adfdc4536148e4ac4133c99c8761a42709bd87,SCAM,train,5194
5512,0bb3c7b4285ed11e84f516a379864c60b1f8f5e8410d55933d7fcb7065ad75dd,LEGITIMATE,train,5195
5513,3708908518d1b4a8a31a97f622df7fa033555330b5d6c34f34c95fb8e231e37c,LEGITIMATE,train,5196
5514,e5078168d0dcfbf4e550a9f39148b24016afeea5095ebd5401afaac3e8f2a273,SCAM,train,5197
5515,badb346a389cbee39d238885f82a2e3a824c2ce8aa3a11025e1c5deb682c28de,LEGITIMATE,validation,5198
5516,9e1660e1de4c83f7a9e2618647e5020ecc30d00338be947f368a9e9b717ed7b2,LEGITIMATE,train,5199
5517,1e199237a2699c04e38597c1ec25cf79d3d87010935c9e248d1aa8f06a5f0727,LEGITIMATE,train,5200
5518,9d6a17803f55dbd7db2b8ea29f7ccfb3cf7fb3fb385d06756e17383c60bb54da,LEGITIMATE,validation,5201
5519,e940e4adf8f246870cb9fe114a40f3809956d9d26b25acb91c42408336eda3d4,LEGITIMATE,train,5202
5520,2aee12acbafc52808d4761f2919164df12081b4bd2b9c9cc6a0e53df0cd76906,LEGITIMATE,validation,5203
5521,7bfd52fbd24a0a28e624fb9799beaaad7e4639190d49e25a39d24028933b583b,LEGITIMATE,validation,5204
5522,acffb5ca9fa9bc06628fc2f6c806128ea29826e27cfad73da9e9b38dec25e7ad,LEGITIMATE,train,5205
5523,4df6d5b35d77a6f56b548dc99525326ecd875f4f0946bf1743a55802899547e6,LEGITIMATE,train,5206
5524,d728c42adb0eeb32ddcd099f7afe5c03c0e97efd813220e0728d94ed701c75c1,LEGITIMATE,train,5207
5525,efa442009fd8453e216f44debdbcf3c3f917933ed9ec4c58933ed0f4fd83c0a1,SCAM,train,5208
5526,56980899c07679d71a7119934ba989195a5a3911b88df4eae288881b42ef7f8c,LEGITIMATE,train,5209
5527,8d5b0f257b18ba3802cb0e7a1416ae79ec1a82f906eca83890593c7463b8ba09,SPAM,train,3466
5528,851f34ee08a299caf9da931a88c66bd5fb03444ccdb07296ac0434322c52db82,LEGITIMATE,validation,5210
5529,f78836ffc681d177db1aca88f0778c78681c1ce1cefc3745f748409eeeb1086b,LEGITIMATE,train,5211
5530,189e86177cc0b63358dfb0a861f137d5f7cf3cdb9e2ce932bda5e5f6d6881f3c,LEGITIMATE,train,5212
5531,98f0a61b6e4a9c0b8a146a1dd6a8b78c274a7f19a0fc0ffe17a07631b82b0f86,LEGITIMATE,train,5213
5532,2173ea711cf7837ae71dd8781b64861953da2f99f8ac070ba69db4574ad97547,LEGITIMATE,train,5214
5533,8677742cb182e4b3185b05cb196196daf2fd15e2f38e406f7ceb1a3170506795,SCAM,train,485
5534,88c702eab8c27696835fd8a0bdb3562b103ca420f2de469063397bc49e55f08b,LEGITIMATE,train,5215
5535,49c1f8e183179c7fe35badaeeb9c95ffb329555153691dc0ebc527fcf22fc9db,LEGITIMATE,test,5216
5536,3a6c7dee3a11b0a254486dc1be7d9eddcbcd5523ac6643fe35bd4da13fa273ae,LEGITIMATE,train,5217
5538,5d1a20abb4d87610317a9f30b80ae129963bb9ba21445821c6c920630e179b8b,LEGITIMATE,train,5218
5539,a216b4916babf8defa14d4f243da4e6c6cf43d60413b1992fdcd18bb1b3c425e,LEGITIMATE,validation,5219
5540,cbd9ff80336cbf55dd182ba0fd3c344a0d4582dcbc1f0d87bb08931c57ed9f84,LEGITIMATE,validation,5220
5541,77e7f5e2981af0700b0c36774bbc3f9a83d2c3de9af7e4d42467208664593a8f,LEGITIMATE,train,5221
5543,5dbf038097caaa3fd3d9cb35bae3cf40a3063e72ed38c89eddd308d37c2cb14c,LEGITIMATE,train,5222
5544,8c41a379dd2502c6aeba0ad264d1ef2ce4fcbfda2a710e37a1c2f028b5a0acd8,LEGITIMATE,train,5223
5545,745a3bcc9ff7ed18b4e4367f94b22c50a736dbd6979efd175f3487e031b44832,SPAM,train,5224
5546,d832a58e060a6614a299a9cf723c9c597ac80c33a035037489d955be95931dcf,LEGITIMATE,validation,5225
5547,dd66022cd84fa542b6aa3e3192d5805aa021ffddcf7408cff5feee3439b2a014,LEGITIMATE,validation,5226
5548,8aa2011b75ca8f8d4b511770901ceeedf2beda5f594d329ca73c4d62338abc4d,LEGITIMATE,train,5227
5549,fc75d433e8a5f580d00d02eb8b04d65f8577be38bd3f490cb1432ce5190b85d3,LEGITIMATE,train,5228
5550,effb0014ea5745c555bbc24771cd00bbc78bdd185db6805e42919ed5498421a5,LEGITIMATE,validation,5229
5551,bf56f917ade9d791070462fc4b12809ccfef1b087b3646fc039e12b93967d9d6,LEGITIMATE,train,5230
5552,9d56d1c9eac925ed40f7a30ef8a529acf66c50fb380507be86d88826ef2cb20b,LEGITIMATE,train,5231
5553,b94a8b4eee9c373d1eaeb1fa4edcf3f2b4795a8b311058da6bd9b84d6cd9aefb,LEGITIMATE,validation,5232
5554,df0a1126b35f71b68fd9aca2ffc48d7538d84291292bce99522c43944b1eeb19,LEGITIMATE,train,5233
5555,88eefad591b1e95f7ca754ac7a5b1e2f7afe9cfcff0d7b04b6dc93a4a634a904,LEGITIMATE,test,5234
5556,f758e4bffecb65bd186f0466d44c132bb29573f000c3c23fb88bf5f9ccbaf2ea,LEGITIMATE,train,5235
5557,a0a854327183a8e86a0b284df155cc2f97180c76b07a1fe7928b15b0656da186,LEGITIMATE,train,5236
5558,d4c300d3d31a1bb79cc1dac02174be6a32fc6f9b3f76a3f2e2c7e62df25fd455,LEGITIMATE,test,5237
5559,91730bdbb8c185cd2deb3c825bb70107bf60a6a1ebd322f9e4ac42aa44334ecf,LEGITIMATE,test,5238
5560,8643a79aa47eb4b13a10ed14d483cef592f47b49ad1b87b5f3a8185e03ab0284,LEGITIMATE,train,2065
5561,e242b4bcefc4932e3683ec82c04a51fc75f3715b9a4edc157412fded2c0989ae,SPAM,train,2925
5562,2bc7ce4a24829010e56252c0b8fdd09623182c9b8bab3f1ce300a03e18956972,LEGITIMATE,train,5239
5563,28f99c7fde007d074e52124abc5215789d4c47a0d75a3f5eaebb587d2c713ef2,LEGITIMATE,train,5240
5564,4f559168e85d3927d9d8973d295ed9c283704df67dcaae7eacf3aee8038fdccf,LEGITIMATE,train,5241
5565,fc840bde5354137e142670e7a3fd805d28edca4d12b6f24423eeffe4c24c869f,LEGITIMATE,train,5242
5566,28ae369cb67f6c85f71d6967e489c1a136ad146573921afec3c7f4089a5e0c73,LEGITIMATE,train,5243
5567,bd56fe781c505788cd5927701ba9f52d1f4d64d3d1c2a63b5dd3e32f9b75f316,LEGITIMATE,validation,5244
5568,47dc4eb2e24bf67bda40bf85e8577aee6499cdf536a488ba10f8e23e6872b53e,LEGITIMATE,train,5245
5569,2da0ee76abf074db97029a653105c11a5b24d68d9095b60b45ad75497b8122d1,LEGITIMATE,train,5246
5570,b3fb7a3b11d0a07961bdd14d9d9539578ac308583aff8594142a3916ff3934f4,LEGITIMATE,train,5247
5571,d3309146449b31741b2eb95005e890155ab06745eab30bb79879a28141516596,LEGITIMATE,train,5248
5573,8c3e93af538949c81a94b8c2d155511c240bcb88c6952116b5e8de13b0b5e842,LEGITIMATE,train,5249
5574,7b7262e2e7dd54e6aff057e844ca55e709deba16b682864456cb6b4834e5fe38,LEGITIMATE,train,5250
5575,b69dd34e5efafe51b5c2467f88936409845a3c1b2935a44ea067cea8c8065ef7,LEGITIMATE,train,5251
5576,b53247875028334b156b81100efa7e91711229590f70cfbf9c60122150f6cb26,LEGITIMATE,validation,5252
5577,e563202f4b5cbec9f6c7c881951e98002c87a383f4c7685d0426ab21f81b33a1,LEGITIMATE,validation,5253
5578,091e1af0a96174cfcae7710d6cd137ba0605a9f9f0e07fcea27e99ad131c8ed3,LEGITIMATE,test,5254
5579,3cef182f8262844919d9dc740e8e408c84f512b63984eee2a667632ba10d6ed1,LEGITIMATE,test,5255
5580,4993e75fb97c04149124c0460e67b2f04c04552b6483eb9d295e318ec07bd2e5,LEGITIMATE,train,5256
5581,e5059bf65a8519361ee48420c511c08efbbc62f892a47838c0bf3fc7d170bb95,LEGITIMATE,test,5257
5582,4dcedb1711979fb9337a06d10cfeae9acad6ed98eae233a0c5439285f00dd50b,LEGITIMATE,train,5258
5583,f67ab12d2968898e01b6630d6a7bd17bcea3863e26207be91e8a9c5016c66dcd,LEGITIMATE,train,5259
5584,e54c40667c5a4f32012783a5d6d906996bf0e139274c5c30a616dc828e48185e,LEGITIMATE,validation,5260
5585,ef19cab8f453622e2259ec531945ce2c376a6cac2066b6ada88d86e53eb2d96c,LEGITIMATE,validation,5261
5586,9012a3e413cf2eef61d5cb0f57f7b499fc145011fa47f0d4b8383bc576be65a8,LEGITIMATE,validation,5262
5587,947df940b20582c0abcd087619ab3a841432832b69d177ccad2b8567ac8c6797,LEGITIMATE,test,5263
5588,3b6f74b5c6ac4c782d81cc6e929563323604c54ed882e465cef43518d35e6168,LEGITIMATE,test,5264
5589,8990c27b93386c1c154dccc3d2eb923c1b139e574732b5c71d72bb9a964171d8,SPAM,train,5265
5590,23bef53c7c38d7b4d85386846280fed14267f59445015b00660cf3f6466aea5d,LEGITIMATE,train,5266
5591,18649a1161badc07a9c276766d2be88e83daf2c0840ef66e6cb234f2818d1f48,LEGITIMATE,train,5267
5592,6615fbd414795a954997d1265d2b017f789f70f435aaf67bfe6bbe5846836109,LEGITIMATE,validation,5268
5593,de7eaab15186be2a6c5686968e12f25116a5cd7cc78e38d6467c9d3f32cbebfa,LEGITIMATE,train,5269
5594,bed8614d00ab96c44f4a7301234451b4af55f13ac549ca5ae434a365ccc5ec32,LEGITIMATE,train,5270
5595,247c25e75b38de80be8233f45a5a2c09f3833fba25cb1706ace8dab0ad36b85e,LEGITIMATE,train,5271
5596,d1d29bdbd1de01f04bf02315c758efafb5d84d0639de75347eb43ee2ff4a56f5,LEGITIMATE,test,5272
5597,36726466e7e5de442e7ffafaed84ba5c2c5b7e50216efa74789faef0d6e41764,LEGITIMATE,train,5273
5598,de7690612e1ffc77fe15289c7dd401da72e2b961336a470f5f3663cc446d9130,LEGITIMATE,train,5274
5599,3023e26d3a89007e06f62a9e35c6a416704c64a733aeed47ce8f2e43faf9e8be,LEGITIMATE,train,5275
5600,18245c075b31a9867f8f12606fa414ffdea35e271764f1a36271e732ec8502f9,LEGITIMATE,train,5276
5602,e1e057353535d4db1c54cb5e815c417679948a3b0591f6ea92652abeaa9ab9df,LEGITIMATE,train,5277
5603,2852a954860407e41b879ae952b432645bcfc1c596cb9e71fa4977e604e03fb1,LEGITIMATE,train,5278
5604,62da0e550832fca94ef1857e5413abb7a9d3b8bf0055f5c83640952e4c1f861b,LEGITIMATE,train,5279
5606,9dce9002d8259eea9e6068595de81e2763a6aa7bda85886271980766c4cefa0f,LEGITIMATE,train,719
5607,5e456d5e19684a2a61de6ef85e911cd4ee8e67ac8f0f54ec593019f37f0ea6df,SPAM,train,5280
5608,32a4980a1a7a6764d5b4bd1504c3d472bd68252ef49bba9dcf866964c3784e94,LEGITIMATE,train,5281
5609,e125484bd5e606959815c40d3bb64d50cde4e74490dc63deda69323cfb9452e1,SCAM,train,5282
5610,9acf7c0ed11a03587f08d1919b33b3de66ee7673a19358bb922abb4d39a54a27,LEGITIMATE,test,5283
5611,3d0dbf1d70d65d0306b0bb77fc279f57d1876cd30cd5573753fcbac71792ad0e,SPAM,validation,5284
5612,17ded3bfe610a6b57629140b9e6481f6e73766f47ee089951f004e3681ab7db8,LEGITIMATE,train,5285
5613,9ec0399071169f77edc9dfcf8b166daaa40500804d757d93baef89781b1c73dd,LEGITIMATE,train,5286
5614,c14367db39f2ac3874f93a456d2e2bfd9ea4a6c906835d2175b85a620e625564,LEGITIMATE,validation,5287
5615,aaf908f6e02c115d605eec6b382ec6e045b755aef6e19f48af47c0d8291d5dcb,LEGITIMATE,test,5288
5616,6988b5f3e5a2f01a220341ef613d42b44e6dd5bdd347f6a4a58fc67b21735a6d,LEGITIMATE,train,5289
5617,a42cb9e3394795a63ed43d65526152348da0220c859d90b25fc380e380145abe,LEGITIMATE,train,5290
5618,0c65d73d29274ed0d7c48a2eb43ad576e08835d39712b7ff8dd2edb4b4b8a645,LEGITIMATE,train,5291
5619,074e1ef27b6ab165763e6c573e8ec6a0aab736d9ed93289895428dcfc2409895,LEGITIMATE,test,5292
5620,f9a8af78fda696e1be8522d2fc12462fa6ce0a7bd3220a6c648aaed74fd75c89,LEGITIMATE,validation,5293
5621,df9aeb888cd0640036d5179436ddfa0880bc52037e3c338a8f673d21eea3fc12,LEGITIMATE,validation,5294
5622,50f79299bbd2ff92f9b1c2af54104872e3517a8d130272689ba5e7630a04ce12,LEGITIMATE,test,5295
5623,68ec23bd33eff11c2de5c1d5b22ef205fc45493460dc1b6690da0bcb2af27009,LEGITIMATE,test,5296
5624,3b11c65405ba317b0999eeaa481c73a8d907d253e136500e9f4f4baa9f8d7fd1,SPAM,train,5297
5625,4b30e1ad790bf58c6670c564068f63abba3a3a1f864ae651292221cb54c5fc69,LEGITIMATE,validation,5298
5626,448c9fe62500ca1e51bb3f55effd6019c4cb1f2d4a180f0ba801134275c896d7,LEGITIMATE,train,5299
5627,180f41cc06430dbec0d7a82dff46e04713f7f066c07f482c0946f6b294e0025a,LEGITIMATE,test,5300
5628,2e712875105cbb5c49f0f60d92a2d6c0bf002adc36857e2c7f0c9b1e6a65c4b4,LEGITIMATE,train,5301
5629,d53bddf9f599fff8f9ff459e6c13d29ec6614afe6a8648c1f94fcdb191b524b3,LEGITIMATE,train,5302
5630,1b696ca2f4044b73050f2cf559776711456540ec2eb9d31eb04b707a6dc7426b,LEGITIMATE,train,5303
5631,3356b29d36974d99dca67992f91de2ce9690aa0a8bcd0048d00f62033e2e2a48,LEGITIMATE,train,5304
5632,09ab552e5c1a05b273b8e8b74faeae2a84818833341bb088fd92cee6e67f8698,LEGITIMATE,train,5305
5634,fa3827383542f32b8bd8f7b1f7f106b8307469bbdf71c4200e29c7cff7587aa9,LEGITIMATE,validation,5306
5635,825cf8d2bcd782d59f01312b8aa3122bdf02a3a4e5cbf8aa2d4e292965c9e749,LEGITIMATE,validation,5307
5636,784513a14ccc80a51864f8db4c0b3649fa28bed8487aca0565f06054614d3426,SCAM,validation,5308
5637,d060eb8787f96162c100f98a85cc94ae73344c626ba2154d1c3b6f098683b698,LEGITIMATE,validation,992
5638,a046f7b0c5d2d92892fb28fd1c6a939883f9c973ed5ec64e4891c256056638a1,LEGITIMATE,test,5309
5639,40609e437af2f67adcbb3e3778914ed072237410a5da02315e8d3a802d8c0700,LEGITIMATE,train,5310
5640,a6706f08671cf16721e4552e6575d99f40afbaee9dcf4ddae4ea0b7f4f921125,LEGITIMATE,train,5311
5641,2df1e0e6c7f18e31ac1d2ded476b7d1af8cbb22e8e1772222c0cc1fdd2bf2215,LEGITIMATE,train,5312
5642,bfbbbff7ce93bb3a50faef3d915e116bffbc7f688c3eb1ba962c52f6f4e4a2cf,LEGITIMATE,train,826
5644,de2b4749bafbc7dcc39dd12235e88e741c643ff3187ac2176a4c0db47a248f66,LEGITIMATE,test,5313
5645,53c5c43356065d5f236476038a440be671e4b84b53ec8742f17859fccb9959f2,SPAM,validation,4396
5646,1928fdd54c63c599d4e1eedb67d7393bfc99876bc0df9b5f250835fbaa5e59fa,LEGITIMATE,validation,5314
5647,8f31238f96eb5bba9f2a3a2d79069714dd0108576eb16e778d5978cbc22d8362,SCAM,train,5315
5648,0556ca70588476bda1436796f38aad351c1e614114609ed20ab1d4c2a443cacb,LEGITIMATE,train,5316
5649,36f7fc00e0fb189c35bbf23552e8545b55e663c3de4342f95633485dfac580d7,LEGITIMATE,test,5317
5650,3342d24a2986eb11b46c1a9a492ca2bd33871ace0aa629efa78b0b2d433cb9b5,LEGITIMATE,train,5318
5651,fac0983dce995dc734ee669e20b4a4efb626b26b4b83e95e372b74f4def3fba0,LEGITIMATE,train,5319
5652,b7b8e838f0aa02ec2cf5369a4508ca12364c1f34abf2b2cb1d2e594197f1249e,LEGITIMATE,train,5320
5653,b5737a71bffce2764aa9f9cb8f49de9695b85e48a79cd612b296c3fb5199f4b2,LEGITIMATE,train,5321
5654,5513e53cbd49149b19d1aa7da5869333626f2b28206a60024a26e1712d4063d2,LEGITIMATE,test,5322
5655,f2cceadf5969d4a7ec93b7a536d7b5638a2a66effd11a0d8f88226b439b2d00c,LEGITIMATE,train,5323
5656,ae3b55f0d5b43dce6e4ffbcf6a882c7f069861fce5c27d68fc2dbfb221688671,LEGITIMATE,train,5324
5657,3d100e460b3496de5ad086a8987437fd48519155dfad0df789472c629108313a,SCAM,train,5325
5658,7a2d82f0cc7336f8c952cf6ae967509dd81b464c2e6df8073d79934cbb44f9fe,LEGITIMATE,validation,5326
5659,b5fc87e5030547b31f6172243f46d5cbdcfc9e7b8d396fb2d15532a59c0dc15f,LEGITIMATE,train,5327
5660,56f90e501cfc4f464c02f129c2cb6524a064510921bd5ce63b5c2a9de3753038,LEGITIMATE,train,5328
5661,7ce4f3570306161892b023f466a4be054c9cf752ec0687ea2d58926e367a7e64,SPAM,test,5329
5662,560425dc14a32f21aed0a2fafd54c1ae2d80980b9a5a134f7fb585ee44c98481,LEGITIMATE,train,5330
5663,ce2263711a3d353f9b657cbcb7cde4108511a4a1402d85f06685b298a6e03a6e,LEGITIMATE,test,5331
5664,183343093b1eb989fed5062cc27004259bd32b028053a8ddeafadb02264f6726,LEGITIMATE,train,5332
5665,98ad11ee76fd6802a59f5faaa27437ba255b739ebe6dbbb1034933fbfb63e1f3,LEGITIMATE,train,5333
5666,8d93b1c512361d388be7cdc2cf9bfec984e96f70f4484206c030257ffb0a6c5c,LEGITIMATE,train,5334
5667,fd2df2d9cce8d96f674e680d3c54b96d67d0a94a9efdbfca167588f535d8ece8,LEGITIMATE,test,5335
5668,9a346baafee476a45212edd1e409c0ecb745ebd4b4695c18d8002c42b7ed4f21,LEGITIMATE,test,5336
5669,ca967ea2b39cd1533d0c0156365083235557b34b92f203b90621a00fd2fe8489,LEGITIMATE,train,5337
5670,40b9379cca020e49fce815cdc31bca351fa80a95049993ff7b33421d3f9644e3,LEGITIMATE,validation,5338
5671,4378664027e7564822c00feece7f02383eedbcf3aba55b87abff7d8ebee3ec2d,LEGITIMATE,train,5339
5672,9f6dbb7f59636e3983007ba089599e06f5238cd09841f1fca8fbc73c7c760520,LEGITIMATE,train,5340
5673,d61aa11b20b9123aac7d4bd7a0dc293bf8f4c4ef8279d960e44c04f610e98a99,SPAM,train,617
5674,2fdf314be64ece3bc273d8ba5da8c4fda26c02ae9f66810c9967a209c9a8e2dd,LEGITIMATE,test,5341
5675,d31e2ab96b2e51ac2d93d16d9f192659e049c9c04e155d714775263192619efa,LEGITIMATE,train,4816
5676,a77055c0f26bb2be93675289bacbc64b5ad42fea5e125231a74c73ae4e63a8b2,LEGITIMATE,train,5342
5677,1d97c789c5df7363aab709461fe3b723a458aa7e41ad8b7db38485e474818452,LEGITIMATE,validation,5343
5679,d8c131829e353dd5ffbe48d501279ac3a70f08b50e7cd812fd7deec090620e2e,LEGITIMATE,train,5344
5680,ecd0f145107a2a48d094dc3968cfdf62ecdb944b9061bd96f61f9229297607fb,LEGITIMATE,train,5345
5681,f223e2757feda1b3e42841d5548d924c8fab03dfa980dbbd207b4c2b7da8f6d7,LEGITIMATE,test,5346
5682,5a86be7a811ca0d30378671fcd44b791f4ea913cf90059d0cc12c9229bdd22c2,LEGITIMATE,train,5347
5684,19ef07b0df4e66102005a7c6de7634bc9d198e5d4e7864abb226c34bb6c8a21f,LEGITIMATE,train,5348
5685,949389c7929acaedf8bdd7ee1cb37a64b8624913e0ea7f43081fb590562c91c1,LEGITIMATE,train,5349
5686,acd016d52f1529668e9f2ec9de58137f5bfbe33e03ee3bc43c89c2d1a83b6966,LEGITIMATE,train,5350
5687,0583800bd1372477f3d192e1c5f994d8b1f09e96ec38ae19a5f1a241f897b6d9,LEGITIMATE,train,5351
5688,f9e5c688a75913d1670b71805ba372cc00ae0e2ad13321c347da9cbe72fe6659,LEGITIMATE,test,5352
5689,b681f9cdb1d28196dd13fb27b46f72229bb9001cef69ae2d9a48d19e38b5aa89,SPAM,train,5353
5690,6aaf7abacc47a456519f980423eefef096ff691029077d42bb74663bc0c85333,LEGITIMATE,validation,5354
5691,22d3452941ede993484fd9e87faac996d13f2a497ed90639da4fe3a45e65e362,LEGITIMATE,test,5355
5692,62572419867e357273a03dcb6e1f3ca4b96a1b8eef87c2398f3110f719e950a9,LEGITIMATE,test,5356
5693,264d3a08fad4300e7ac9b8d2a985f0dd41d35a441a63f66be7cd3a1d3ab8243c,LEGITIMATE,train,5357
5694,415417c374d40ba0454c162a3ee00f5a6e87f7304493e51cdafddcf427ae7017,LEGITIMATE,test,5358
5695,9e733f6608cf8273d191a550c6be1f192192eefc54c3b90782ceddd4cfdfe915,SPAM,train,5359
5696,9cdb97734b159652c677173f73b951e1107fc44d8ab7e561879d39fa1738fe5c,LEGITIMATE,train,5360
5697,e846f01e463e5a9ac264cf3eadba303da39585ceaa673af80acb9482779bd65f,LEGITIMATE,train,5361
5699,ee7319e3d5bd4b81ae8ae8e1d885f3d006b6f1450b909a66e0ac2542dd5b8266,LEGITIMATE,validation,5362
5700,c66ce217437a4434d53d63ada6125f6986b45baffe633db6474120a0789cea84,LEGITIMATE,train,5363
5701,e0aa30cde9fae3efc62a964f6a842cb0830f5c0b3ef06237e2f334a76d2c80a3,LEGITIMATE,train,5364
5702,aa6dc10049ce191b586f67703502a2d9cfaec97e710d355827a0ed7c459ee45e,LEGITIMATE,train,5365
5703,3c9fc06723f79b16f66868113036bbbac6afaa83911f3d65ac954c31f8dc54b9,SCAM,train,69
5704,fe229ebaa886ae64ed958615aa13a9017029e5965e22f17d2e82947f5f887f5d,LEGITIMATE,validation,5366
5705,07bd4a2ecb74ec56616cc656641e674b1b52b9a6f35bfff90ba9bde894d97ab2,SPAM,train,5367
5706,bea88a54a2f67790d89206e2d2f19ba0527b837d91f79bae3e5b92d64d36ce9d,SPAM,train,5368
5707,b853ef6fecdad985a52cffcb0f3841b364fee02b7b60e61e2efbe98f5e395a5b,LEGITIMATE,train,5369
5708,0fa8490a67cb1d8ce7949f812197bf4d5763570dd5910e913881876b045bcb0a,LEGITIMATE,train,5370
5709,134c5ae2e8fa23903f284c9707a447560f28c3fd82157876606587bf2d67bbc9,SCAM,test,2994
5710,f1bfaea49d8bf17131383b777116afafe7b272fe1ae533735e7cee9de1f06200,SPAM,test,5371
5711,5bdda73bb5e04cf8afe1f2cba544abed34d7fa255ff9dca6b609ffda4c1fa5a5,LEGITIMATE,validation,5372
5712,1b1fcae082c22cf1a127b152a2c2ea2f7a3482a3e2451dee4e2065f509600d6e,LEGITIMATE,train,5373
5713,dc4f4eda81b7f1b62a00cc2a5db7b019138bbbed565e0b1a802f1bd73aa7ad84,LEGITIMATE,train,5374
5714,ebf6b703efd5f0b56f439171ef4a675ac3c9be53f0f8525aa79809d743507bcd,LEGITIMATE,train,5375
5715,0baf2c80405e279bd606d81a7b648cfbdeb985246f0a0a7e89fd404e83f52ca6,LEGITIMATE,validation,5376
5716,0509879247dfd1fbfee025696a9879ba58d2ed44a5c1a00acc71610db1dc97a9,LEGITIMATE,test,5377
5717,473fb05bb57e14ed7dcda771b766e3a2158e60820036be34ec0076bde119f7fd,LEGITIMATE,train,5378
5718,ef176a972d897cf5007d64b5329e23386d2c4885cae480131ffb28be0fe39ef0,LEGITIMATE,test,5379
5719,fa5fe395f44d8ea8015011185b11bba464b8c9e3928cd86f6a80660fde2ba896,LEGITIMATE,train,5380
5720,fea5c9e03dfb43af047c98633ade2a1721ccb2c47e424cc530c794ed7f00c95d,LEGITIMATE,train,5381
5721,34c039a5719120ed8140c61c58cfd9e89f31a67221e5cdace064153798540a6a,LEGITIMATE,train,5382
5722,cfb4072d3af41806dd905ba0dc10207f1326598682bf15153dddb24b63c1c175,LEGITIMATE,validation,5383
5723,489158857781ca1f35276b3d6a82a08a9fba823607803cca2ebb67610a484391,LEGITIMATE,test,5384
5724,e115221588255de3382e508bc4208b934285d6efb00482a845b58244cdd3badf,LEGITIMATE,train,5385
5725,bd9e9af6a5fee46c7037f0b198de820f4ed79b2f70155775636c1ad9be3725f7,LEGITIMATE,train,5386
5726,b2284f15bd2185d71be3c05e8bbd5a037c00a42aee0514f8accd7add5fe4c994,LEGITIMATE,train,5387
5727,1a32ffa48c809e2125ea11ad4225cb4852b4cc7c394b82367e4208de5709f034,LEGITIMATE,test,5388
5728,46de4a45cf8ee952b2fb49a487ea45b18735ffa51f98c7611b745edb1800f014,LEGITIMATE,train,5389
5729,f3bb501b6ebfa488969e170ec2022fa47d35830d9e90c8cc0b1bf6ed521d6296,LEGITIMATE,validation,5390
5730,d5ecdab7c79b2e2ccda4d7d44b7a260ed5c1a3ab645ca2ecb96b2f5c75577043,LEGITIMATE,train,5391
5731,e610bb884c0d459499c60654cc568e6c52c95134282de19e0cb726aff79f5871,LEGITIMATE,validation,5392
5732,e0cb512b5576a42a267c9f483837561892ee6601c6f4e7c2249b03779384ca13,LEGITIMATE,train,5393
5733,617e15803c9f08e60e8f40565daf22e915a9198df5798fff111ff255e52c093e,LEGITIMATE,validation,5394
5734,a41d0ad0521cc0fe6f91779c03c21e80d9d508c6dfd708f0990bf479951fcc70,LEGITIMATE,train,5395
5735,4f4bde3d38be2bd5b288cdcae7c82056f47691c8680855a23c0aceeccc7ad7ed,SCAM,test,4797
5736,b15fceec73673f69178222aab328f47fbf1805c087958a92259d774cf817c385,LEGITIMATE,validation,5396
5737,886d6d3668e3f192b4e3a08535bbe77da2896e53ab43f34475613ea794bcc757,LEGITIMATE,test,5397
5738,c46045aacda546ecd933a7a2c4bbefec85d0e2095f5a0794f3696a07443e4691,LEGITIMATE,validation,5398
5739,c155243f6a20f902667bd486615e32ed046ac43e950ddf6462455b4d6324679d,LEGITIMATE,test,5399
5740,917243ea52882c617aca7016a3f9c20d22ffb320ce7b7b10253ac5162a770755,LEGITIMATE,test,5400
5741,1056fa9612aad006cadd9f450ea2964c29150307fd6e8008d27efc88646c6c95,SPAM,train,5401
5742,64482386b0a4713741c5447ee88ed40312b055bd8e9e49f8ca073dc2dd3548cc,LEGITIMATE,test,5402
5743,3a1180b513ae4863fc2e0583d475c8b69d9bd8f26e29b624e436e49a2d81cddc,LEGITIMATE,train,5403
5744,2bea45de0ab32e299f2419c74d4e3172a88495f10b74d114850562519157855b,LEGITIMATE,train,5404
5745,8fbeeb5c0ee18ec6896890f7bed97e8779b090a1a71140d4579a843ca9f31f83,SCAM,test,786
5746,489bd6893f9252af5619db60f3528c2e64c4ce0e8842b2165063277a2e57b41d,LEGITIMATE,validation,5405
5747,55589d27295d4a1ffc42ba8b6d338ec6dfb3905aa3c8e05ff0c5df0eabebe943,LEGITIMATE,train,5406
5748,15dc85867fc125d539714bcbcf42ed61116e2337eedacfb84fb3e256b7581027,LEGITIMATE,validation,5407
5750,cd6313ac0bb04d332920e52316540006412cd5099975edc0dc8543c19c838d1c,LEGITIMATE,validation,5408
5751,6199b742a7d7f45cdbc18049184d6c15b8a41a7619dcefb48fee26438cb2febb,LEGITIMATE,validation,5409
5752,770672abdaf9326c4a2d8ff8050804d3d5a06f4ccef4699d6928c5700cab2f43,LEGITIMATE,validation,5410
5753,941a5777731fcbed8192ae9002cbd3246e5dd2d4f255c7e7cb4de2e74f7a6670,LEGITIMATE,train,5411
5754,3228fb9ca6835c98bbc351d80981a9ba143ec3b8b91cc2f8d49cf720dbf0b839,LEGITIMATE,test,5412
5755,f26bd7e5d100aff34427242521542073668a332f3e9a3e35d8268078a941fad2,LEGITIMATE,train,5413
5756,46571e82cfbda5292d482e30e1e29fffde0de861e1e2def9949e48faaf182b2f,LEGITIMATE,test,5414
5757,5d66d05bfb8be649de78f066d101a57b6dfe9c83d728bf525e0de349d8ee7b04,LEGITIMATE,train,5415
5758,6fc100599d5f643c652b631554e4ee722fe8313d52a45a6691042e7377938115,LEGITIMATE,train,5416
5759,cb627a033b9ca526ffc434dd8de4dbb78488b726ac4f9041728a99bdb20405fe,LEGITIMATE,train,5417
5760,708cab3729c1598382cffa0e9e141d9b82b1236cab331737b0ed977828da92c5,LEGITIMATE,test,4321
5761,2ab5026e40d5ced62005bcfc05034250453fadc8aca497092e3551a928899a19,LEGITIMATE,validation,5418
5762,78e565ba13aac8446957c8c81236bfaa3aa1f339a7a111f051ddaabad78f2f86,LEGITIMATE,train,5419
5763,5e6ede944111f3f96bad715989ceca3a13bc894024d836ec8804f9ad9cfc2551,LEGITIMATE,train,5420
5764,4f22bac7e80e3cdaed2b17c060e4ca2dd6c9fc2f0f53b66b35f999548a9b7a36,LEGITIMATE,train,5421
5765,bd624fd021e5596313baf7316598f65ac65c9da98f7b7866af8ebe65e02fb227,LEGITIMATE,test,5422
5766,f1dea75b140e4a73935992522837b264d99dd73b23f1a980c365301e1324bff7,LEGITIMATE,train,5423
5767,a9cc82d45b334dbf3a42e9be990fbe752550cd071100af01782e3bea36592e0a,LEGITIMATE,test,5424
5768,ff4f9332c0a2c337329acfd537e57d987ea90113f98000bf3eae836919c9b867,LEGITIMATE,train,5425
5769,47d079518e7a16899ce2b3cb1af0e071194600d0e9e8054e683f44d9e04dd231,LEGITIMATE,train,5426
5770,a975b1feb4df2c224385f63b0ef7a4966e675906ccaf3417470b7889c9d0729a,SPAM,train,5427
5771,37956e342be05ccdf2691dad6bbe4846dd8f5fc0b9189110dd511681ebe0e3b3,LEGITIMATE,validation,5428
5772,2a86dd1d6b918b3529f3094326c173fb7f14f25e64d48529a88449328c93b52f,LEGITIMATE,validation,5429
5773,e64ca657fc1ba326c7853dac776a1c957bdd7a9f32de91c815c7d5f63279bf47,LEGITIMATE,test,5430
5774,99abe2fda0515b94f0c1c15e4e65d90ae6d5127bcdeb8390091f5e7d9891f9a0,SCAM,train,3294
5775,4960cfae23c986aa5c47e863151f13cd7de102107cfe4477bc56ede10e2c0c67,LEGITIMATE,train,5431
5776,2149ed9150cdf2ac6544a299fc16f4e1b6dd57c2fe2cb91b26de44526b3d3940,LEGITIMATE,train,5432
5777,bedc13e8806fc814182e5b373ef9ba64ef663cb91144c085d104f42b6585139a,LEGITIMATE,validation,5433
5778,97d6df96ffbaf65dd1873cb51089ab174e45a1b913fee31b7a1d88a49a11c0c3,LEGITIMATE,validation,5434
5779,635522a3a115d7aff0b89b457b070e3dc4bb5fc9b91df77b3aa23a0c39d284cc,LEGITIMATE,train,5435
5780,545d77f9175a73f38fa319af6afd5518c69f49e68790ddb74261e96f0876d55b,LEGITIMATE,test,5436
5781,4321ab7e5e909b3e22ad5134ffb219d0d65432ce660af4b748431c743cd0f7f6,LEGITIMATE,train,5437
5782,c0652e83cedbfd612ce95e9edfa53bea47a45007d75329b27bc2e4a376c17714,LEGITIMATE,train,5438
5783,a908cb4efff570cb6db1becc8f4c4c5cd54320d54db480b0bb26dbbc90cf0d97,LEGITIMATE,train,5439
5784,6c1ae49c5346272e624a4ec9cc64143e4165c607e0cb00e724bb8f546a10d397,LEGITIMATE,train,5440
5785,e803800804e35e18aecbb43fa3714844a28bde4fbb5c5420d6fb9e3f1afcaab6,LEGITIMATE,test,5441
5786,4e129bbdbadb35597184c3b27051d5862bf10e66f2a082e8c02f0807ea69e088,LEGITIMATE,train,5442
5787,6a029909331c9bb27175dc1687c2abfe40e076af3afbc3ef210e245f7e29dc63,SPAM,test,5443
5788,5859747dda1897ef8b16033c11d0230cb2734d08602d8fe3690fe4415f105a43,LEGITIMATE,test,5444
5789,0c389d85f96596bbbf76930bbb3ff311490e61f5a256e807884826fab8e5c5ad,LEGITIMATE,test,5445
5790,f5b1c540a4b95e2f53411c9e7ad05dce963fc382d4a9a5dfa97fe83c580db34e,LEGITIMATE,train,5446
5791,fd1a20b920442645b3cfb2ee91c137968635ca0ebc86abd4cf6ab5e2368a9eb6,LEGITIMATE,train,5447
5792,f01a07550fb6e034befde574392a084e5f9106b678d044e1f427d3ddd64bc6a0,LEGITIMATE,train,5448
5793,468d3cbad5ad660fc766978580db799339b7bd01a6080936a159d43e4e1233e2,SCAM,train,5449
5794,dfa384b9d2ee023084b6f51f39614d28ac25f9728e073a02c4dd1670020f8d0f,LEGITIMATE,train,5450
5795,8f865572f41ef6e8c1274589304942e5c94a1feca5f993b28a5089cabcb2efe9,LEGITIMATE,test,5451
5796,01965253a126c577be087e0a27c57dab0703c4c27a810f68012f698a65323489,LEGITIMATE,train,5452
5797,9d307cef409e092807e5281b3d2d1c5a7306bf72d8fb05ec0cfe3a3735679484,LEGITIMATE,train,5453
5798,04381f9d3fac04d7bb9d225fbdc37791e0d564e59178ef76e82cc0cd057a013f,LEGITIMATE,validation,5454
5799,7cb1cbb904b0ce176b786482141afeb90942e228b96bf3ab84c5a491fc2bd5fc,LEGITIMATE,validation,5455
5800,be12047152dc9cb10b953b0d35f799d5df23abd5372487a82253c10e96f767c0,SPAM,validation,661
5801,b96c49eda11ba98f048aa96bc119a5206e304030a2a7b20d264778d7d4a2bb0f,LEGITIMATE,train,5456
5802,473111ac4c3b80498d13577eeeb3ff58f30303586e65e582b39becd9ca3267cb,LEGITIMATE,validation,5457
5803,b06fbc0fea4a9a8390f21cc21e597bc2a7350e60ee46793ef8cfa3e944537440,LEGITIMATE,train,5458
5804,4d9dfd6707bc4836ff2e0477bcba8f6fa212080f67482c9dc964caefe305bc0f,LEGITIMATE,train,5459
5805,16408c059aadf639a28ce531e530c1e5cadfff84a018ca703a79b409cb7e00ad,LEGITIMATE,train,5460
5806,7453c476d9d6277557aa20816e5bcb526f08e0788ca7ee6a48e310182a7d2434,LEGITIMATE,validation,5461
5807,09a6b04a8a2d811a4edcaaea89a510c4ba5d418871d437cc0a6c696bd88b0665,LEGITIMATE,test,5462
5808,80ffd5a66c812487830869cbe0956f024470dd0ba115eaa759de371b9c300726,LEGITIMATE,validation,5463
5809,473ec5e86f19ba3cb8de6a80ab1cc6056605a54874e52aa8e5a2e6a2cf645a01,LEGITIMATE,train,5464
5811,8b68e879d701b3d8d2bcdad36edceff3fa64428dbb728fcb29153f765f3a93e3,LEGITIMATE,train,5465
5812,44e3203b6708bfeeac2aa6d7f3849bd498a21aaad80d2fcb08cf7ba71ec57b2c,LEGITIMATE,train,5466
5813,2ce1b53c22310436f0b8489733210ad20943983f52b4f50ab91a95ba85146c3f,LEGITIMATE,validation,5467
5814,37c473e04ff7359b79d8d14ee6cf75cd875cd751f6e84499a339ae84504a9ffe,SPAM,validation,5468
5815,617bb8332c88943371f184a1b4c4f89ebc323b9a61e88f362796115cd7cda203,LEGITIMATE,test,5469
5816,c023715cb573914aff141174f869cb8215d96440d01133783516d3bb906c3543,LEGITIMATE,validation,5470
5817,ae0a6109aa55246b28f510f36987f3201324ffcacc365e337f82efcd6e6ec95e,SCAM,test,5471
5818,0e41dfbe55460ca65e7897f70665675d544aa99b4aa6e299aa0b15ab364784fe,SCAM,validation,5472
5819,db52addd8080144baf3b92a18683598be23c55fd43b10e96776aa7e4848032a6,LEGITIMATE,train,5473
5820,775b3c6eed65f529d562d9d543a2a01a173c2e4494031402404c63bc51a3907c,LEGITIMATE,train,5474
5821,755c5bf3b9c2fa8e3c4cfef7e41442dae1587d116e2f822aa86d1547de77b51a,LEGITIMATE,test,5475
5822,b09958cecdf7e155d19d6cc688636b20f6a25f4d4f775f7c9d9feada052d840e,LEGITIMATE,test,3892
5823,3f66e648fe7945cd18231ff85d7ae32d88af9cc64be570e88a03702e396c8237,LEGITIMATE,train,5476
5824,041cb8d567581dc8c50d99ead49abc02525e8a16ee39898d8416ecaa72852ace,LEGITIMATE,validation,5477
5825,5e286c03c492e178738ab9c99ecd8d139c0192ed1e51a3ca57e12e8db3b46c95,LEGITIMATE,train,5478
5826,19e6428475c03fd46298bffc6834a3824080c56043cf5e9611d8009f77fbb169,LEGITIMATE,train,5479
5827,819dfd0db60a0f0136fef9a15dcb42dd78be423f10d8d3978df10e449bb66a41,LEGITIMATE,train,5480
5828,eb9bf67676965e96d82aaf13de8ad89708b6e40847da5138035a11b9efd56623,LEGITIMATE,validation,4584
5829,2e8f0a69e173355ca21fcaca19dcb0e7284d0a750222fb5b6dd1bee22cbaa296,SCAM,train,5481
5830,c9c65acb2c2c0c66aa54ae3a578e9b5502634c3e8ba76b6e2ba9bf66609dcfab,LEGITIMATE,train,5482
5833,bcc5d7358281242145f77428f1b11197c8299c959c66da6a5af0b9d8e4e11093,LEGITIMATE,validation,5483
5834,adf628f793db6caff49f4af129b9d20c84590ff3a4cba1fe426a1fc8a8f62b14,LEGITIMATE,validation,5484
5835,2f9067a632003d2bcb2bbf46aa25be177090a08728894cacab17f89c482eb4e4,LEGITIMATE,train,5485
5836,b677a4bd639241d73a70073260f22ad4a74713bb1d54c416b15b56d6219d5c9f,LEGITIMATE,train,5486
5837,3d5d6a8df9f5909ba086282a33b08db78396b9c3d4b318d19a86c2dd3e9d83e1,SPAM,validation,5487
5838,dabca9d4cb4f24aa75e178d66dbdc7562948a4da01e96aa6e4c6939f385530b1,LEGITIMATE,train,5488
5839,78fea6419c412ea8b368f657c3ce914b013a7d9e6398a183139c50ba4f5161d4,LEGITIMATE,test,5489
5840,bd0303284aa6e38200353abd6ad4098e6bbe64c699bb807021436e95da3f662d,LEGITIMATE,train,5490
5841,5cce886cb4acfa371c2b8ad78a5d115605f9645bad41a1d653859daadc6f2302,LEGITIMATE,train,5491
5842,4c662e643c51b11158ca904d888222d0e5cddc3b2e4c1d971ac7883503b83e4e,SCAM,validation,5492
5843,8c7fb1d9ba6abd56894b575f7c3adcd3e3de46491f836731b96853be8b5c3e3c,LEGITIMATE,validation,5493
5844,2a787bbddcea0769188266baddbe9bf97b14c9c2f696aa16e6818eff26962c8f,SPAM,test,5494
5845,f0144b0dca4c6b9f98bc1722a819591cb244ac183f06ce2fc6b61321c38855ef,LEGITIMATE,validation,5495
5846,22d2d3a7e61453abce0d115700f56e5e9646f816117326b53249db69de7d2b3c,LEGITIMATE,validation,5496
5848,d2217c541b91f2c89f40d090e3848bb8cf128e622508434a5cb4bb985b65b069,LEGITIMATE,train,5497
5849,534cb9562cf4407404643872785f889739e2c25120d310fc300e1364d48fdf47,SCAM,train,5498
5850,30039b7971259ce4c19608b02c7b5182699ba0e2e1616bde3f19068b78c9a704,LEGITIMATE,train,5499
5851,7d723bed5f07a5a8829650c571e7ec090312167a1149e672d3d677807406de7b,LEGITIMATE,validation,5500
5852,cb872988e8388aebbe9c729103c349058697e165cdd304d4c9e2c043f96482cf,LEGITIMATE,test,5501
5853,dc2d07d6ff12dc42ca24ec3c491be30cfe458b937bc817c95b69f95d4d21bab6,LEGITIMATE,test,5502
5854,64501912e41242adbeb150fb328d864768ecae810fd31416793b789826355cfe,LEGITIMATE,train,5503
5855,a6535145b926d34afe018eaa6bf2fc6977455ca9a0416275e15a8af2233fe76e,LEGITIMATE,train,5504
5856,5cc0badbc2bda8f6b5657c2a88eafb49e301ad406ddb7200d22cee2c0e10bf67,LEGITIMATE,validation,5505
5857,3a50705ba02123fa182bcd31cb1ffa3165715a44b46527fb4ca38e7a8ffa03b3,LEGITIMATE,train,5506
5858,c1d6c4e843ad87dec6d347e5a30950497b6ce275c00b3fb2e28a26c1ad8207c0,LEGITIMATE,test,5507
5859,9799cf0c3aa5cced3e04813c0b93013507f7e7fba667f563bc29841becfa15f3,LEGITIMATE,validation,5508
5860,aaa5f3edda42fea2825af940cf21f9c7fca1ab1077313272410d86ec08679b48,LEGITIMATE,train,5509
5861,c7aac9192d441361bd915f37537ceeaea8665109a0e075fe68c74821949ff317,SCAM,train,5510
5862,b1f9c4665144215fb5b713681fce87ef58374c1e57f518a3cede23ce83fb4d07,LEGITIMATE,train,5511
5863,4f135bca18df630c50e75d82e402b7f28d3adb522cf213be44966f715f001ea8,LEGITIMATE,validation,5512
5864,992a712c61b96eb542a4671d0bd20c3bcda8e35b2eafc23d626393de2429411a,LEGITIMATE,validation,5513
5865,44defe964071d3f5982006d5e37f0caa6b0139cd6615a139f31b67c9859ab9ee,SCAM,train,5514
5866,66e1ad66fd165db5ffa6f9835d4943a814f892667de19d5b544ac25ba591280b,LEGITIMATE,test,5515
5867,f77192fbb336d1719d6032848bdd3aa66bd81ca88f9046fed651bf827bb25474,LEGITIMATE,train,5516
5868,26bfae468d89c5243907a22fda40e0f25ad7e3600d4e2f2829d7bd0de70e7abb,LEGITIMATE,train,5517
5869,4dcea3c89593cd1297baceb9a97e96e9ad44d2d801a82103f1bc0d03359e8f4e,LEGITIMATE,train,5518
5870,490b683a52628348ee3709a6a3f5ae4895d9e28e0a7ea768b230af28e313e9a7,LEGITIMATE,train,5519
5871,b5233afed1cdc65ce56ed240bd783df56a8031f33a3675bf27bc189c2c2364f3,LEGITIMATE,test,5520
5872,868db96d37390a8a84d3778a3075f05bf0edb68c4f59685d399be64d0c93a252,LEGITIMATE,validation,5521
5873,0a9073784422efba55069429bd63f3f7e57065be64f04015fd2e6726ebfda602,LEGITIMATE,train,5522
5874,46179cfa8a1dd208c2baea792462a20eea99297b5b9dc0ddc70f5ce714898c05,LEGITIMATE,validation,5523
5876,3b8860cb4d318c6e4f218abace8f085f7bfb60340ce2467f39e77926d7648845,LEGITIMATE,train,5524
5877,70e2f1309d7e57cbae4ec24594b52a3eb84f5935a50ba407f0a631aa9d76c86f,SPAM,test,163
5878,498679edeb305023d72568b0ced6cc22831e98110f9c8c87c698818d36babb51,LEGITIMATE,validation,5525
5879,f51ee73dfdf743a7b62030a7f56b684cd47f81f3903f209276d0b458c0899e81,LEGITIMATE,train,5526
5880,4b76b812d22c9d946fb7f9604ce4007354b4e7210b5c4ffc412f718ec355816a,LEGITIMATE,train,5527
5881,bf471123796abddc5a76a18d31ab56248e45830ca33cc456589bb9f3f3d14dc0,LEGITIMATE,train,5528
5882,ce9e33343735503173d11c736188c34a3b0df809b5c9efb42cce3d7760d7c8aa,LEGITIMATE,test,5529
5883,dfcc0a090bd5e203e3418bd449031f5911189961810962accbb61a2144f5c3b5,LEGITIMATE,validation,5530
5884,38c48e0fe60659a9b89edfe3ccd50ed64749c14605d5f96fcae421c2c2345e40,LEGITIMATE,train,5531
5885,957a72cb3409abb8cfb6ddee5a997b6123d6a488a6c26a549cf19446434a77b9,LEGITIMATE,test,5532
5887,c5aea5692c33504b3aed287f4c2ca348369b9b7a4f400e04583ddd803851e18c,SPAM,train,5533
5888,04942b4131a41f9ed201e5222bec2049d61f50a5d4c466855448d226a3b543bc,LEGITIMATE,train,5534
5889,aa4cdc27142ead70439153c1ffae024e10403d24ba5bca3085b6b17aa6d94c5d,SPAM,train,5535
5891,fa759ad30544db4bb803dbe41edc5e5ca627320e9a996edf8bf876db9d6bdcb3,LEGITIMATE,train,5536
5892,c6a644184dab9fd6c28bb636be756dc76262f2a4119cc0a6f01aee46ad42db33,SPAM,train,5537
5893,260f4c70da88591c68dd5cd1f3bc7afaf89a011da563195e82c76864120d62bb,LEGITIMATE,validation,5538
5894,1ca25be3131dd6929b6955341d939abf2a581365e4ee80d84df7c1af02b36120,LEGITIMATE,train,5539
5895,fbdc19ea8cf23fb0bb65b81530f1b757ec97e24b54c9a3fabb89fadc614cf5cf,LEGITIMATE,train,5540
5896,aaed42ef900522053ec6a34e97dbf6f3341cb1ca337646d44edd83f8dd33af4b,LEGITIMATE,train,5541
5897,bafde722add2ce712bbcface3d47fa1bef8360335e3475638ea0c50d85766fcd,SCAM,test,5542
5898,76afed4c3d953aad0ebb5e3b8ff7816967d18aefd37ce3023b235ca7c249bae3,LEGITIMATE,test,5543
5899,c337817019c6f25440a983fc89a96401fdb658951b06dec9ee5438031fe3c431,SPAM,train,3404
5900,7c1651d547c28ed9ed719a71ddaa695b79e560b94dc16db738088b61a09c4589,LEGITIMATE,test,5544
5901,dfb2969544d1bea87946eced32f8bfa5d322a7ce386f8de5ce336111ed4347d5,SPAM,train,3460
5902,11fec78cbc63c6b8727f10af814f41496ef60d043cd504239f6be0a4fb260d41,LEGITIMATE,train,5545
5903,3e8736b5091504006463c857214da3cf9dc071c870ba200e847a5f98268ab2cd,LEGITIMATE,train,5546
5904,bb791ffd2cc96422d5b6f4ec7c58e95173ff83b82e68bbc11b5f8846489eca29,LEGITIMATE,train,5547
5905,6cecbc486bc1b7bcd36806c2f6d14c9faae00c8513b5806b531f2e1dff91100a,LEGITIMATE,test,5548
5906,e285ca96b9509621a439380a8fa50596c5c62836c21e11fd73bf075c9630701c,LEGITIMATE,train,5549
5907,160996cf9d34a93b88969c930b2c5ffc276c34a3c968a700d54879a9837f4458,LEGITIMATE,validation,5550
5908,48364d3c1c05e6fc834321261c69565ccc727eae7ed5b3b3f6e06f4583400c59,LEGITIMATE,validation,5551
5909,6a7ab32c99e413d85c7bae9b8862a1b0b74e7d79b7f75ed2f41474ab0c256534,LEGITIMATE,validation,5552
5910,d34a7adcede37b7d0990d1822d2718916ee242409ec6bda55e97778b4384fe4c,LEGITIMATE,test,5553
5911,9479028a5ffc309400c0d155642b6185ffdb8381d89c7921c10e62bb0c25823b,LEGITIMATE,test,5554
5912,170fedc9b0ed2fc1f0313261e5ba3a23776881523c20f6297f4255b493ce3511,LEGITIMATE,train,5555
5913,0de51cc3994665a5e81087c7be843ce906be3b064843aa4844a06bb9614d3756,LEGITIMATE,validation,5556
5914,1e2c36a855bf5c4248781b9225d8518dcdaa1307214eab62bed1368351b2b41c,LEGITIMATE,train,5557
5915,8329e48755f32809fd8e99973992c3be77346bf495c6f670a808b398301f1dea,LEGITIMATE,validation,5558
5916,602f4a7d2ed435f73e1d9a10f92881c2a73bd5688a67ea621c845cedce8d2594,LEGITIMATE,train,5559
5917,5a10aa653bc7319c34ad1bd1276a194f77c951c54da0cac5d25f96c206694513,LEGITIMATE,train,5560
5918,437ac390e3ffb683ddf7208c3c18cff030cee74b120c04cb9cd68fd26a8557ea,SPAM,train,5561
5919,bc37dc8ed8fab4d37e042c4aa0456409ade2bbd3875aa0c0ca9df393cc516aeb,LEGITIMATE,validation,5562
5920,e0d18644d9cbf5b353ad60ae6a5e2e7c3e282862c9e9976f34dd447865aa0820,SPAM,train,5563
5921,a916bb67d5eda43f9165513db9b2140f29560c10bc3f08583eed453f4bedd4ec,LEGITIMATE,train,5564
5922,b59ec7dc0ad0431adc25619115486c2ccbbfce8bb9d4d2292690c5b7d2cb4080,LEGITIMATE,validation,5565
5923,98f5aa31744e278e50cb92d992a8426a375b096f2a9b3f300b760c15ab3d7bf3,LEGITIMATE,test,5566
5924,9a9a6efdc4af993fc41d176605fe8026165de5b804422ea28569de3e8fa0341b,LEGITIMATE,validation,5567
5925,9b09ef5c910fcac8fbd55bda097cb4c62fb327edf48909f7d31359a20843bb97,SPAM,train,5568
5926,a7af2a458885366fe4cf132610ef106fa392526475f6851a4dcdbfc50b28be8c,LEGITIMATE,train,5569
5927,671945009d1f1b7aad75dc2a06cf9b2f6a4b467736e6ad6e70547f005e2b6e4d,LEGITIMATE,train,5570
5928,3776899cfb950c09ec28b3f700307a41130634dce75e44d5e7e4a211a5cc28f3,LEGITIMATE,train,5571
5929,45f96412dc45806a5d3adace7b388485e542a1047edcdafc51b2020924a576b2,LEGITIMATE,train,5572
5930,d6060574047c8c222825102fc73c22fa88bedc2e6b59a0424131d67582418112,LEGITIMATE,train,5573
5931,2e0dfba2fb47a8e5edcad82aa991c1a804ac64602b34401e5b3b34508bff2cbe,LEGITIMATE,test,5574
5932,bbdabee5f3538dce959d96c09a0b45ed44fd3d5706701a7addb6333161fcc98e,LEGITIMATE,test,5575
5933,394aa89313489c73f0f40a21034d2d28b5c0f81aa1be97c27ffa0e9699500a15,LEGITIMATE,test,5576
5934,ce6d6a3f9ecdda3a63a996b7630b93050590266e44d68a3143c9cd646879733b,LEGITIMATE,validation,5577
5935,b2589a77be814927729039a18950e28a25501ff6e164e7aedb7891340e76426c,LEGITIMATE,validation,5578
5936,37cd3ed7a20df1ccca350975d4faa77f3d55f54c3193572829245454c6dc8608,LEGITIMATE,test,5579
5937,d2df742e64391fe0201fe7884f8c51658a7cc2f74b407e430349f777f5ea4708,LEGITIMATE,train,5580
5938,728d8760e33bb90f488176f592e66d583ba6b4fdcd945d4f87a2ac666a8098f2,LEGITIMATE,train,5581
5940,8450e9ae59ff50f3cba7ea934845d567e2e9213abfbea89d56f1b1979885df11,LEGITIMATE,test,5582
5941,6735c26ae1db34b36a59e512e20136a6c685822f3d3434ef06cec212608d15f3,LEGITIMATE,train,5583
5942,07c5fce05b15d3eb3a580cef9eed242b1a576d20355435a55efc0e87f280ab9b,LEGITIMATE,train,5584
5943,2a29305c0df323fe642161afc990085761a0fa20d50e3619117cd407eacdb009,LEGITIMATE,train,5585
5944,0b1046af7b1b2b6ffe2589930b796de783739e4ec47971ff858d14eb36996646,LEGITIMATE,train,5586
5945,987051b921b74d5f637b09d17fc36116e9ece3eb83f79d91de5f70c562289f8d,SPAM,train,2377
5946,ce855c7efd7dd39cd8e94ad9ad3acae48397186d214dbd5b0c49abcf075bb913,LEGITIMATE,train,5587
5947,85d77f8dca92cfa12d2e446a4f32cba3a5ef7cd3587ed2e3f3972dfc3c55b4c1,SCAM,train,5588
5948,5a29cb973de9fd4385179f6695fb60a95a3b3501bc13370ae9db81b6334ac192,LEGITIMATE,test,5589
5949,01d1acc59b7403856e8fcd32fa253c73c3e0100f9ddd27479fbb07f5e13ae787,LEGITIMATE,train,5590
5950,d80a552e7b5cefeabee24703af2d740dcf0c7806128695fc312051373963ccf9,LEGITIMATE,test,5591
5951,51d0f4891f98e05fde24dde0fba889ea1068fbb7a55445e403e36df35729b254,LEGITIMATE,validation,5592
5952,04e84873833b946504f62590a142d6cb9a900bc2bf9c9067d76faed457225056,LEGITIMATE,test,5593
5953,c084c75382f94a968c7a27d427728062793518c367f92bc4075d461a809ae21f,LEGITIMATE,validation,5594
5954,accf6848b17e0ea0c315dd26313df8d90d6deca7134cf95173f4530aa603bd09,LEGITIMATE,test,5595
5955,587636fc617b86fe91249e7b7dcf7ee7cbb9851042bbef0044158e800c229620,LEGITIMATE,train,5596
5956,f99309675b630223fb67cf4f45159440fa070fda406768f5a012bd8ddea838ec,LEGITIMATE,train,5597
5957,4fdd7e88e291bc9e6721fa430c9aa0f0b998824dbd26f4338ff83edb2d1daa86,LEGITIMATE,validation,5598
5958,54596e89df5098775ee0f0ccd276e43fa459c33ee17f85c1579b3d581efcd777,LEGITIMATE,test,5599
5959,517a151b68dc1e3dbce3e0ac6458e397473db8f94fe3b20792a4a5f48acfde30,LEGITIMATE,train,5600
5960,1bb382605f09ad6a267c96931c6fe74a8e0e54c143530670eb6104592b232cdf,LEGITIMATE,test,5601
5961,2a59fca67d174b073202e64d1d28f69bdc377c39d9df69adcdf4b73db000e8be,LEGITIMATE,train,5602
5962,3b3eb8a93fc8ee6a1402c4895b91c49d52529f6c4a515af1257e4cf38b4f7d2c,LEGITIMATE,test,5603
5963,79125c178f06ea753339eb2e846a104a67fedbb863ac7330dcb8fc018d34260e,LEGITIMATE,train,5604
5964,d914aee78c3c45dd69f95412e82e2538399691c3b985f524a497426861a14b5b,LEGITIMATE,train,5605
5965,c3cdb3c0b2990ddbd4672ae999b452cf06799cf31ae69ff884cbc02580d719fa,SPAM,test,5606
5966,2c193eb6324a585283a279958a74ae3d51bce25a8296bd7f03e8903541a0c178,LEGITIMATE,test,5607
5967,3cdca3972884e896e76f572bd994efca84a65beec317853a74299690e75464dd,LEGITIMATE,test,5608
5968,5161991c52b6303af2e59df36b991228a90ae273ef1a1e5029f413702a42f7ad,LEGITIMATE,test,5609
5969,0c2df30dfa205eb6448e76dd35943f2ffce66e6ed84ead33aa91ee112e2637db,LEGITIMATE,train,5610
5970,0325c9496071e18376cbb01158a4a7dc8ca9d7f9f96f8e28bca90dd6f61ba937,LEGITIMATE,train,1078
5971,60562b7037d97a88c0fd83baf8da74bf2527fae25ebce1d05ec077efdd546c68,LEGITIMATE,test,5611
