path,location,term,context,source_role,disposition,evidence
docs/ARCHITECTURE.md,line 5,Forensic,The product uses the warm-light Forensic Intelligence identity and a general international scope.,Report/defence/current documentation,"Approved visual identity, terminology discussion or limitation; no chain-of-custody validation",FINAL_CLAIM_AUDIT.md; DESIGN_SYSTEM.md
docs/ARCHITECTURE.md,line 35,Secure,"their HMAC digests. Production requires Secure, SameSite=None and exact HTTPS origins; Origin/CSRF",Report/defence/current documentation,"Concrete control/browser term, scoped security discussion or claim to avoid; no security certification",AUTHENTICATION.md; SECURITY_REVIEW.md
docs/ARCHITECTURE.md,line 57,verified,checksum-verified TF-IDF Logistic Regression artifact,Report/defence/current documentation,Scoped source/control/version/test observation or explicit missing-evidence discussion; see adjacent qualifier,FINAL_SOURCE_REGISTER.md; FINAL_RELEASE.md; REQUIREMENTS.md
docs/ARCHITECTURE.md,line 81,Forensic,"React 19, TypeScript, Vite and Tailwind provide the responsive application. `AppShell` supplies the desktop sidebar, mobile navigation, skip link, focused route headings and titles. The design system centralizes the Forensic Intelligence tokens, short motion and `prefers-reduced-motion` behavior.",Report/defence/current documentation,"Approved visual identity, terminology discussion or limitation; no chain-of-custody validation",FINAL_CLAIM_AUDIT.md; DESIGN_SYSTEM.md
docs/ARCHITECTURE.md,line 106,verified,"Message processing is synchronous after durable intake. The checksum-verified JSON artifact contains a three-class word-ngram TF-IDF Logistic Regression model (`LEGITIMATE`, `SPAM`, `SCAM`); no pickle is loaded. Deterministic indicators cover urgency, threat, credentials, financial requests, impersonation, prizes, investments, job/tasks, delivery/account themes, secrecy, redirection and suspicious actions. Context rules suppress safety, education and negated examples.",Report/defence/current documentation,Scoped source/control/version/test observation or explicit missing-evidence discussion; see adjacent qualifier,FINAL_SOURCE_REGISTER.md; FINAL_RELEASE.md; REQUIREMENTS.md
docs/ARCHITECTURE.md,line 133,Secure,"auth pepper, at least one exact HTTPS CORS origin, persistence, and `Secure; SameSite=None` cookies.",Report/defence/current documentation,Secure cookie attribute or browser secure-context prerequisite; concrete technical term,AUTHENTICATION.md; SECURITY_REVIEW.md
docs/ARCHITECTURE.md,line 137,verified,The user-verified production target is Vercel Vite → same-origin `/api/v1` CDN rewrite → Render,Report/defence/current documentation,Scoped source/control/version/test observation or explicit missing-evidence discussion; see adjacent qualifier,FINAL_SOURCE_REGISTER.md; FINAL_RELEASE.md; REQUIREMENTS.md
docs/ARCHITECTURE.md,line 141,verified,checksum-verified and never runtime-downloaded; Phone numbering metadata and the QR decoder ship in,Report/defence/current documentation,Scoped source/control/version/test observation or explicit missing-evidence discussion; see adjacent qualifier,FINAL_SOURCE_REGISTER.md; FINAL_RELEASE.md; REQUIREMENTS.md
docs/AUTHENTICATION.md,line 3,verified,Status (2026-09-10): **complete and user-verified in the Vercel → Render → Neon production,Report/defence/current documentation,Scoped source/control/version/test observation or explicit missing-evidence discussion; see adjacent qualifier,FINAL_SOURCE_REGISTER.md; FINAL_RELEASE.md; REQUIREMENTS.md
docs/AUTHENTICATION.md,line 15,Secure,Production uses one `Secure; HttpOnly; SameSite=None; Path=/` session cookie because the Vercel and,Report/defence/current documentation,Secure cookie attribute or browser secure-context prerequisite; concrete technical term,AUTHENTICATION.md; SECURITY_REVIEW.md
docs/AUTHENTICATION.md,line 16,Secure,Render origins are different sites. Local development uses `Secure=false; SameSite=Lax`. The,Report/defence/current documentation,"Concrete control/browser term, scoped security discussion or claim to avoid; no security certification",AUTHENTICATION.md; SECURITY_REVIEW.md
docs/AUTHENTICATION.md,line 68,safe,"Overview, Analyse and Account routes, preserves only safe in-app intended destinations, and returns",Report/defence/current documentation,"Proper product name, explicit risk limitation, scoped technical advice or quoted claim to avoid; no risk-free verdict",FINAL_CLAIM_AUDIT.md; LIMITATIONS.md; FINAL_SOURCE_REGISTER.md
docs/BACKGROUND_OF_STUDY.md,line 13,Safe,## Google Safe Browsing,Report/defence/current documentation,Safe Browsing is the cited Google product name; not a SCAMGUARD safety claim,FINAL_CLAIM_AUDIT.md; LIMITATIONS.md; FINAL_SOURCE_REGISTER.md
docs/BACKGROUND_OF_STUDY.md,line 15,Safe,"Google Safe Browsing is intended for developers integrating URL threat checks into client applications. It exposes threat-list and lookup facilities rather than a complete four-mode case-history application. The v5 documentation describes URL canonicalisation, hash-prefix checks, local lists/cache and online modes. It distinguishes raw-URL lookup from hash-prefix lookup, and documents an optional Oblivious HTTP relay for additional IP privacy (Google, 2026a, 2026b).",Report/defence/current documentation,Safe Browsing is the cited Google product name; not a SCAMGUARD safety claim,FINAL_CLAIM_AUDIT.md; LIMITATIONS.md; FINAL_SOURCE_REGISTER.md
docs/BACKGROUND_OF_STUDY.md,line 19,Safe,"The comparison therefore justifies SCAMGUARD's bounded offline method and clear limitation text, not a claim of superiority. Message classification, telephone metadata, camera QR and private assessment-history behaviour are NOT YET EVIDENCED within the reviewed Safe Browsing API scope. That statement does not describe every Google product.",Report/defence/current documentation,Safe Browsing is the cited Google product name; not a SCAMGUARD safety claim,FINAL_CLAIM_AUDIT.md; LIMITATIONS.md; FINAL_SOURCE_REGISTER.md
docs/CAPSTONE_REPORT_GUIDE.md,line 9,Safe,| Chapter 2 Background of study | Critical VirusTotal/Safe Browsing/Truecaller review; Tables 4–5 |,Report/defence/current documentation,Safe Browsing is the cited Google product name; not a SCAMGUARD safety claim,FINAL_CLAIM_AUDIT.md; LIMITATIONS.md; FINAL_SOURCE_REGISTER.md
docs/CAPSTONE_REPORT_GUIDE.md,line 12,verified,| 5 References | 19 verified primary-source APA entries |,Report/defence/current documentation,Scoped source/control/version/test observation or explicit missing-evidence discussion; see adjacent qualifier,FINAL_SOURCE_REGISTER.md; FINAL_RELEASE.md; REQUIREMENTS.md
docs/CONTROLLED_EVALUATION.md,line 27,secure,"| brand_structure | `https://paypal.com.secure-login.example.net/verify` | true / true | SUSPICIOUS_SUBDOMAIN_BRANDING, SUSPICIOUS_KEYWORDS | ELEVATED |",Report/defence/current documentation,"Concrete control/browser term, scoped security discussion or claim to avoid; no security certification",AUTHENTICATION.md; SECURITY_REVIEW.md
docs/CONTROLLED_EVALUATION.md,line 58,verified,No-auto-open and stream cleanup are verified separately by browser/API tests in FINAL_TEST_REPORT.md.,Report/defence/current documentation,Scoped source/control/version/test observation or explicit missing-evidence discussion; see adjacent qualifier,FINAL_SOURCE_REGISTER.md; FINAL_RELEASE.md; REQUIREMENTS.md
docs/CONTROLLED_EVALUATION.md,line 80,verified,"Tuple order: structurally_valid, crc_valid (null means not verified).",Report/defence/current documentation,Scoped source/control/version/test observation or explicit missing-evidence discussion; see adjacent qualifier,FINAL_SOURCE_REGISTER.md; FINAL_RELEASE.md; REQUIREMENTS.md
docs/CONTROLLED_EVALUATION.md,line 93,safe,a safe payment or absence of fraud. No bank app or real payment is part of these fixtures.,Report/defence/current documentation,"Proper product name, explicit risk limitation, scoped technical advice or quoted claim to avoid; no risk-free verdict",FINAL_CLAIM_AUDIT.md; LIMITATIONS.md; FINAL_SOURCE_REGISTER.md
docs/DATA_FLOW.md,line 17,Secure,A-->>B: HttpOnly Secure cookie + public profile + CSRF,Report/defence/current documentation,Secure cookie attribute or browser secure-context prerequisite; concrete technical term,AUTHENTICATION.md; SECURITY_REVIEW.md
docs/DATABASE.md,line 55,safe,| users | Normalized unique email; nullable legacy-safe normalized username with partial unique index; nullable full name; Argon2id hash. | Personal account data. Profile edits only affect the current user; email is read-only in the product. |,Report/defence/current documentation,"Proper product name, explicit risk limitation, scoped technical advice or quoted claim to avoid; no risk-free verdict",FINAL_CLAIM_AUDIT.md; LIMITATIONS.md; FINAL_SOURCE_REGISTER.md
docs/DATABASE.md,line 64,verified,by that cascade. Provider backups may retain older copies; app deletion is not a verified backup purge.,Report/defence/current documentation,Scoped source/control/version/test observation or explicit missing-evidence discussion; see adjacent qualifier,FINAL_SOURCE_REGISTER.md; FINAL_RELEASE.md; REQUIREMENTS.md
docs/DEMO_SCRIPT.md,line 15,secure,| 45–65 s | Submit `https://paypal.com.secure-login.example.net/verify` in URL mode | “This reserved-domain example is parsed without visiting it.” | Explain registrable-domain mismatch and no destination verification. |,Report/defence/current documentation,"Concrete control/browser term, scoped security discussion or claim to avoid; no security certification",AUTHENTICATION.md; SECURITY_REVIEW.md
docs/DEPLOYMENT.md,line 14,verified,> Current-state note (2026-09-05): Task 2 and Task 3 have been verified and accepted into `main`. The established Vercel site remains a frontend-only preview; neither PostgreSQL nor FastAPI is hosted there. Historical Task 1/Task 2 branch instructions below are retained as deployment history.,Historical record with supersession/context; not current release authority,Scoped source/control/version/test observation or explicit missing-evidence discussion; see adjacent qualifier,FINAL_SOURCE_REGISTER.md; FINAL_RELEASE.md; REQUIREMENTS.md
docs/DEPLOYMENT.md,line 16,Forensic,"This workflow publishes the existing **SCAMGUARD Forensic Intelligence frontend development preview**. It does not deploy FastAPI, create a database, enable submissions, or add detection. Task 2 implements PostgreSQL persistence locally; scam detection and live backend hosting remain later work. Task 2 Core Platform & Persistence is active on `task-2-core-platform`; do not merge automatically.",Historical record with supersession/context; not current release authority,"Approved visual identity, terminology discussion or limitation; no chain-of-custody validation",FINAL_CLAIM_AUDIT.md; DESIGN_SYSTEM.md
docs/DEPLOYMENT.md,line 20,verified,"Git is initialized on `main`. Baseline `a6b996afb630cb5e14211f668074d6410d10c855` (`chore: complete Task 1 application foundation`) is published to [tayyab-hub/scamguard-my](https://github.com/tayyab-hub/scamguard-my). `origin` points to that repository and `main` tracks `origin/main`; the push was verified on 2026-09-03. Vercel is deployed and GitHub-connected at https://scamguard-my.vercel.app/. On 2026-09-04, hosted Overview/Analyse loads and refreshes, four modes and unavailable-backend fallback passed browser checks with no page errors. Task 1 deployment work is complete. Follow [PROGRESS.md](../PROGRESS.md) for evidence and limitations. The connection instructions below are retained for reference; this checkout is already connected and must not have its remote recreated.",Historical record with supersession/context; not current release authority,Scoped source/control/version/test observation or explicit missing-evidence discussion; see adjacent qualifier,FINAL_SOURCE_REGISTER.md; FINAL_RELEASE.md; REQUIREMENTS.md
docs/DEPLOYMENT.md,line 22,safe,"`.gitignore` excludes dependencies, virtual environments, environment secrets, generated builds/test output, caches, logs/temp files, local database/storage files, unnecessary editor/OS files and local Vercel metadata. Its unanchored `node_modules/` and `.venv/` rules apply inside frontend/backend as well. `.env` and `.env.*` are ignored; the exact safe filename `.env.example` is retained at every depth. Source, tests, documentation, package manifests/lockfiles, Python requirements/pyproject and Alembic configuration remain included. `.gitattributes` normalizes text to LF and preserves PNGs as binary.",Historical record with supersession/context; not current release authority,"Proper product name, explicit risk limitation, scoped technical advice or quoted claim to avoid; no risk-free verdict",FINAL_CLAIM_AUDIT.md; LIMITATIONS.md; FINAL_SOURCE_REGISTER.md
docs/DEPLOYMENT.md,line 92,safe,"No separate demo mode or fixture backend exists. With no API, the shell/branding/navigation and page headings load, and failed health requests show “API unavailable.” After initial loading, Overview retains its three unavailable metrics, empty Recent analyses and Workspace status. Analyse allows local drafts with submission disabled and no assessment. Both pages show a service-unavailable notice with the real safe error and retry; the failed queries are not converted into fake data. A reachable Task 1 backend still returns the genuine unconfigured/analysis-unavailable contracts, validated by the runtime-validating client. Neither state represents detection results or real analytics.",Historical record with supersession/context; not current release authority,"Proper product name, explicit risk limitation, scoped technical advice or quoted claim to avoid; no risk-free verdict",FINAL_CLAIM_AUDIT.md; LIMITATIONS.md; FINAL_SOURCE_REGISTER.md
docs/DEPLOYMENT.md,line 119,safe,"This is the [documented Vercel Vite SPA rewrite](https://vercel.com/docs/frameworks/frontend/vite). It lets React Router resolve `/analyse` and the app's not-found page on direct requests. Existing built assets are served normally. There is no external/backend rewrite or Vercel Function. With no backend, the catch-all may also serve HTML for `/api/v1/*`; the existing client rejects that response as non-JSON. Pages show a safe retry notice alongside their unavailable scaffold; the health badge remains truthful. No API contract is fabricated. When a real same-origin backend is added later, API routing must take precedence over the SPA fallback.",Historical record with supersession/context; not current release authority,"Proper product name, explicit risk limitation, scoped technical advice or quoted claim to avoid; no risk-free verdict",FINAL_CLAIM_AUDIT.md; LIMITATIONS.md; FINAL_SOURCE_REGISTER.md
docs/DEPLOYMENT.md,line 142,verified,"Task 2 PostgreSQL persistence is implemented and verified locally, while hosted previews remain safely offline. Before connecting any public frontend to a backend, resolve private/shared dataset access, authentication/ownership, consent, retention/deletion, encryption and abuse controls. Do not expose the current unauthenticated backend publicly simply to enable preview submission.",Historical record with supersession/context; not current release authority,Scoped source/control/version/test observation or explicit missing-evidence discussion; see adjacent qualifier,FINAL_SOURCE_REGISTER.md; FINAL_RELEASE.md; REQUIREMENTS.md
docs/DEPLOYMENT.md,line 154,verified,"The URL model is bundled as non-executable JSON (`url_ml_v1`) and checksum-verified before use. It defaults to the module's artifact directory, independent of current working directory. Optional URL_MODEL_PATH can point to an operator-managed artifact with the expected checksum; relative overrides resolve against the checkout root. tldextract 5.3.1 includes its offline suffix snapshot; parsing does not need outbound connectivity, a writable home cache or a reputation key. A missing/corrupt model is reported unavailable while local evidence can still be assessed.",Historical record with supersession/context; not current release authority,Scoped source/control/version/test observation or explicit missing-evidence discussion; see adjacent qualifier,FINAL_SOURCE_REGISTER.md; FINAL_RELEASE.md; REQUIREMENTS.md
docs/DESIGN_SYSTEM.md,line 1,Forensic,# SCAMGUARD Forensic Intelligence,Report/defence/current documentation,"Approved visual identity, terminology discussion or limitation; no chain-of-custody validation",FINAL_CLAIM_AUDIT.md; DESIGN_SYSTEM.md
docs/DESIGN_SYSTEM.md,line 47,Forensic,- The shield mark and favicon share terracotta and warm white. Brand subtitle and footer identify Forensic Intelligence.,Report/defence/current documentation,"Approved visual identity, terminology discussion or limitation; no chain-of-custody validation",FINAL_CLAIM_AUDIT.md; DESIGN_SYSTEM.md
docs/DESIGN_SYSTEM.md,line 53,safe,"At 1024px and above, the fixed 260px sidebar remains in place; it can scroll independently on short screens. Below that breakpoint, the bottom navigation retains safe-area padding, visible active state, and page-bottom clearance. The existing 1480px maximum content width and stacked mobile layout are preserved. Message, URL, Phone Number and QR Code use four compact button tabs. They reflow into two columns below 640px, including 320px mobile; labels may wrap and no horizontal scrolling is required.",Report/defence/current documentation,"Proper product name, explicit risk limitation, scoped technical advice or quoted claim to avoid; no risk-free verdict",FINAL_CLAIM_AUDIT.md; LIMITATIONS.md; FINAL_SOURCE_REGISTER.md
docs/EVALUATION.md,line 50,verified,"Task 9 verified all prepared hashes, 197,700 isolated domain groups and reproduced all 36,901",Report/defence/current documentation,Scoped source/control/version/test observation or explicit missing-evidence discussion; see adjacent qualifier,FINAL_SOURCE_REGISTER.md; FINAL_RELEASE.md; REQUIREMENTS.md
docs/EVALUATION.md,line 76,safe,"not a legitimate merchant, safe payment, valid recipient or absence of fraud.",Report/defence/current documentation,"Proper product name, explicit risk limitation, scoped technical advice or quoted claim to avoid; no risk-free verdict",FINAL_CLAIM_AUDIT.md; LIMITATIONS.md; FINAL_SOURCE_REGISTER.md
docs/EXAMINER_QA.md,line 3,verified,"68 distinct questions. The short and deeper answers are targets for approximately 10 and 30 seconds, not measured rehearsal results. Speak the direct answer first, then reason and evidence. Evidence paths are repository-relative; open the cited file and explain it in your own words. External concepts use the verified sources in FINAL_REFERENCES.md.",Report/defence/current documentation,Scoped source/control/version/test observation or explicit missing-evidence discussion; see adjacent qualifier,FINAL_SOURCE_REGISTER.md; FINAL_RELEASE.md; REQUIREMENTS.md
docs/EXAMINER_QA.md,line 67,Safe,"**10-second answer:** VirusTotal, Google Safe Browsing and Truecaller, using their official documentation and a common comparison structure.",Report/defence/current documentation,Safe Browsing is the cited Google product name; not a SCAMGUARD safety claim,FINAL_CLAIM_AUDIT.md; LIMITATIONS.md; FINAL_SOURCE_REGISTER.md
docs/EXAMINER_QA.md,line 69,Safe,"**30-second deeper answer:** VirusTotal aggregates analysis, Safe Browsing checks maintained threat information, and Truecaller supplies communication reputation and Phone/URL lookup. I compare scope, deliverables, design and documented implementation. Undocumented internals are labelled unknown; I did not benchmark these services or infer that missing documentation means a feature is absent.",Report/defence/current documentation,Safe Browsing is the cited Google product name; not a SCAMGUARD safety claim,FINAL_CLAIM_AUDIT.md; LIMITATIONS.md; FINAL_SOURCE_REGISTER.md
docs/EXAMINER_QA.md,line 129,secure,"**30-second deeper answer:** After a mutation, affected queries are refreshed. Account changes clear private cached state and use identity-aware query keys. This prevents stale account information appearing during transitions, but the API still independently checks ownership. Cache behaviour cannot secure a server endpoint that lacks authorization.",Report/defence/current documentation,"Concrete control/browser term, scoped security discussion or claim to avoid; no security certification",AUTHENTICATION.md; SECURITY_REVIEW.md
docs/EXAMINER_QA.md,line 199,verified,"**30-second deeper answer:** Both were selected from fixed candidates using validation macro F1. Their JSON exports are checksum verified, and frozen runtime predictions reproduce held-out matrices. Phone metadata and QR/payment classification are deterministic, as are the evidence rules and fusion policies around the learned outputs.",Report/defence/current documentation,Scoped source/control/version/test observation or explicit missing-evidence discussion; see adjacent qualifier,FINAL_SOURCE_REGISTER.md; FINAL_RELEASE.md; REQUIREMENTS.md
docs/EXAMINER_QA.md,line 239,verified,"**30-second deeper answer:** Its 2022 publisher record and CC BY licence are verified. Cleaning retained 5,797 rows; the labels map to LEGITIMATE, SPAM and SCAM. Source/OCR artefacts, historical English content and imbalance limit interpretation. I did not generate these training rows or reuse private application history.",Report/defence/current documentation,Scoped source/control/version/test observation or explicit missing-evidence discussion; see adjacent qualifier,FINAL_SOURCE_REGISTER.md; FINAL_RELEASE.md; REQUIREMENTS.md
docs/EXAMINER_QA.md,line 249,verified,"**30-second deeper answer:** Message removes exact duplicate/conflicting groups before grouped splitting. URL normalises and deduplicates then splits whole domain groups. Fixed manifests and hashes are verified during reproduction. Campaigns across unrelated domains and temporal leakage are not fully ruled out, so I state precisely which isolation checks were performed.",Report/defence/current documentation,Scoped source/control/version/test observation or explicit missing-evidence discussion; see adjacent qualifier,FINAL_SOURCE_REGISTER.md; FINAL_RELEASE.md; REQUIREMENTS.md
docs/EXAMINER_QA.md,line 319,verified,"**30-second deeper answer:** The forest uses 27 recomputed lexical/structural features. Rules include supported host, encoding and deception-related structure. No HTTP destination, webpage, DNS, certificate or live reputation is collected. A suspicious structure can also occur in benign URLs, so the output is advisory evidence rather than verified website maliciousness.",Report/defence/current documentation,Scoped source/control/version/test observation or explicit missing-evidence discussion; see adjacent qualifier,FINAL_SOURCE_REGISTER.md; FINAL_RELEASE.md; REQUIREMENTS.md
docs/EXAMINER_QA.md,line 363,Safe,**Common mistake to avoid:** Do not convert valid format into Low or Safe.,Report/defence/current documentation,"Proper product name, explicit risk limitation, scoped technical advice or quoted claim to avoid; no risk-free verdict",FINAL_CLAIM_AUDIT.md; LIMITATIONS.md; FINAL_SOURCE_REGISTER.md
docs/EXAMINER_QA.md,line 369,verified,"**30-second deeper answer:** Even if a displayed number has plausible formatting, the application has no carrier signalling or verified subscriber evidence linking it to the caller. Its limits therefore state that identity and intent are unknown. The correct next action is independent verification, not a claim that bundled metadata proves authenticity.",Report/defence/current documentation,Scoped source/control/version/test observation or explicit missing-evidence discussion; see adjacent qualifier,FINAL_SOURCE_REGISTER.md; FINAL_RELEASE.md; REQUIREMENTS.md
docs/EXAMINER_QA.md,line 375,safe,## Q38 QR methodology — Why does a valid QR not mean safe?,Report/defence/current documentation,"Proper product name, explicit risk limitation, scoped technical advice or quoted claim to avoid; no risk-free verdict",FINAL_CLAIM_AUDIT.md; LIMITATIONS.md; FINAL_SOURCE_REGISTER.md
docs/FINAL_ACADEMIC_PACKAGE.md,line 66,verified,## 7. References verified,Report/defence/current documentation,Scoped source/control/version/test observation or explicit missing-evidence discussion; see adjacent qualifier,FINAL_SOURCE_REGISTER.md; FINAL_RELEASE.md; REQUIREMENTS.md
docs/FINAL_ACADEMIC_PACKAGE.md,line 68,Safe,"[FINAL_SOURCE_REGISTER.md](FINAL_SOURCE_REGISTER.md) records **19 primary external sources**, plus the three supplied institutional documents. Coverage: three VirusTotal pages, two Google Safe Browsing pages, three Truecaller pages, the Mendeley SMS dataset, the UCI PhiUSIIL dataset, two OWASP cheat sheets, MDN camera documentation, libphonenumber FAQ, EMVCo QR overview, scikit-learn metrics, Render free hosting, Vercel rewrites and Resend test-domain restrictions. The bibliography uses APA. Publication dates/DOIs were not inferred from unrelated pages; the PhiUSIIL paper DOI is not misrepresented as the dataset DOI. No unseen paper or proprietary internal implementation is claimed as reviewed.",Report/defence/current documentation,Safe Browsing is the cited Google product name; not a SCAMGUARD safety claim,FINAL_CLAIM_AUDIT.md; LIMITATIONS.md; FINAL_SOURCE_REGISTER.md
docs/FINAL_ACADEMIC_PACKAGE.md,line 72,Forensic,[FINAL_CLAIM_AUDIT.md](FINAL_CLAIM_AUDIT.md) and its occurrence CSV cover the eleven requested expressions and 19 substantive corrections. Principal corrections: decision support versus scam prevention; classifier accuracy versus fused risk; Phone metadata versus identity; QR decode/CRC versus legitimacy; deterministic versus learned methods; visual “Forensic Intelligence” versus forensic validation; provider API rewrite versus repository SPA fallback; Truecaller URL functionality; VirusTotal public/private distinctions; final release versus historical status; and screenshots/owner acceptance versus production or human-study evidence.,Report/defence/current documentation,"Approved visual identity, terminology discussion or limitation; no chain-of-custody validation",FINAL_CLAIM_AUDIT.md; DESIGN_SYSTEM.md
docs/FINAL_ACADEMIC_PACKAGE.md,line 72,forensic,[FINAL_CLAIM_AUDIT.md](FINAL_CLAIM_AUDIT.md) and its occurrence CSV cover the eleven requested expressions and 19 substantive corrections. Principal corrections: decision support versus scam prevention; classifier accuracy versus fused risk; Phone metadata versus identity; QR decode/CRC versus legitimacy; deterministic versus learned methods; visual “Forensic Intelligence” versus forensic validation; provider API rewrite versus repository SPA fallback; Truecaller URL functionality; VirusTotal public/private distinctions; final release versus historical status; and screenshots/owner acceptance versus production or human-study evidence.,Report/defence/current documentation,"Approved visual identity, terminology discussion or limitation; no chain-of-custody validation",FINAL_CLAIM_AUDIT.md; DESIGN_SYSTEM.md
docs/FINAL_AUDIT.md,line 17,verified,"| H2 | HIGH (academic reproducibility) | Global LF conversion changed the raw Message CSV checksum from the documented publisher checksum, blocking training-source verification. The archive retained the exact correct original. | Restored publisher CRLF bytes from the hash-verified archive; explicit `-text` attribute preserves them. Normalized text/labels are identical. No model retraining/change. Frozen runtime metrics reproduced. |",Report/defence/current documentation,Scoped source/control/version/test observation or explicit missing-evidence discussion; see adjacent qualifier,FINAL_SOURCE_REGISTER.md; FINAL_RELEASE.md; REQUIREMENTS.md
docs/FINAL_AUDIT.md,line 39,secure,"production settings require persistence, HTTPS origins, secure cookies, strong pepper, DB TLS",Report/defence/current documentation,Secure cookie attribute or browser secure-context prerequisite; concrete technical term,AUTHENTICATION.md; SECURITY_REVIEW.md
docs/FINAL_AUDIT.md,line 48,real-time,"general OCR, a unified cross-modal probability or real-time reputation is implemented.",Report/defence/current documentation,"Browser camera, attributed external mode, historical wording or prospective capability; no measured production SLA",FINAL_EVALUATION.md; FINAL_SOURCE_REGISTER.md; LIMITATIONS.md
docs/FINAL_CLAIM_AUDIT.md,line 3,detects scams,"The audit searched report-support Markdown and root project-state documents for all eleven requested expressions: “detects scams”, “prevents scams”, “accurate”, “safe”, “secure”, “AI powered”, “real time”, “forensic”, “guaranteed”, “verified” and “trusted”, including common case/hyphen variants. It also checked the final Word text. The occurrence register records each match, location, context, disposition and evidence pointer: [claim-audit.csv](evidence/claim-audit.csv). This is an occurrence audit, not a claim that a word filter can establish scientific validity.",Report/defence/current documentation,Claim example or bounded assessment discussion; no universal detection outcome retained,FINAL_PROBLEM_STATEMENT.md; FINAL_LIMITATIONS.md
docs/FINAL_CLAIM_AUDIT.md,line 3,prevents scams,"The audit searched report-support Markdown and root project-state documents for all eleven requested expressions: “detects scams”, “prevents scams”, “accurate”, “safe”, “secure”, “AI powered”, “real time”, “forensic”, “guaranteed”, “verified” and “trusted”, including common case/hyphen variants. It also checked the final Word text. The occurrence register records each match, location, context, disposition and evidence pointer: [claim-audit.csv](evidence/claim-audit.csv). This is an occurrence audit, not a claim that a word filter can establish scientific validity.",Report/defence/current documentation,Negated/unmeasured outcome or claim to avoid; no prevention outcome retained,FINAL_CONCLUSION.md; FINAL_LIMITATIONS.md
docs/FINAL_CLAIM_AUDIT.md,line 3,accurate,"The audit searched report-support Markdown and root project-state documents for all eleven requested expressions: “detects scams”, “prevents scams”, “accurate”, “safe”, “secure”, “AI powered”, “real time”, “forensic”, “guaranteed”, “verified” and “trusted”, including common case/hyphen variants. It also checked the final Word text. The occurrence register records each match, location, context, disposition and evidence pointer: [claim-audit.csv](evidence/claim-audit.csv). This is an occurrence audit, not a claim that a word filter can establish scientific validity.",Report/defence/current documentation,"Rubric expectation, measured-component scope or bounded technical correctness; not population fraud accuracy",FINAL_EVALUATION.md; MODEL_EVALUATION.md; URL_MODEL_EVALUATION.md
docs/FINAL_CLAIM_AUDIT.md,line 3,safe,"The audit searched report-support Markdown and root project-state documents for all eleven requested expressions: “detects scams”, “prevents scams”, “accurate”, “safe”, “secure”, “AI powered”, “real time”, “forensic”, “guaranteed”, “verified” and “trusted”, including common case/hyphen variants. It also checked the final Word text. The occurrence register records each match, location, context, disposition and evidence pointer: [claim-audit.csv](evidence/claim-audit.csv). This is an occurrence audit, not a claim that a word filter can establish scientific validity.",Report/defence/current documentation,"Proper product name, explicit risk limitation, scoped technical advice or quoted claim to avoid; no risk-free verdict",FINAL_CLAIM_AUDIT.md; LIMITATIONS.md; FINAL_SOURCE_REGISTER.md
docs/FINAL_CLAIM_AUDIT.md,line 3,secure,"The audit searched report-support Markdown and root project-state documents for all eleven requested expressions: “detects scams”, “prevents scams”, “accurate”, “safe”, “secure”, “AI powered”, “real time”, “forensic”, “guaranteed”, “verified” and “trusted”, including common case/hyphen variants. It also checked the final Word text. The occurrence register records each match, location, context, disposition and evidence pointer: [claim-audit.csv](evidence/claim-audit.csv). This is an occurrence audit, not a claim that a word filter can establish scientific validity.",Report/defence/current documentation,Secure cookie attribute or browser secure-context prerequisite; concrete technical term,AUTHENTICATION.md; SECURITY_REVIEW.md
docs/FINAL_CLAIM_AUDIT.md,line 3,AI powered,"The audit searched report-support Markdown and root project-state documents for all eleven requested expressions: “detects scams”, “prevents scams”, “accurate”, “safe”, “secure”, “AI powered”, “real time”, “forensic”, “guaranteed”, “verified” and “trusted”, including common case/hyphen variants. It also checked the final Word text. The occurrence register records each match, location, context, disposition and evidence pointer: [claim-audit.csv](evidence/claim-audit.csv). This is an occurrence audit, not a claim that a word filter can establish scientific validity.",Report/defence/current documentation,Learned-component terminology/claim audit; Phone/QR/payment remain deterministic,SOLUTION_APPROACH.md; FINAL_CLAIM_AUDIT.md
docs/FINAL_CLAIM_AUDIT.md,line 3,real time,"The audit searched report-support Markdown and root project-state documents for all eleven requested expressions: “detects scams”, “prevents scams”, “accurate”, “safe”, “secure”, “AI powered”, “real time”, “forensic”, “guaranteed”, “verified” and “trusted”, including common case/hyphen variants. It also checked the final Word text. The occurrence register records each match, location, context, disposition and evidence pointer: [claim-audit.csv](evidence/claim-audit.csv). This is an occurrence audit, not a claim that a word filter can establish scientific validity.",Report/defence/current documentation,"Browser camera, attributed external mode, historical wording or prospective capability; no measured production SLA",FINAL_EVALUATION.md; FINAL_SOURCE_REGISTER.md; LIMITATIONS.md
docs/FINAL_CLAIM_AUDIT.md,line 3,forensic,"The audit searched report-support Markdown and root project-state documents for all eleven requested expressions: “detects scams”, “prevents scams”, “accurate”, “safe”, “secure”, “AI powered”, “real time”, “forensic”, “guaranteed”, “verified” and “trusted”, including common case/hyphen variants. It also checked the final Word text. The occurrence register records each match, location, context, disposition and evidence pointer: [claim-audit.csv](evidence/claim-audit.csv). This is an occurrence audit, not a claim that a word filter can establish scientific validity.",Report/defence/current documentation,"Approved visual identity, terminology discussion or limitation; no chain-of-custody validation",FINAL_CLAIM_AUDIT.md; DESIGN_SYSTEM.md
docs/FINAL_CLAIM_AUDIT.md,line 3,guaranteed,"The audit searched report-support Markdown and root project-state documents for all eleven requested expressions: “detects scams”, “prevents scams”, “accurate”, “safe”, “secure”, “AI powered”, “real time”, “forensic”, “guaranteed”, “verified” and “trusted”, including common case/hyphen variants. It also checked the final Word text. The occurrence register records each match, location, context, disposition and evidence pointer: [claim-audit.csv](evidence/claim-audit.csv). This is an occurrence audit, not a claim that a word filter can establish scientific validity.",Report/defence/current documentation,"Negated guarantee, audit example or expectation; no grade/security/outcome guarantee",FINAL_CLAIM_AUDIT.md; FINAL_EXAMINER_ATTACK.md
docs/FINAL_CLAIM_AUDIT.md,line 3,verified,"The audit searched report-support Markdown and root project-state documents for all eleven requested expressions: “detects scams”, “prevents scams”, “accurate”, “safe”, “secure”, “AI powered”, “real time”, “forensic”, “guaranteed”, “verified” and “trusted”, including common case/hyphen variants. It also checked the final Word text. The occurrence register records each match, location, context, disposition and evidence pointer: [claim-audit.csv](evidence/claim-audit.csv). This is an occurrence audit, not a claim that a word filter can establish scientific validity.",Report/defence/current documentation,Scoped source/control/version/test observation or explicit missing-evidence discussion; see adjacent qualifier,FINAL_SOURCE_REGISTER.md; FINAL_RELEASE.md; REQUIREMENTS.md
docs/FINAL_CLAIM_AUDIT.md,line 3,trusted,"The audit searched report-support Markdown and root project-state documents for all eleven requested expressions: “detects scams”, “prevents scams”, “accurate”, “safe”, “secure”, “AI powered”, “real time”, “forensic”, “guaranteed”, “verified” and “trusted”, including common case/hyphen variants. It also checked the final Word text. The occurrence register records each match, location, context, disposition and evidence pointer: [claim-audit.csv](evidence/claim-audit.csv). This is an occurrence audit, not a claim that a word filter can establish scientific validity.",Report/defence/current documentation,"Trust boundary, workspace setting, independent-channel advice or negated identity inference",ARCHITECTURE.md; FINAL_CLAIM_AUDIT.md; LIMITATIONS.md
docs/FINAL_CLAIM_AUDIT.md,line 7,prevents scams,"| “Detects/prevents scams” or loss reduction | Decision support assesses available indicators. No measured prevention, loss reduction, causal outcome or universal scam verdict is claimed. | FINAL_PROBLEM_STATEMENT.md; FINAL_CONCLUSION.md; LIMITATIONS.md |",Report/defence/current documentation,Negated/unmeasured outcome or claim to avoid; no prevention outcome retained,FINAL_CONCLUSION.md; FINAL_LIMITATIONS.md
docs/FINAL_CLAIM_AUDIT.md,line 8,Accurate,"| “Accurate” | Exact classifier metrics are reported with test denominators, grouped-split method, minority errors and bias. They do not measure fused risk, all four modes or population effectiveness. | MODEL_EVALUATION.md; URL_MODEL_EVALUATION.md; FINAL_EVALUATION.md |",Report/defence/current documentation,"Rubric expectation, measured-component scope or bounded technical correctness; not population fraud accuracy",FINAL_EVALUATION.md; MODEL_EVALUATION.md; URL_MODEL_EVALUATION.md
docs/FINAL_CLAIM_AUDIT.md,line 9,Safe,"| “Safe” | Low/valid/decode/CRC never establishes identity, legitimacy or a risk-free action. Technical “safe error” wording in current engineering docs is replaced by generic/bounded error behaviour. “Safe Browsing” remains the product's proper name. | Privacy/method docs; generic-error and QR tests; official Google references |",Report/defence/current documentation,Safe Browsing is the cited Google product name; not a SCAMGUARD safety claim,FINAL_CLAIM_AUDIT.md; LIMITATIONS.md; FINAL_SOURCE_REGISTER.md
docs/FINAL_CLAIM_AUDIT.md,line 9,safe,"| “Safe” | Low/valid/decode/CRC never establishes identity, legitimacy or a risk-free action. Technical “safe error” wording in current engineering docs is replaced by generic/bounded error behaviour. “Safe Browsing” remains the product's proper name. | Privacy/method docs; generic-error and QR tests; official Google references |",Report/defence/current documentation,Safe Browsing is the cited Google product name; not a SCAMGUARD safety claim,FINAL_CLAIM_AUDIT.md; LIMITATIONS.md; FINAL_SOURCE_REGISTER.md
docs/FINAL_CLAIM_AUDIT.md,line 9,Safe,"| “Safe” | Low/valid/decode/CRC never establishes identity, legitimacy or a risk-free action. Technical “safe error” wording in current engineering docs is replaced by generic/bounded error behaviour. “Safe Browsing” remains the product's proper name. | Privacy/method docs; generic-error and QR tests; official Google references |",Report/defence/current documentation,Safe Browsing is the cited Google product name; not a SCAMGUARD safety claim,FINAL_CLAIM_AUDIT.md; LIMITATIONS.md; FINAL_SOURCE_REGISTER.md
docs/FINAL_CLAIM_AUDIT.md,line 10,Secure,"| “Secure” | Cookie Secure is a concrete attribute, and secure context is a browser term. Overall claims are decomposed into Argon2id, opaque sessions, CSRF/origin, ownership and bounded-input controls; no certification or complete pentest is claimed. | AUTHENTICATION.md; SECURITY_REVIEW.md; OWASP references |",Report/defence/current documentation,Secure cookie attribute or browser secure-context prerequisite; concrete technical term,AUTHENTICATION.md; SECURITY_REVIEW.md
docs/FINAL_CLAIM_AUDIT.md,line 10,Secure,"| “Secure” | Cookie Secure is a concrete attribute, and secure context is a browser term. Overall claims are decomposed into Argon2id, opaque sessions, CSRF/origin, ownership and bounded-input controls; no certification or complete pentest is claimed. | AUTHENTICATION.md; SECURITY_REVIEW.md; OWASP references |",Report/defence/current documentation,Secure cookie attribute or browser secure-context prerequisite; concrete technical term,AUTHENTICATION.md; SECURITY_REVIEW.md
docs/FINAL_CLAIM_AUDIT.md,line 10,secure,"| “Secure” | Cookie Secure is a concrete attribute, and secure context is a browser term. Overall claims are decomposed into Argon2id, opaque sessions, CSRF/origin, ownership and bounded-input controls; no certification or complete pentest is claimed. | AUTHENTICATION.md; SECURITY_REVIEW.md; OWASP references |",Report/defence/current documentation,Secure cookie attribute or browser secure-context prerequisite; concrete technical term,AUTHENTICATION.md; SECURITY_REVIEW.md
docs/FINAL_CLAIM_AUDIT.md,line 11,AI powered,| “AI powered” | The implemented learned components are Message Logistic Regression and URL random forest. Phone/QR/payment/rules are deterministic. Optional external AI is disabled by default and in evaluation. | SOLUTION_APPROACH.md; EXAMINER_QA.md |,Report/defence/current documentation,Learned-component terminology/claim audit; Phone/QR/payment remain deterministic,SOLUTION_APPROACH.md; FINAL_CLAIM_AUDIT.md
docs/FINAL_CLAIM_AUDIT.md,line 12,Real time,"| “Real time” | Live camera describes local frame detection, not a measured production latency guarantee. No live threat/reputation feed is implemented. External real-time API modes are attributed to Google; future feeds are labelled future work. | Camera implementation; FINAL_EVALUATION.md; source register |",Report/defence/current documentation,"Browser camera, attributed external mode, historical wording or prospective capability; no measured production SLA",FINAL_EVALUATION.md; FINAL_SOURCE_REGISTER.md; LIMITATIONS.md
docs/FINAL_CLAIM_AUDIT.md,line 12,real-time,"| “Real time” | Live camera describes local frame detection, not a measured production latency guarantee. No live threat/reputation feed is implemented. External real-time API modes are attributed to Google; future feeds are labelled future work. | Camera implementation; FINAL_EVALUATION.md; source register |",Report/defence/current documentation,"Browser camera, attributed external mode, historical wording or prospective capability; no measured production SLA",FINAL_EVALUATION.md; FINAL_SOURCE_REGISTER.md; LIMITATIONS.md
docs/FINAL_CLAIM_AUDIT.md,line 13,Forensic,"| “Forensic” | Forensic Intelligence is the approved visual identity. It does not establish forensic acquisition, chain of custody or scientific forensic validation. | README.md; DESIGN_SYSTEM.md; methodology boundaries |",Report/defence/current documentation,"Approved visual identity, terminology discussion or limitation; no chain-of-custody validation",FINAL_CLAIM_AUDIT.md; DESIGN_SYSTEM.md
docs/FINAL_CLAIM_AUDIT.md,line 13,Forensic,"| “Forensic” | Forensic Intelligence is the approved visual identity. It does not establish forensic acquisition, chain of custody or scientific forensic validation. | README.md; DESIGN_SYSTEM.md; methodology boundaries |",Report/defence/current documentation,"Approved visual identity, terminology discussion or limitation; no chain-of-custody validation",FINAL_CLAIM_AUDIT.md; DESIGN_SYSTEM.md
docs/FINAL_CLAIM_AUDIT.md,line 13,forensic,"| “Forensic” | Forensic Intelligence is the approved visual identity. It does not establish forensic acquisition, chain of custody or scientific forensic validation. | README.md; DESIGN_SYSTEM.md; methodology boundaries |",Report/defence/current documentation,"Approved visual identity, terminology discussion or limitation; no chain-of-custody validation",FINAL_CLAIM_AUDIT.md; DESIGN_SYSTEM.md
docs/FINAL_CLAIM_AUDIT.md,line 13,forensic,"| “Forensic” | Forensic Intelligence is the approved visual identity. It does not establish forensic acquisition, chain of custody or scientific forensic validation. | README.md; DESIGN_SYSTEM.md; methodology boundaries |",Report/defence/current documentation,"Approved visual identity, terminology discussion or limitation; no chain-of-custody validation",FINAL_CLAIM_AUDIT.md; DESIGN_SYSTEM.md
docs/FINAL_CLAIM_AUDIT.md,line 14,Guaranteed,"| “Guaranteed” | Retained only in negated warnings or audit examples. No guaranteed grade, safety, uptime, detection or privacy claim. | Rubric matrices; LIMITATIONS.md |",Report/defence/current documentation,"Negated guarantee, audit example or expectation; no grade/security/outcome guarantee",FINAL_CLAIM_AUDIT.md; FINAL_EXAMINER_ATTACK.md
docs/FINAL_CLAIM_AUDIT.md,line 14,guaranteed,"| “Guaranteed” | Retained only in negated warnings or audit examples. No guaranteed grade, safety, uptime, detection or privacy claim. | Rubric matrices; LIMITATIONS.md |",Report/defence/current documentation,"Negated guarantee, audit example or expectation; no grade/security/outcome guarantee",FINAL_CLAIM_AUDIT.md; FINAL_EXAMINER_ATTACK.md
docs/FINAL_CLAIM_AUDIT.md,line 15,Verified,"| “Verified” | Each use is scoped to a named local test, checksum, provider observation, source review or explicitly labelled owner report. Owner acceptance is not physical-device or study evidence. | Dated release/model/test records; REQUIREMENTS.md |",Report/defence/current documentation,Scoped source/control/version/test observation or explicit missing-evidence discussion; see adjacent qualifier,FINAL_SOURCE_REGISTER.md; FINAL_RELEASE.md; REQUIREMENTS.md
docs/FINAL_CLAIM_AUDIT.md,line 16,Trusted,"| “Trusted” | A trust boundary, editor workspace setting or advice to independently establish a channel is distinct from authenticating a submitted object. No Phone/URL/QR identity is certified. | Architecture, Phone and payment limitations |",Report/defence/current documentation,"Trust boundary, workspace setting, independent-channel advice or negated identity inference",ARCHITECTURE.md; FINAL_CLAIM_AUDIT.md; LIMITATIONS.md
docs/FINAL_EXAMINER_ATTACK.md,line 11,Safe,"| Fewer than three systems, shallow comparison or invented competitors | VirusTotal, Safe Browsing and Truecaller reviewed across all requested dimensions; Tables 4–5; primary source register | Proprietary implementation internals unavailable | Mark unknowns, analyse documented architecture/trade-offs; no false absence or superiority claim | A fixed; C low public-evidence boundary |","Rubric descriptor, self-assessment or deduction example",Safe Browsing is the cited Google product name; not a SCAMGUARD safety claim,FINAL_CLAIM_AUDIT.md; LIMITATIONS.md; FINAL_SOURCE_REGISTER.md
docs/FINAL_EXAMINER_ATTACK.md,line 25,Secure,"| “Secure” asserted without ownership/CSRF evidence | Test-auth and all-mode isolation assertions, session-derived identity, exact Origin and synchronizer checks | No independent pentest, MFA or broad side-channel proof | Describe individual controls and their tested boundaries; no security certification | A fixed; C medium |","Rubric descriptor, self-assessment or deduction example","Concrete control/browser term, scoped security discussion or claim to avoid; no security certification",AUTHENTICATION.md; SECURITY_REVIEW.md
docs/FINAL_EXAMINER_ATTACK.md,line 56,safe,6. **Phone/QR “valid means safe”:** corrected; practise identity versus metadata and CRC versus legitimacy (A/C).,"Rubric descriptor, self-assessment or deduction example","Proper product name, explicit risk limitation, scoped technical advice or quoted claim to avoid; no risk-free verdict",FINAL_CLAIM_AUDIT.md; LIMITATIONS.md; FINAL_SOURCE_REGISTER.md
docs/FINAL_FIGURES.md,line 16,safe,| 10 | [QR analysis after an explicit upload submission](figures/report-qr-result.png) | Genuine local screenshot; generated example.com QR produced Caution; not an invented safe verdict | Appendix C |,Report/defence/current documentation,"Proper product name, explicit risk limitation, scoped technical advice or quoted claim to avoid; no risk-free verdict",FINAL_CLAIM_AUDIT.md; LIMITATIONS.md; FINAL_SOURCE_REGISTER.md
docs/FINAL_PRESENTATION_RUBRIC_ZERO_GAP.md,line 7,verified,"| Relevance of proposed idea | Highly relevant; addresses key issues and demonstrates significant potential impact. | 30/60-second openings; slides 1–3; defined unfamiliar-content decision; verified three-system gap and bounded workflow contribution. | Explain the decision and why a common explanation/private history matters in the first minute. | Potential value is logically argued, but no stakeholder need/comprehension study demonstrates its magnitude; significance remains examiner judgement. | Rehearse a concrete authored scenario and state potential value without claiming measured prevention or unique functionality. | **9/10 preparation**: plausible potential impact is supported by design/research, but its magnitude and audience reception are unmeasured. |","Rubric descriptor, self-assessment or deduction example",Scoped source/control/version/test observation or explicit missing-evidence discussion; see adjacent qualifier,FINAL_SOURCE_REGISTER.md; FINAL_RELEASE.md; REQUIREMENTS.md
docs/FINAL_PROBLEM_STATEMENT.md,line 5,Safe,"The related-system review identifies complementary approaches. VirusTotal aggregates file and URL analysis; Google Safe Browsing checks URLs against threat information; and Truecaller provides caller/spam information and a web Scam Checker for telephone numbers and URLs (VirusTotal, n.d.-a, n.d.-b; Google, 2026a, 2026b; Truecaller, n.d.-a, n.d.-b, n.d.-c). These capabilities mean that multi-input checking is not unique to SCAMGUARD. The selected systems do not document the same combination of reproducible local Message and URL models, conservative Phone metadata, consent-based QR decoding, evidence explanations and an owner-controlled assessment history. This is a bounded design comparison, not proof that no other product offers the combination.",Report/defence/current documentation,Safe Browsing is the cited Google product name; not a SCAMGUARD safety claim,FINAL_CLAIM_AUDIT.md; LIMITATIONS.md; FINAL_SOURCE_REGISTER.md
docs/FINAL_REFERENCES.md,line 9,Safe,"Google. (2026a, March 10). *Overview* [Safe Browsing API v5 documentation]. https://developers.google.com/safe-browsing/reference",Report/defence/current documentation,Safe Browsing is the cited Google product name; not a SCAMGUARD safety claim,FINAL_CLAIM_AUDIT.md; LIMITATIONS.md; FINAL_SOURCE_REGISTER.md
docs/FINAL_REFERENCES.md,line 9,safe,"Google. (2026a, March 10). *Overview* [Safe Browsing API v5 documentation]. https://developers.google.com/safe-browsing/reference",Report/defence/current documentation,Safe Browsing is the cited Google product name; not a SCAMGUARD safety claim,FINAL_CLAIM_AUDIT.md; LIMITATIONS.md; FINAL_SOURCE_REGISTER.md
docs/FINAL_REFERENCES.md,line 11,Real time,"Google. (2026b, February 18). *Real time mode* [Safe Browsing API v5 documentation]. https://developers.google.com/safe-browsing/reference/Real.Time.Mode",Report/defence/current documentation,"Browser camera, attributed external mode, historical wording or prospective capability; no measured production SLA",FINAL_EVALUATION.md; FINAL_SOURCE_REGISTER.md; LIMITATIONS.md
docs/FINAL_REFERENCES.md,line 11,Safe,"Google. (2026b, February 18). *Real time mode* [Safe Browsing API v5 documentation]. https://developers.google.com/safe-browsing/reference/Real.Time.Mode",Report/defence/current documentation,Safe Browsing is the cited Google product name; not a SCAMGUARD safety claim,FINAL_CLAIM_AUDIT.md; LIMITATIONS.md; FINAL_SOURCE_REGISTER.md
docs/FINAL_REFERENCES.md,line 11,safe,"Google. (2026b, February 18). *Real time mode* [Safe Browsing API v5 documentation]. https://developers.google.com/safe-browsing/reference/Real.Time.Mode",Report/defence/current documentation,Safe Browsing is the cited Google product name; not a SCAMGUARD safety claim,FINAL_CLAIM_AUDIT.md; LIMITATIONS.md; FINAL_SOURCE_REGISTER.md
docs/FINAL_RELEASE.md,line 3,Verified,"Verified 2026-09-12, Asia/Kuala_Lumpur. This is the final release of the accepted Task 9 work;",Report/defence/current documentation,Scoped source/control/version/test observation or explicit missing-evidence discussion; see adjacent qualifier,FINAL_SOURCE_REGISTER.md; FINAL_RELEASE.md; REQUIREMENTS.md
docs/FINAL_RELEASE.md,line 59,verified,The confirmed live Render commit is the verified merge containing accepted Task 9's,Report/defence/current documentation,Scoped source/control/version/test observation or explicit missing-evidence discussion; see adjacent qualifier,FINAL_SOURCE_REGISTER.md; FINAL_RELEASE.md; REQUIREMENTS.md
docs/FINAL_REPORT_RUBRIC_ZERO_GAP.md,line 7,verified,"| Problem statement and objectives | Clearly defined, well-reasoned problem; specific, measurable, achievable, relevant and time-bound objectives. | Report 1.1–1.2, Tables 1–2; FINAL_PROBLEM_STATEMENT.md; FINAL_SMART_OBJECTIVES.md. | No unresolved content gap within the stated retrospective acceptance scope. Original proposal wording is not available and is not claimed. | Defined unfamiliar-content decision, verified tool gap, common explanation/privacy workflow; exactly four objectives with observable measures, phases, dated final-release boundary and qualified evidence. | Confirm retrospective objectives are acceptable for the actual submission; supply the original approved wording if required. | High for every stated descriptor; assessor may interpret proposal scope differently. | **10/10**: specific user/problem chain and all five SMART dimensions are explicit and traceable. |","Rubric descriptor, self-assessment or deduction example",Scoped source/control/version/test observation or explicit missing-evidence discussion; see adjacent qualifier,FINAL_SOURCE_REGISTER.md; FINAL_RELEASE.md; REQUIREMENTS.md
docs/FINAL_REPORT_RUBRIC_ZERO_GAP.md,line 11,accurate,"| Planning and risk assessment | Detailed phases, tasks, activities, milestones and deadlines; thorough risks and specific mitigations; accurate complete Gantt. | Report Chapter 4, Figure 6, Tables 10–12; PROJECT_PLAN.md; FINAL_GANTT.md; FINAL_RISK_REGISTER.md; Git chronology. | Original approved deadlines and pre-repository research/planning, report/rehearsal/submission dates are NOT YET EVIDENCED. A retrospective Git chart cannot substitute for the required complete planned schedule. | Reconstructed 12 evidenced phases; Mermaid and report/table equivalents; 18 specific risks with likelihood, impact, mitigation, contingency and residual status; no fabricated calendar. | Supply approved milestones/deadlines and actual non-Git activity dates; add them to the plan/Gantt with evidence and planned/actual distinction. | High for recorded chronology and risk treatment; incomplete deadline coverage. | **8/10**: missing original deadlines and non-Git phases prevent a defensible Excellent claim today. |","Rubric descriptor, self-assessment or deduction example","Rubric expectation, measured-component scope or bounded technical correctness; not population fraud accuracy",FINAL_EVALUATION.md; MODEL_EVALUATION.md; URL_MODEL_EVALUATION.md
docs/FINAL_REPORT_RUBRIC_ZERO_GAP.md,line 12,accurate,"| Writing | Seamless component connections; no grammatical, punctuation or spelling errors. | Rendered report Chapters 1–4 and Appendices A–D; FINAL_CLAIM_AUDIT.md; corrected current docs. | No identified unresolved language or contradiction defect in the final audited text. The student's later edits require a fresh proofread. | Connected problem → objectives → comparison → solution → plan → evidence → limits/conclusion; standardised terminology; removed stale release claims and unsupported outcome language. | Read the report yourself, retain accurate meanings and proofread any additions. | High after content and layout review; not a guarantee of an examiner's stylistic preference. | **10/10**: no identified language defect remains; transitions and technical terminology are consistent. |","Rubric descriptor, self-assessment or deduction example","Rubric expectation, measured-component scope or bounded technical correctness; not population fraud accuracy",FINAL_EVALUATION.md; MODEL_EVALUATION.md; URL_MODEL_EVALUATION.md
docs/FINAL_REPORT_RUBRIC_ZERO_GAP.md,line 13,accurate,"| Report format | Structure follows requirements; figures/tables accurate and consistent; relevant references and citations. | Supplied template copy; refreshed contents/figure/table lists; 14 tables, 11 figures; FINAL_FIGURES.md; 19 APA references; document QA record. | Cover identity/programme/date fields intentionally blank. Only proposal template/rubrics supplied; applicability and any final submission/page/declaration requirements remain unconfirmed. | Preserved source section geometry/logo/footer numbering; four objectives, TNR 12 double-spaced justified body; readable portrait tables, captions/sources/cross-references and APA entries. | Fill the cover; confirm the governing template/rubric, page/word limit, declaration/AI-use requirements and file format; refresh fields and inspect after edits. | High for rendered artifact; final institutional compliance cannot yet be certified. | **8/10**: required cover data and final submission applicability are outstanding. |","Rubric descriptor, self-assessment or deduction example","Rubric expectation, measured-component scope or bounded technical correctness; not population fraud accuracy",FINAL_EVALUATION.md; MODEL_EVALUATION.md; URL_MODEL_EVALUATION.md
docs/FINAL_RISK_REGISTER.md,line 20,verified,| RK-12 | Cross-user or credential exposure | Privacy | 2 | 3 | 6 High | Owner-scoped SQL and cache isolation; all-mode A/B tests; Task 9 QR redaction; no raw-content logs. | Delete affected owned records where appropriate; disclose exposure; investigate scope without logging secrets. | Medium | New-record redaction verified; backups/old rows separate. |,Report/defence/current documentation,Scoped source/control/version/test observation or explicit missing-evidence discussion; see adjacent qualifier,FINAL_SOURCE_REGISTER.md; FINAL_RELEASE.md; REQUIREMENTS.md
docs/FINAL_RISK_REGISTER.md,line 21,verified,"| RK-13 | Dependency vulnerability | Supply chain | 2 | 3 | 6 High | Pinned locks, retained npm audit, checksum-verified non-executable model artifacts and bounded decoders. | Review advisory and targeted patch/retest before any later deployment. | Medium | pip check is compatibility only; no complete Python advisory audit. |",Report/defence/current documentation,Scoped source/control/version/test observation or explicit missing-evidence discussion; see adjacent qualifier,FINAL_SOURCE_REGISTER.md; FINAL_RELEASE.md; REQUIREMENTS.md
docs/FINAL_RISK_REGISTER.md,line 25,trusted,| RK-17 | Payment integrity mistaken for legitimacy | Intelligence | 3 | 3 | 9 High | Label generic subset; retain missing-merchant-field diagnostic; never equate CRC with authenticity. | Verify recipient through an independent trusted channel; no payment executed by app. | High | Inherent scope limit. |,Report/defence/current documentation,"Trust boundary, workspace setting, independent-channel advice or negated identity inference",ARCHITECTURE.md; FINAL_CLAIM_AUDIT.md; LIMITATIONS.md
docs/FINAL_SOURCE_REGISTER.md,line 13,Safe,"| [Safe Browsing overview](https://developers.google.com/safe-browsing/reference) | Official API documentation | Google | Threat checks, raw URL/hash modes, optional relay; updated 2026-03-10 | Background and comparison |",Report/defence/current documentation,Safe Browsing is the cited Google product name; not a SCAMGUARD safety claim,FINAL_CLAIM_AUDIT.md; LIMITATIONS.md; FINAL_SOURCE_REGISTER.md
docs/FINAL_SOURCE_REGISTER.md,line 13,safe,"| [Safe Browsing overview](https://developers.google.com/safe-browsing/reference) | Official API documentation | Google | Threat checks, raw URL/hash modes, optional relay; updated 2026-03-10 | Background and comparison |",Report/defence/current documentation,Safe Browsing is the cited Google product name; not a SCAMGUARD safety claim,FINAL_CLAIM_AUDIT.md; LIMITATIONS.md; FINAL_SOURCE_REGISTER.md
docs/FINAL_SOURCE_REGISTER.md,line 14,Real time,"| [Real time mode](https://developers.google.com/safe-browsing/reference/Real.Time.Mode) | Official protocol documentation | Google | Cache/list/hash procedure and client implementation trade-offs | Background, Google design |",Report/defence/current documentation,"Browser camera, attributed external mode, historical wording or prospective capability; no measured production SLA",FINAL_EVALUATION.md; FINAL_SOURCE_REGISTER.md; LIMITATIONS.md
docs/FINAL_SOURCE_REGISTER.md,line 14,safe,"| [Real time mode](https://developers.google.com/safe-browsing/reference/Real.Time.Mode) | Official protocol documentation | Google | Cache/list/hash procedure and client implementation trade-offs | Background, Google design |",Report/defence/current documentation,"Proper product name, explicit risk limitation, scoped technical advice or quoted claim to avoid; no risk-free verdict",FINAL_CLAIM_AUDIT.md; LIMITATIONS.md; FINAL_SOURCE_REGISTER.md
docs/FINAL_SOURCE_REGISTER.md,line 22,Secure,"| [getUserMedia](https://developer.mozilla.org/en-US/docs/Web/API/MediaDevices/getUserMedia) | Browser implementer documentation | MDN contributors | Secure context, permission, stream and permission failure | Hardware and camera discussion |",Report/defence/current documentation,Secure cookie attribute or browser secure-context prerequisite; concrete technical term,AUTHENTICATION.md; SECURITY_REVIEW.md
docs/FINAL_SOURCE_REGISTER.md,line 28,verified,| [resend.dev sender restriction](https://resend.com/docs/knowledge-base/403-error-resend-dev-domain) | Provider knowledge base | Resend | Default test sender is restricted to the account owner address; broader recipients require a verified domain | PRODUCTION_ACCEPTANCE.md; recovery limitation |,Report/defence/current documentation,Scoped source/control/version/test observation or explicit missing-evidence discussion; see adjacent qualifier,FINAL_SOURCE_REGISTER.md; FINAL_RELEASE.md; REQUIREMENTS.md
docs/FINAL_TEST_REPORT.md,line 34,verified,"| URL frozen reproduction | `python backend/scripts/verify_url_pipeline.py` | 234,674 prepared rows / 197,700 isolated domains verified; original 36,901-test matrix reproduced |",Report/defence/current documentation,Scoped source/control/version/test observation or explicit missing-evidence discussion; see adjacent qualifier,FINAL_SOURCE_REGISTER.md; FINAL_RELEASE.md; REQUIREMENTS.md
docs/FUTURE_WORK.md,line 9,Verified,"| 3 | Operational recovery and observability | Verified backups/restores, retention/deletion policy, secret-safe metrics/mail failure monitoring, incident procedures and realistic load tests. |",Report/defence/current documentation,Scoped source/control/version/test observation or explicit missing-evidence discussion; see adjacent qualifier,FINAL_SOURCE_REGISTER.md; FINAL_RELEASE.md; REQUIREMENTS.md
docs/FUTURE_WORK.md,line 9,safe,"| 3 | Operational recovery and observability | Verified backups/restores, retention/deletion policy, secret-safe metrics/mail failure monitoring, incident procedures and realistic load tests. |",Report/defence/current documentation,"Proper product name, explicit risk limitation, scoped technical advice or quoted claim to avoid; no risk-free verdict",FINAL_CLAIM_AUDIT.md; LIMITATIONS.md; FINAL_SOURCE_REGISTER.md
docs/FUTURE_WORK.md,line 11,real-time,"| 5 | Optional real-time reputation | Licensed verified feeds, explicit privacy contract, provider failure semantics, cost/rate bounds and provenance. Missing matches never imply safety. |",Report/defence/current documentation,"Browser camera, attributed external mode, historical wording or prospective capability; no measured production SLA",FINAL_EVALUATION.md; FINAL_SOURCE_REGISTER.md; LIMITATIONS.md
docs/FUTURE_WORK.md,line 11,verified,"| 5 | Optional real-time reputation | Licensed verified feeds, explicit privacy contract, provider failure semantics, cost/rate bounds and provenance. Missing matches never imply safety. |",Report/defence/current documentation,Scoped source/control/version/test observation or explicit missing-evidence discussion; see adjacent qualifier,FINAL_SOURCE_REGISTER.md; FINAL_RELEASE.md; REQUIREMENTS.md
docs/FUTURE_WORK.md,line 13,Verified,"| 7 | Verified scam-report and abuse integration | Moderation, lawful collection, consent, provenance, correction/appeal, retention and protection against false accusations. |",Report/defence/current documentation,Scoped source/control/version/test observation or explicit missing-evidence discussion; see adjacent qualifier,FINAL_SOURCE_REGISTER.md; FINAL_RELEASE.md; REQUIREMENTS.md
docs/FUTURE_WORK.md,line 14,safe,"| 8 | Device-level signals and broader camera compatibility | Explicit permissions, privacy review, independent hardware matrix and safe upload fallback. |",Report/defence/current documentation,"Proper product name, explicit risk limitation, scoped technical advice or quoted claim to avoid; no risk-free verdict",FINAL_CLAIM_AUDIT.md; LIMITATIONS.md; FINAL_SOURCE_REGISTER.md
docs/HANDOFF_2026-09-03.md,line 7,verified,Application checks/live API verified: **2026-09-03 11:32 +08:00 (Asia/Kuala_Lumpur)**. Documentation handoff audited: **2026-09-03 11:43 +08:00**. Source inspected directly; no previous conversation is required to use this handoff. This file is the latest status reference. Historical delivery results remain in [Task 1](TASK_1.md) and [visual migration](REDESIGN.md).,Historical record with supersession/context; not current release authority,Scoped source/control/version/test observation or explicit missing-evidence discussion; see adjacent qualifier,FINAL_SOURCE_REGISTER.md; FINAL_RELEASE.md; REQUIREMENTS.md
docs/HANDOFF_2026-09-03.md,line 11,Forensic,The Task 1 application foundation and warm light Forensic Intelligence redesign are delivered. The broader Foundation milestone is **🟡 IN PROGRESS** only because successful real PostgreSQL integration remains unverified. The current task establishes persistent documentation; **no ScamGuard product functionality was added or changed**. Task 2 has not started.,Historical record with supersession/context; not current release authority,"Approved visual identity, terminology discussion or limitation; no chain-of-custody validation",FINAL_CLAIM_AUDIT.md; DESIGN_SYSTEM.md
docs/HANDOFF_2026-09-03.md,line 19,verified,- **✅ COMPLETE:** implemented and verified within the named scope.,Historical record with supersession/context; not current release authority,Scoped source/control/version/test observation or explicit missing-evidence discussion; see adjacent qualifier,FINAL_SOURCE_REGISTER.md; FINAL_RELEASE.md; REQUIREMENTS.md
docs/HANDOFF_2026-09-03.md,line 29,Forensic,"| Forensic Intelligence presentation | ✅ COMPLETE | Warm light Tailwind tokens, branding/favicon/footer, responsive shell, desktop sidebar and mobile bottom navigation. Only Overview and Analyse links. |",Historical record with supersession/context; not current release authority,"Approved visual identity, terminology discussion or limitation; no chain-of-custody validation",FINAL_CLAIM_AUDIT.md; DESIGN_SYSTEM.md
docs/HANDOFF_2026-09-03.md,line 33,safe,"| FastAPI foundation | ✅ COMPLETE | Application factory, four versioned GET endpoints, typed responses, safe errors, request IDs and explicit CORS. |",Historical record with supersession/context; not current release authority,"Proper product name, explicit risk limitation, scoped technical advice or quoted claim to avoid; no risk-free verdict",FINAL_CLAIM_AUDIT.md; LIMITATIONS.md; FINAL_SOURCE_REGISTER.md
docs/HANDOFF_2026-09-03.md,line 59,safe,"| `/api/v1/ready` | 503, `DATABASE_UNAVAILABLE`, safe error envelope | Real database probe fails in the audited environment. Success path exists and has unit coverage with a mock; real success remains unverified. |",Historical record with supersession/context; not current release authority,"Proper product name, explicit risk limitation, scoped technical advice or quoted claim to avoid; no risk-free verdict",FINAL_CLAIM_AUDIT.md; LIMITATIONS.md; FINAL_SOURCE_REGISTER.md
docs/HANDOFF_2026-09-03.md,line 66,verified,## Latest actually verified checks,Historical record with supersession/context; not current release authority,Scoped source/control/version/test observation or explicit missing-evidence discussion; see adjacent qualifier,FINAL_SOURCE_REGISTER.md; FINAL_RELEASE.md; REQUIREMENTS.md
docs/HANDOFF_2026-09-03.md,line 98,Forensic,- `docs/FILES_CREATED.txt` is the original 66-file foundation inventory. The redesign's 73-file inventory and ignored `.local/SCAMGUARD-MY-Forensic-Intelligence-source.zip` are historical. That ZIP does not contain this handoff. Its ignored packaging helper hard-codes 73 files and must not be treated as a current release packager. No new archive was requested or generated.,Historical record with supersession/context; not current release authority,"Approved visual identity, terminology discussion or limitation; no chain-of-custody validation",FINAL_CLAIM_AUDIT.md; DESIGN_SYSTEM.md
docs/LIMITATIONS.md,line 9,verified,active reputation feed or verified maliciousness. Structural indicators also occur in benign links.,Historical record with supersession/context; not current release authority,Scoped source/control/version/test observation or explicit missing-evidence discussion; see adjacent qualifier,FINAL_SOURCE_REGISTER.md; FINAL_RELEASE.md; REQUIREMENTS.md
docs/LIMITATIONS.md,line 13,verified,reputation or verified scam-report corpus. Numbering metadata can age; premium rates are a cost,Historical record with supersession/context; not current release authority,Scoped source/control/version/test observation or explicit missing-evidence discussion; see adjacent qualifier,FINAL_SOURCE_REGISTER.md; FINAL_RELEASE.md; REQUIREMENTS.md
docs/LIMITATIONS.md,line 20,safe,"pass this subset. CRC does not verify merchant identity, account ownership or safe payment.",Historical record with supersession/context; not current release authority,"Proper product name, explicit risk limitation, scoped technical advice or quoted claim to avoid; no risk-free verdict",FINAL_CLAIM_AUDIT.md; LIMITATIONS.md; FINAL_SOURCE_REGISTER.md
docs/LIMITATIONS.md,line 24,safe,best-effort and cannot make arbitrary sensitive text safe to share.,Historical record with supersession/context; not current release authority,"Proper product name, explicit risk limitation, scoped technical advice or quoted claim to avoid; no risk-free verdict",FINAL_CLAIM_AUDIT.md; LIMITATIONS.md; FINAL_SOURCE_REGISTER.md
docs/LIMITATIONS.md,line 30,verified,"disaster-recovery exercise, independently verified backup retention/purge or inbox deliverability",Historical record with supersession/context; not current release authority,Scoped source/control/version/test observation or explicit missing-evidence discussion; see adjacent qualifier,FINAL_SOURCE_REGISTER.md; FINAL_RELEASE.md; REQUIREMENTS.md
docs/LIMITATIONS.md,line 41,guaranteed,presenting a blanket “production ready” or “high-distinction guaranteed” conclusion.,Historical record with supersession/context; not current release authority,"Negated guarantee, audit example or expectation; no grade/security/outcome guarantee",FINAL_CLAIM_AUDIT.md; FINAL_EXAMINER_ATTACK.md
docs/MESSAGE_INTELLIGENCE.md,line 30,safe,"limitations. They avoid absolute “safe” or “scam detected” claims. No hidden chain-of-thought,",Report/defence/current documentation,"Proper product name, explicit risk limitation, scoped technical advice or quoted claim to avoid; no risk-free verdict",FINAL_CLAIM_AUDIT.md; LIMITATIONS.md; FINAL_SOURCE_REGISTER.md
docs/PHONE_INTELLIGENCE.md,line 36,safe,unknown-type numbers remain `INSUFFICIENT_EVIDENCE`. They are never called legitimate or safe.,Report/defence/current documentation,"Proper product name, explicit risk limitation, scoped technical advice or quoted claim to avoid; no risk-free verdict",FINAL_CLAIM_AUDIT.md; LIMITATIONS.md; FINAL_SOURCE_REGISTER.md
docs/PHONE_INTELLIGENCE.md,line 57,safe,"backend-derived ownership, private queries, safe foreign-record 404s and cascade account deletion.",Report/defence/current documentation,"Proper product name, explicit risk limitation, scoped technical advice or quoted claim to avoid; no risk-free verdict",FINAL_CLAIM_AUDIT.md; LIMITATIONS.md; FINAL_SOURCE_REGISTER.md
docs/PRESENTATION_PLAN.md,line 11,Safe,"An unfamiliar message can ask us to follow a link, call a number or scan a QR code. Each object reveals different evidence, and none of those appearances alone proves who is behind it. VirusTotal, Google Safe Browsing and Truecaller already solve important parts of this problem, including URL and phone checking. SCAMGUARD explores a specific integration: local Message and URL models, conservative Phone metadata and consent-based QR decoding, with clear explanations and private saved assessments. The technical work is testable and versioned. The output supports deciding what to verify independently; it does not guarantee safety or claim a measured reduction in fraud losses. I will explain the methods, demonstrate the workflow and show where the evidence ends.",Report/defence/current documentation,Safe Browsing is the cited Google product name; not a SCAMGUARD safety claim,FINAL_CLAIM_AUDIT.md; LIMITATIONS.md; FINAL_SOURCE_REGISTER.md
docs/PRESENTATION_PLAN.md,line 35,Safe,Safe Browsing: threat information\,Report/defence/current documentation,Safe Browsing is the cited Google product name; not a SCAMGUARD safety claim,FINAL_CLAIM_AUDIT.md; LIMITATIONS.md; FINAL_SOURCE_REGISTER.md
docs/PRESENTATION_PLAN.md,line 53,verified,Traceable verified deployment,Report/defence/current documentation,Scoped source/control/version/test observation or explicit missing-evidence discussion; see adjacent qualifier,FINAL_SOURCE_REGISTER.md; FINAL_RELEASE.md; REQUIREMENTS.md
docs/PRESENTATION_PLAN.md,line 114,safe,QR decode ≠ safe content\,Report/defence/current documentation,"Proper product name, explicit risk limitation, scoped technical advice or quoted claim to avoid; no risk-free verdict",FINAL_CLAIM_AUDIT.md; LIMITATIONS.md; FINAL_SOURCE_REGISTER.md
docs/PRIVACY_MODEL.md,line 38,verified,provenance and null image metadata; this is not proof that a camera/image was independently verified.,Report/defence/current documentation,Scoped source/control/version/test observation or explicit missing-evidence discussion; see adjacent qualifier,FINAL_SOURCE_REGISTER.md; FINAL_RELEASE.md; REQUIREMENTS.md
docs/PRIVACY_MODEL.md,line 49,safe,"destination. Message and URL results are decision support, not a guarantee that content is safe or",Report/defence/current documentation,"Proper product name, explicit risk limitation, scoped technical advice or quoted claim to avoid; no risk-free verdict",FINAL_CLAIM_AUDIT.md; LIMITATIONS.md; FINAL_SOURCE_REGISTER.md
docs/PRIVACY_MODEL.md,line 68,verified,PostgreSQL). The user has verified Neon connectivity and Render health/readiness; the Task 5 Vercel,Report/defence/current documentation,Scoped source/control/version/test observation or explicit missing-evidence discussion; see adjacent qualifier,FINAL_SOURCE_REGISTER.md; FINAL_RELEASE.md; REQUIREMENTS.md
docs/PRIVACY_MODEL.md,line 69,verified,frontend and private-history acceptance are user-verified. Only Render receives the database connection,Report/defence/current documentation,Scoped source/control/version/test observation or explicit missing-evidence discussion; see adjacent qualifier,FINAL_SOURCE_REGISTER.md; FINAL_RELEASE.md; REQUIREMENTS.md
docs/PRODUCTION_ACCEPTANCE.md,line 47,verified,broader recipients require an appropriately verified sending domain. Actual configured sender/domain,Historical record with supersession/context; not current release authority,Scoped source/control/version/test observation or explicit missing-evidence discussion; see adjacent qualifier,FINAL_SOURCE_REGISTER.md; FINAL_RELEASE.md; REQUIREMENTS.md
docs/PRODUCTION_ACCEPTANCE.md,line 58,verified,"- [x] Owner accepted Task 9; final merge, both provider versions and public probes were verified.",Historical record with supersession/context; not current release authority,Scoped source/control/version/test observation or explicit missing-evidence discussion; see adjacent qualifier,FINAL_SOURCE_REGISTER.md; FINAL_RELEASE.md; REQUIREMENTS.md
docs/PRODUCTION_DEPLOYMENT.md,line 12,verified,| Neon PostgreSQL | DEPLOYED / CONNECTED (user-verified) |,Report/defence/current documentation,Scoped source/control/version/test observation or explicit missing-evidence discussion; see adjacent qualifier,FINAL_SOURCE_REGISTER.md; FINAL_RELEASE.md; REQUIREMENTS.md
docs/PRODUCTION_DEPLOYMENT.md,line 13,verified,| Render FastAPI | DEPLOYED / LIVE (user-verified) |,Report/defence/current documentation,Scoped source/control/version/test observation or explicit missing-evidence discussion; see adjacent qualifier,FINAL_SOURCE_REGISTER.md; FINAL_RELEASE.md; REQUIREMENTS.md
docs/PRODUCTION_DEPLOYMENT.md,line 14,verified,| Alembic production migration | PASS (user-verified) |,Report/defence/current documentation,Scoped source/control/version/test observation or explicit missing-evidence discussion; see adjacent qualifier,FINAL_SOURCE_REGISTER.md; FINAL_RELEASE.md; REQUIREMENTS.md
docs/PRODUCTION_DEPLOYMENT.md,line 15,verified,| `/api/v1/health` | PASS — 200 (user-verified) |,Report/defence/current documentation,Scoped source/control/version/test observation or explicit missing-evidence discussion; see adjacent qualifier,FINAL_SOURCE_REGISTER.md; FINAL_RELEASE.md; REQUIREMENTS.md
docs/PRODUCTION_DEPLOYMENT.md,line 16,verified,| `/api/v1/ready` | PASS for the deployed release (user-verified) |,Report/defence/current documentation,Scoped source/control/version/test observation or explicit missing-evidence discussion; see adjacent qualifier,FINAL_SOURCE_REGISTER.md; FINAL_RELEASE.md; REQUIREMENTS.md
docs/PRODUCTION_DEPLOYMENT.md,line 18,verified,| Vercel same-origin API proxy | PASS (user-verified) |,Report/defence/current documentation,Scoped source/control/version/test observation or explicit missing-evidence discussion; see adjacent qualifier,FINAL_SOURCE_REGISTER.md; FINAL_RELEASE.md; REQUIREMENTS.md
docs/PRODUCTION_DEPLOYMENT.md,line 19,verified,"| Production signup, login and private history | PASS (user-verified) |",Report/defence/current documentation,Scoped source/control/version/test observation or explicit missing-evidence discussion; see adjacent qualifier,FINAL_SOURCE_REGISTER.md; FINAL_RELEASE.md; REQUIREMENTS.md
docs/PRODUCTION_DEPLOYMENT.md,line 58,verified,"4. Completed by the user: Alembic, health and database/Message/URL readiness verified.",Report/defence/current documentation,Scoped source/control/version/test observation or explicit missing-evidence discussion; see adjacent qualifier,FINAL_SOURCE_REGISTER.md; FINAL_RELEASE.md; REQUIREMENTS.md
docs/PRODUCTION_DEPLOYMENT.md,line 82,verified,verified sender to Render. Do not place either value in Vercel. The frontend continues to use the,Report/defence/current documentation,Scoped source/control/version/test observation or explicit missing-evidence discussion; see adjacent qualifier,FINAL_SOURCE_REGISTER.md; FINAL_RELEASE.md; REQUIREMENTS.md
docs/PRODUCTION_DEPLOYMENT.md,line 99,Secure,`Secure; SameSite=None`. Local `.env` uses the independent portable PostgreSQL database and remains,Report/defence/current documentation,"Concrete control/browser term, scoped security discussion or claim to avoid; no security certification",AUTHENTICATION.md; SECURITY_REVIEW.md
docs/QR_INTELLIGENCE.md,line 63,safe,"evidence that its content is safe or malicious. Payment structure and CRC do not verify a merchant,",Report/defence/current documentation,"Proper product name, explicit risk limitation, scoped technical advice or quoted claim to avoid; no risk-free verdict",FINAL_CLAIM_AUDIT.md; LIMITATIONS.md; FINAL_SOURCE_REGISTER.md
docs/REDESIGN.md,line 1,Forensic,# Forensic Intelligence visual migration,Historical record with supersession/context; not current release authority,"Approved visual identity, terminology discussion or limitation; no chain-of-custody validation",FINAL_CLAIM_AUDIT.md; DESIGN_SYSTEM.md
docs/REDESIGN.md,line 25,Forensic,"The application now uses the warm light Forensic Intelligence palette throughout: ivory canvas and paper cards, charcoal body text, terracotta actions, olive API liveness, and a muted amber capability notice. Serif display headings, compact monospace metadata, quieter borders, smaller corner radii, and consistent field/focus styling replace the previous visual treatment. Branding, favicon, browser theme color, footer, README, and design documentation use the current identity.",Historical record with supersession/context; not current release authority,"Approved visual identity, terminology discussion or limitation; no chain-of-custody validation",FINAL_CLAIM_AUDIT.md; DESIGN_SYSTEM.md
docs/REDESIGN.md,line 29,safe,"The desktop/sidebar breakpoint stays at 1024px. Mobile keeps its fixed bottom navigation and safe-area padding. Content-type choices stack below 380px, and short desktop sidebars can scroll, keeping controls usable without changing routing or analysis behavior.",Historical record with supersession/context; not current release authority,"Proper product name, explicit risk limitation, scoped technical advice or quoted claim to avoid; no risk-free verdict",FINAL_CLAIM_AUDIT.md; LIMITATIONS.md; FINAL_SOURCE_REGISTER.md
docs/REDESIGN.md,line 93,verified,"Commands executed from `frontend/`: `npm.cmd run typecheck`, `npm.cmd run lint`, `npm.cmd test`, `npm.cmd run build`, and `npm.cmd run test:e2e` with `PLAYWRIGHT_CHANNEL=chrome`. Documentation capture additionally sets `UPDATE_DOC_SCREENSHOTS=1`. Prettier was applied only to modified presentation files and the newly added visual test. From `backend/`, `.venv/Scripts/python.exe -m pytest` verified the unchanged backend. Approved access was used for bundler/browser execution because of the known Windows sandbox restriction.",Historical record with supersession/context; not current release authority,Scoped source/control/version/test observation or explicit missing-evidence discussion; see adjacent qualifier,FINAL_SOURCE_REGISTER.md; FINAL_RELEASE.md; REQUIREMENTS.md
docs/RELATED_SYSTEM_COMPARISON.md,line 8,Safe,"| Google Safe Browsing v5; application developers | URL threat checks and threat-list data. | Canonicalisation, hash-prefix matching, local lists/cache and online lookup modes; optional privacy relay. | Maintained threat information and documented protocols. | Integration/connectivity/freshness trade-offs. SCAMGUARD does not query these lists and cannot claim the same evidence coverage. |",Report/defence/current documentation,Safe Browsing is the cited Google product name; not a SCAMGUARD safety claim,FINAL_CLAIM_AUDIT.md; LIMITATIONS.md; FINAL_SOURCE_REGISTER.md
docs/RELATED_SYSTEM_COMPARISON.md,line 17,Safe,| Google Safe Browsing API | NE | Y | NE | NE | Threat-match information; integration chooses UI | NE for an end-user case history | NE |,Report/defence/current documentation,Safe Browsing is the cited Google product name; not a SCAMGUARD safety claim,FINAL_CLAIM_AUDIT.md; LIMITATIONS.md; FINAL_SOURCE_REGISTER.md
docs/REQUIREMENTS.md,line 9,Verified,| FR-01 | Analyse Message with separate legitimate/spam/scam evidence. | O1/O2 | backend/app/ml/engine.py | backend/tests/test_message_intelligence.py | Verified locally; model limits apply. |,Report/defence/current documentation,Scoped source/control/version/test observation or explicit missing-evidence discussion; see adjacent qualifier,FINAL_SOURCE_REGISTER.md; FINAL_RELEASE.md; REQUIREMENTS.md
docs/REQUIREMENTS.md,line 10,Verified,| FR-02 | Analyse a validated URL string without fetching its destination. | O1/O2 | backend/app/url_intelligence/engine.py | backend/tests/test_url_intelligence.py | Verified locally; no live reputation. |,Report/defence/current documentation,Scoped source/control/version/test observation or explicit missing-evidence discussion; see adjacent qualifier,FINAL_SOURCE_REGISTER.md; FINAL_RELEASE.md; REQUIREMENTS.md
docs/REQUIREMENTS.md,line 11,Verified,| FR-03 | Parse international Phone input and report conservative metadata. | O1 | backend/app/phone_intelligence/engine.py | backend/tests/test_phone_intelligence.py | Verified locally; identity not determined. |,Report/defence/current documentation,Scoped source/control/version/test observation or explicit missing-evidence discussion; see adjacent qualifier,FINAL_SOURCE_REGISTER.md; FINAL_RELEASE.md; REQUIREMENTS.md
docs/REQUIREMENTS.md,line 12,Verified,| FR-04 | Accept bounded raster QR upload and reject missing/multiple/invalid symbols. | O1 | backend/app/qr_intelligence/decoder.py | backend/tests/test_qr_intelligence.py | Verified locally; clean fixtures are not camera accuracy. |,Report/defence/current documentation,Scoped source/control/version/test observation or explicit missing-evidence discussion; see adjacent qualifier,FINAL_SOURCE_REGISTER.md; FINAL_RELEASE.md; REQUIREMENTS.md
docs/REQUIREMENTS.md,line 13,Verified,| FR-05 | Route decoded QR content; report payment TLV/CRC subset and limitations. | O1/O2 | backend/app/qr_intelligence/payment.py | docs/evidence/final_evaluation.json | Verified subset; complete payment compliance out of scope. |,Report/defence/current documentation,Scoped source/control/version/test observation or explicit missing-evidence discussion; see adjacent qualifier,FINAL_SOURCE_REGISTER.md; FINAL_RELEASE.md; REQUIREMENTS.md
docs/REQUIREMENTS.md,line 15,Verified,| FR-07 | Register and log in by username/email; restore and revoke server sessions. | O3 | backend/app/api/auth.py | backend/tests/test_auth.py | Verified locally; owner reports production functioning. |,Report/defence/current documentation,Scoped source/control/version/test observation or explicit missing-evidence discussion; see adjacent qualifier,FINAL_SOURCE_REGISTER.md; FINAL_RELEASE.md; REQUIREMENTS.md
docs/REQUIREMENTS.md,line 16,Verified,| FR-08 | Edit only the current profile and reject duplicate normalized username. | O3 | frontend/src/pages/AccountPage.tsx | frontend/e2e-persistence/product-polish.spec.ts | Verified locally. |,Report/defence/current documentation,Scoped source/control/version/test observation or explicit missing-evidence discussion; see adjacent qualifier,FINAL_SOURCE_REGISTER.md; FINAL_RELEASE.md; REQUIREMENTS.md
docs/REQUIREMENTS.md,line 17,verified,| FR-09 | Issue expiring single-use reset links; replace hash and revoke sessions. | O3 | backend/app/services/mail.py | backend/tests/test_auth.py | Local mail behaviour verified; production inbox pending. |,Report/defence/current documentation,Scoped source/control/version/test observation or explicit missing-evidence discussion; see adjacent qualifier,FINAL_SOURCE_REGISTER.md; FINAL_RELEASE.md; REQUIREMENTS.md
docs/REQUIREMENTS.md,line 18,Verified,| FR-10 | List/reopen only owned saved results and preserve assessment versions. | O3 | backend/app/services/analyses.py | backend/tests/test_persistence.py | Verified on real local PostgreSQL. |,Report/defence/current documentation,Scoped source/control/version/test observation or explicit missing-evidence discussion; see adjacent qualifier,FINAL_SOURCE_REGISTER.md; FINAL_RELEASE.md; REQUIREMENTS.md
docs/REQUIREMENTS.md,line 19,Verified,| FR-11 | Search/filter/sort bounded owned History with deterministic pagination. | O3 | frontend/src/pages/HistoryPage.tsx | backend/tests/test_task8.py | Verified locally; large-history load unmeasured. |,Report/defence/current documentation,Scoped source/control/version/test observation or explicit missing-evidence discussion; see adjacent qualifier,FINAL_SOURCE_REGISTER.md; FINAL_RELEASE.md; REQUIREMENTS.md
docs/REQUIREMENTS.md,line 20,Verified,| FR-12 | Compute dashboard totals and distributions from owned records. | O3 | backend/app/api/routes.py | backend/tests/test_final_closure.py | Verified locally; no fabricated fallback. |,Report/defence/current documentation,Scoped source/control/version/test observation or explicit missing-evidence discussion; see adjacent qualifier,FINAL_SOURCE_REGISTER.md; FINAL_RELEASE.md; REQUIREMENTS.md
docs/REQUIREMENTS.md,line 21,Verified,| FR-13 | Create a new draft from owned Message/URL/Phone results; require fresh QR. | O3 | frontend/src/components/SubmissionHistory.tsx | frontend/e2e-persistence/product-polish.spec.ts | Verified locally; original immutable. |,Report/defence/current documentation,Scoped source/control/version/test observation or explicit missing-evidence discussion; see adjacent qualifier,FINAL_SOURCE_REGISTER.md; FINAL_RELEASE.md; REQUIREMENTS.md
docs/REQUIREMENTS.md,line 23,Verified,| FR-15 | Delete an account after password verification and cascade its owned rows. | O3 | backend/app/api/auth.py | backend/tests/test_auth.py | Verified locally; provider backups are separate. |,Report/defence/current documentation,Scoped source/control/version/test observation or explicit missing-evidence discussion; see adjacent qualifier,FINAL_SOURCE_REGISTER.md; FINAL_RELEASE.md; REQUIREMENTS.md
docs/REQUIREMENTS.md,line 32,Verified,"| NFR-01 | Security | Reject missing/invalid session, Origin and CSRF on protected operations; use Argon2id and rate limits. | backend/app/core/auth.py | backend/tests/test_auth.py | Verified controls; no independent penetration test. |",Report/defence/current documentation,Scoped source/control/version/test observation or explicit missing-evidence discussion; see adjacent qualifier,FINAL_SOURCE_REGISTER.md; FINAL_RELEASE.md; REQUIREMENTS.md
docs/REQUIREMENTS.md,line 33,Verified,| NFR-02 | Privacy | Scope each private operation by authenticated owner; discard QR images/frames; redact specified credentials. | backend/app/services/analyses.py | backend/tests/test_final_closure.py | Verified cases; arbitrary secrets and backups not fully covered. |,Report/defence/current documentation,Scoped source/control/version/test observation or explicit missing-evidence discussion; see adjacent qualifier,FINAL_SOURCE_REGISTER.md; FINAL_RELEASE.md; REQUIREMENTS.md
docs/SCREENSHOTS.md,line 1,Forensic,# Forensic Intelligence screenshots,Historical record with supersession/context; not current release authority,"Approved visual identity, terminology discussion or limitation; no chain-of-custody validation",FINAL_CLAIM_AUDIT.md; DESIGN_SYSTEM.md
docs/SCREENSHOTS.md,line 9,Forensic,![Forensic Intelligence Overview on desktop](screenshots/dashboard-desktop.png),Historical record with supersession/context; not current release authority,"Approved visual identity, terminology discussion or limitation; no chain-of-custody validation",FINAL_CLAIM_AUDIT.md; DESIGN_SYSTEM.md
docs/SCREENSHOTS.md,line 13,Forensic,![Forensic Intelligence Overview on mobile](screenshots/dashboard-mobile.png),Historical record with supersession/context; not current release authority,"Approved visual identity, terminology discussion or limitation; no chain-of-custody validation",FINAL_CLAIM_AUDIT.md; DESIGN_SYSTEM.md
docs/SCREENSHOTS.md,line 17,Forensic,![Forensic Intelligence Analyse on desktop](screenshots/analyse-desktop.png),Historical record with supersession/context; not current release authority,"Approved visual identity, terminology discussion or limitation; no chain-of-custody validation",FINAL_CLAIM_AUDIT.md; DESIGN_SYSTEM.md
docs/SCREENSHOTS.md,line 21,Forensic,![Forensic Intelligence Analyse on mobile](screenshots/analyse-mobile.png),Historical record with supersession/context; not current release authority,"Approved visual identity, terminology discussion or limitation; no chain-of-custody validation",FINAL_CLAIM_AUDIT.md; DESIGN_SYSTEM.md
docs/SCREENSHOTS.md,line 45,Forensic,"Captured 2026-09-04 with the generalized SCAMGUARD brand and unchanged Forensic Intelligence design. These are **controlled E2E test submissions**, genuinely saved in a dedicated PostgreSQL *_e2e database. Counts/UUIDs/times reflect that disposable test dataset, not production users or completed scam assessments. SUBMITTED is intake only; flagged/risk remain unavailable. The foundation captures above show persistence-disabled states; Task 2 adds these four views. Mobile views are scrolled to the relevant success/history section; full-page QA output stays ignored.",Historical record with supersession/context; not current release authority,"Approved visual identity, terminology discussion or limitation; no chain-of-custody validation",FINAL_CLAIM_AUDIT.md; DESIGN_SYSTEM.md
docs/SECURITY_REVIEW.md,line 9,Secure,"| Cookies | HttpOnly; production Secure + SameSite=None; server-side opaque token, no localStorage bearer token. | XSS can still act as the user even without reading the cookie. |",Report/defence/current documentation,Secure cookie attribute or browser secure-context prerequisite; concrete technical term,AUTHENTICATION.md; SECURITY_REVIEW.md
docs/SECURITY_REVIEW.md,line 18,verified,"| Secrets/artifacts | Ignored local environment, locked dependencies, checksum-verified non-executable JSON models, source/history scanner. | Pattern scans cannot prove absence of every secret or vulnerability. |",Report/defence/current documentation,Scoped source/control/version/test observation or explicit missing-evidence discussion; see adjacent qualifier,FINAL_SOURCE_REGISTER.md; FINAL_RELEASE.md; REQUIREMENTS.md
docs/SECURITY_REVIEW.md,line 28,safe,merchant legitimacy or safe-payment claim follows from CRC consistency.,Report/defence/current documentation,"Proper product name, explicit risk limitation, scoped technical advice or quoted claim to avoid; no risk-free verdict",FINAL_CLAIM_AUDIT.md; LIMITATIONS.md; FINAL_SOURCE_REGISTER.md
docs/SOFTWARE_HARDWARE_REQUIREMENTS.md,line 22,Verified,"| Vercel; Render; Neon | Frontend, Python service and managed PostgreSQL | Public delivery with separated service responsibilities | Verified same-commit final deployment | Single managed host (analytical alternative) | More service boundaries; cold starts/network failures. |",Report/defence/current documentation,Scoped source/control/version/test observation or explicit missing-evidence discussion; see adjacent qualifier,FINAL_SOURCE_REGISTER.md; FINAL_RELEASE.md; REQUIREMENTS.md
docs/SOFTWARE_HARDWARE_REQUIREMENTS.md,line 35,secure,"| Client camera | Optional camera with browser MediaDevices support on an allowed secure context. | Needed for live QR only; image upload is the fallback (MDN contributors, n.d.). |",Report/defence/current documentation,Secure cookie attribute or browser secure-context prerequisite; concrete technical term,AUTHENTICATION.md; SECURITY_REVIEW.md
docs/SOFTWARE_HARDWARE_REQUIREMENTS.md,line 36,verified,"| Cloud server | Vercel delivery infrastructure, a Render Python web service and Neon PostgreSQL; no purchased server hardware is part of the project. | Roles are verified in release records. Exact allocated CPU/RAM/storage quotas and workload capacity are provider configuration, not inferred from a green badge. |",Report/defence/current documentation,Scoped source/control/version/test observation or explicit missing-evidence discussion; see adjacent qualifier,FINAL_SOURCE_REGISTER.md; FINAL_RELEASE.md; REQUIREMENTS.md
docs/SOLUTION_APPROACH.md,line 7,verified,"Message analysis uses a checksum-verified JSON TF-IDF Logistic Regression artifact with LEGITIMATE, SPAM and SCAM labels. Contextual rules identify supported indicators, and Message fusion preserves conservative evidence floors. URL analysis is a separate learned random forest over 27 locally derived string features with its own rules and fusion policy. It does not visit destinations, obtain TLS certificates or query live reputation. Phone analysis uses pinned numbering metadata and deterministic policy; valid numbers do not establish a trustworthy subscriber. QR decoding classifies the payload and routes supported content to an existing engine. Generic payment TLV/CRC checks describe a structural subset and byte consistency, not merchant legitimacy.",Report/defence/current documentation,Scoped source/control/version/test observation or explicit missing-evidence discussion; see adjacent qualifier,FINAL_SOURCE_REGISTER.md; FINAL_RELEASE.md; REQUIREMENTS.md
docs/SOLUTION_APPROACH.md,line 11,Secure,"Passwords use Argon2id with time cost 3, 65,536 KiB memory and parallelism 2. The database stores password hashes and HMAC digests of opaque session/reset tokens. The cookie is HttpOnly and Secure in production. Exact Origin and synchronizer CSRF checks protect authenticated mutations and private search. Owner identity comes from the validated session and is applied to every private query. These controls align with relevant password-storage and CSRF guidance, without establishing comprehensive security certification (OWASP Foundation, n.d.-a, n.d.-b).",Report/defence/current documentation,Secure cookie attribute or browser secure-context prerequisite; concrete technical term,AUTHENTICATION.md; SECURITY_REVIEW.md
docs/TASK_1.md,line 5,Verified,"Verified on 2026-09-03, Windows, Node 24.18.0, Python 3.12.13, installed Chrome via Playwright.",Historical record with supersession/context; not current release authority,Scoped source/control/version/test observation or explicit missing-evidence discussion; see adjacent qualifier,FINAL_SOURCE_REGISTER.md; FINAL_RELEASE.md; REQUIREMENTS.md
docs/TASK_1.md,line 7,Forensic,This record retains the original foundation verification results. The current Forensic Intelligence visual migration and its separate regression results are documented in [REDESIGN.md](REDESIGN.md); current images are indexed in [SCREENSHOTS.md](SCREENSHOTS.md).,Historical record with supersession/context; not current release authority,"Approved visual identity, terminology discussion or limitation; no chain-of-custody validation",FINAL_CLAIM_AUDIT.md; DESIGN_SYSTEM.md
docs/TASK_1.md,line 15,Forensic,"`frontend/` contains React/TypeScript with strict compiler options, React Router, a responsive application shell, desktop sidebar, mobile bottom navigation, and Overview/Analyse/not-found routes. Tailwind 4 semantic tokens now define the warm light Forensic Intelligence theme. Shared loading, error, retry and empty states consume the FastAPI contract through TanStack Query and Zod. A React error boundary handles rendering failures. The analyser supports local drafts only; there is no submission or safety verdict.",Historical record with supersession/context; not current release authority,"Approved visual identity, terminology discussion or limitation; no chain-of-custody validation",FINAL_CLAIM_AUDIT.md; DESIGN_SYSTEM.md
docs/TASK_1.md,line 17,safe,"`backend/` contains a FastAPI app factory, versioned router, typed responses, Pydantic settings, PostgreSQL/Psycopg/SQLAlchemy configuration, session cleanup and rollback behavior, Alembic infrastructure, CORS, request IDs, and safe error envelopes. `/api/v1/health` reports process liveness; `/api/v1/ready` executes a real database probe. `/dashboard` and `/capabilities` explicitly report the unconfigured release state. No domain table, record fixture, or live metric is fabricated.",Historical record with supersession/context; not current release authority,"Proper product name, explicit risk limitation, scoped technical advice or quoted claim to avoid; no risk-free verdict",FINAL_CLAIM_AUDIT.md; LIMITATIONS.md; FINAL_SOURCE_REGISTER.md
docs/TASK_1.md,line 108,safe,"The browser tests cover the real API's unavailable/empty state, active navigation, direct-route reloads, disabled submission, local content selection and draft clearing on reload, horizontal overflow on Analyse, not-found routing, and an explicitly injected 503/retry fixture. Desktop used a 1440px viewport; mobile used iPhone 13-sized Chromium emulation (390px). Unit tests cover cancellation, timeouts, malformed payloads, configuration validation, missing data, failures, retry, navigation and draft behavior. Backend tests cover real app startup, request IDs, safe errors, CORS, configuration, response contracts, and session rollback.",Historical record with supersession/context; not current release authority,"Proper product name, explicit risk limitation, scoped technical advice or quoted claim to avoid; no risk-free verdict",FINAL_CLAIM_AUDIT.md; LIMITATIONS.md; FINAL_SOURCE_REGISTER.md
docs/TASK_1.md,line 114,verified,"- No PostgreSQL test connection was configured, and Docker/PostgreSQL CLI were not available on PATH, so a successful real database connection and online migrations were not verified. The database integration test requires `TEST_DATABASE_URL`; the CI workflow provisions PostgreSQL for it. CI itself has not run here.",Historical record with supersession/context; not current release authority,Scoped source/control/version/test observation or explicit missing-evidence discussion; see adjacent qualifier,FINAL_SOURCE_REGISTER.md; FINAL_RELEASE.md; REQUIREMENTS.md
docs/TASK_1.md,line 118,Forensic,- The current Forensic Intelligence design follows the visual migration request. Only the warm light theme and English UI are implemented; no official brand assets were supplied.,Historical record with supersession/context; not current release authority,"Approved visual identity, terminology discussion or limitation; no chain-of-custody validation",FINAL_CLAIM_AUDIT.md; DESIGN_SYSTEM.md
docs/TASK_1.md,line 134,verified,"Task 1 is complete, including four-mode UI, motion/accessibility, GitHub and the verified deployed frontend. Supervisor feedback generalized the visible brand to SCAMGUARD. Task 2 now adds actual PostgreSQL Message/URL submission/history on a separate review branch. Earlier no-persistence claims in this document are historical Task 1 facts, not current branch behavior; read PROGRESS.md and the current architecture/API docs. No scam intelligence was added.",Historical record with supersession/context; not current release authority,Scoped source/control/version/test observation or explicit missing-evidence discussion; see adjacent qualifier,FINAL_SOURCE_REGISTER.md; FINAL_RELEASE.md; REQUIREMENTS.md
docs/TASK_2_AUDIT.md,line 5,verified,"Audited **2026-09-04** on `task-2-core-platform` using Windows, Node 24.18.0, Python 3.12.13, PostgreSQL 17.11 and installed Chrome. Verdict: **Task 2 verified with minor fixes** and suitable for review/merge within its documented private-development scope. Main was not changed and Task 3 was not started.",Historical record with supersession/context; not current release authority,Scoped source/control/version/test observation or explicit missing-evidence discussion; see adjacent qualifier,FINAL_SOURCE_REGISTER.md; FINAL_RELEASE.md; REQUIREMENTS.md
docs/TASK_2_AUDIT.md,line 9,trusted,"1. **Low severity — validation metadata privacy.** Pydantic includes an unknown JSON key in the location for an `extra_forbidden` error. Because that key is user-controlled, it could disclose content chosen as a field name in the 422 response. `app/core/errors.py` now removes only the untrusted final location segment for this error type and retains useful trusted locations for normal query/body validation. A focused regression failed before and passed after the fix.",Historical record with supersession/context; not current release authority,"Trust boundary, workspace setting, independent-channel advice or negated identity inference",ARCHITECTURE.md; FINAL_CLAIM_AUDIT.md; LIMITATIONS.md
docs/TASK_2_AUDIT.md,line 17,verified,"An audit-only ignored harness started the real `python -m app` entry point on port 8010, Vite on 5180, installed Chrome and the dedicated `scamguard_e2e` PostgreSQL database. It verified:",Historical record with supersession/context; not current release authority,Scoped source/control/version/test observation or explicit missing-evidence discussion; see adjacent qualifier,FINAL_SOURCE_REGISTER.md; FINAL_RELEASE.md; REQUIREMENTS.md
docs/TASK_2_AUDIT.md,line 57,verified,"No classification, URL reputation, Phone intelligence, QR decoding, OCR, risk/confidence/evidence, ML, community reporting, adaptive learning or campaign functionality exists. Remote CI, the Task 2 Vercel branch preview, Linux, non-Chrome browsers, physical devices, load testing and a fresh dependency vulnerability audit were not independently verified.",Historical record with supersession/context; not current release authority,Scoped source/control/version/test observation or explicit missing-evidence discussion; see adjacent qualifier,FINAL_SOURCE_REGISTER.md; FINAL_RELEASE.md; REQUIREMENTS.md
docs/TASK_4_REPORT.md,line 7,Verified,Verified 2026-09-07. URL Intelligence is ready for supervisor-style review on `task-4-url-intelligence`. Task 4 has not been merged. Task 5 has not started. The unauthenticated backend remains private.,Historical record with supersession/context; not current release authority,Scoped source/control/version/test observation or explicit missing-evidence discussion; see adjacent qualifier,FINAL_SOURCE_REGISTER.md; FINAL_RELEASE.md; REQUIREMENTS.md
docs/TASK_4_REPORT.md,line 11,verified,1. Main verification: local and remote `main` both contained Task 3 merge `7625a6f54b904532d5cd0273139d429ab1aadcb6`; verified with git log and live ls-remote.,Historical record with supersession/context; not current release authority,Scoped source/control/version/test observation or explicit missing-evidence discussion; see adjacent qualifier,FINAL_SOURCE_REGISTER.md; FINAL_RELEASE.md; REQUIREMENTS.md
docs/TASK_4_REPORT.md,line 22,Verified,"9. Leakage: deduplicate before splitting; remove full conflicting groups; isolate all registrable-domain groups, including private PSL tenant domains. Verified 197,700 disjoint groups and unique URL hashes. Cross-domain campaign/template overlap remains possible.",Historical record with supersession/context; not current release authority,Scoped source/control/version/test observation or explicit missing-evidence discussion; see adjacent qualifier,FINAL_SOURCE_REGISTER.md; FINAL_RELEASE.md; REQUIREMENTS.md
docs/TASK_4_REPORT.md,line 36,verified,"20. Artifact: `backend/app/url_intelligence/artifacts/url_model_v1.json`, 1,515,138 bytes. SHA-256 `87a61a0bbee6921a590b6feeeecdd00335f9dcdb2087ff412958a4d66b16f698`. Non-executable JSON; checksum verified on load. Reproduction matched exact bytes; 512 validation rows matched sklearn confidence within 1e-12; deployed inference matched the complete test confusion matrix. Committed Git blobs and wheel artifact hashes were also verified.",Historical record with supersession/context; not current release authority,Scoped source/control/version/test observation or explicit missing-evidence discussion; see adjacent qualifier,FINAL_SOURCE_REGISTER.md; FINAL_RELEASE.md; REQUIREMENTS.md
docs/TASK_4_REPORT.md,line 36,verified,"20. Artifact: `backend/app/url_intelligence/artifacts/url_model_v1.json`, 1,515,138 bytes. SHA-256 `87a61a0bbee6921a590b6feeeecdd00335f9dcdb2087ff412958a4d66b16f698`. Non-executable JSON; checksum verified on load. Reproduction matched exact bytes; 512 validation rows matched sklearn confidence within 1e-12; deployed inference matched the complete test confusion matrix. Committed Git blobs and wheel artifact hashes were also verified.",Historical record with supersession/context; not current release authority,Scoped source/control/version/test observation or explicit missing-evidence discussion; see adjacent qualifier,FINAL_SOURCE_REGISTER.md; FINAL_RELEASE.md; REQUIREMENTS.md
docs/TASK_4_REPORT.md,line 52,safe,"30. Disabled/failure behavior: DISABLED by default; mocked errors/timeouts/invalid output become safe statuses and preserve local risk. No-match is not proof of legitimacy. Future adapters require fixed endpoints, backend-only environment secrets, strict transport timeout and explicit privacy review.",Historical record with supersession/context; not current release authority,"Proper product name, explicit risk limitation, scoped technical advice or quoted claim to avoid; no risk-free verdict",FINAL_CLAIM_AUDIT.md; LIMITATIONS.md; FINAL_SOURCE_REGISTER.md
docs/TASK_4_REPORT.md,line 72,Safe,41. API: POST /api/v1/analyses now completes both MESSAGE and URL through separate engines. Safe persisted URL_ANALYSIS_FAILED on failure. GET history/detail reads stored results. PHONE/QR rejected.,Historical record with supersession/context; not current release authority,"Proper product name, explicit risk limitation, scoped technical advice or quoted claim to avoid; no risk-free verdict",FINAL_CLAIM_AUDIT.md; LIMITATIONS.md; FINAL_SOURCE_REGISTER.md
docs/TASK_4_REPORT.md,line 95,verified,56. `https://www.example.com/` → LOW observed risk; no destination verified and no safety guarantee.,Historical record with supersession/context; not current release authority,Scoped source/control/version/test observation or explicit missing-evidence discussion; see adjacent qualifier,FINAL_SOURCE_REGISTER.md; FINAL_RELEASE.md; REQUIREMENTS.md
docs/TASK_4_REPORT.md,line 97,secure,58. `https://paypal.com.secure-login.example.net/verify` → ELEVATED; brand-like token outside actual `example.net` domain.,Historical record with supersession/context; not current release authority,"Concrete control/browser term, scoped security discussion or claim to avoid; no security certification",AUTHENTICATION.md; SECURITY_REVIEW.md
docs/TASK_6_1.md,line 5,verified,Status: implemented and fully verified on `task-6-1-auth-profile-polish`; manual acceptance and merge,Historical record with supersession/context; not current release authority,Scoped source/control/version/test observation or explicit missing-evidence discussion; see adjacent qualifier,FINAL_SOURCE_REGISTER.md; FINAL_RELEASE.md; REQUIREMENTS.md
docs/TASK_6_1.md,line 39,verified,Full name and username are editable. Email is read-only until verified email-change delivery exists.,Historical record with supersession/context; not current release authority,Scoped source/control/version/test observation or explicit missing-evidence discussion; see adjacent qualifier,FINAL_SOURCE_REGISTER.md; FINAL_RELEASE.md; REQUIREMENTS.md
docs/TASK_8_PEAK_ENHANCEMENT.md,line 10,verified,"Task 8 development starts from `42a9db1e1d29ef0c05c248a416f6b90ac341d256`, verified equal to",Historical record with supersession/context; not current release authority,Scoped source/control/version/test observation or explicit missing-evidence discussion; see adjacent qualifier,FINAL_SOURCE_REGISTER.md; FINAL_RELEASE.md; REQUIREMENTS.md
docs/TASK_8_PEAK_ENHANCEMENT.md,line 34,safe,"| P2 | Analyse copy is repetitive; no safe first-use examples or clear repeat action. | Add labelled examples through the real pipeline, compact mode guidance and Analyse another. |",Historical record with supersession/context; not current release authority,"Proper product name, explicit risk limitation, scoped technical advice or quoted claim to avoid; no risk-free verdict",FINAL_CLAIM_AUDIT.md; LIMITATIONS.md; FINAL_SOURCE_REGISTER.md
docs/TASK_8_PEAK_ENHANCEMENT.md,line 38,forensic,"The existing forensic visual identity, typed API validation, bounded upload, no-fetch/no-contact",Historical record with supersession/context; not current release authority,"Approved visual identity, terminology discussion or limitation; no chain-of-custody validation",FINAL_CLAIM_AUDIT.md; DESIGN_SYSTEM.md
docs/TASK_8_PEAK_ENHANCEMENT.md,line 81,verified,Camera metadata is explicitly **client-reported**; the server does not falsely claim to have verified,Historical record with supersession/context; not current release authority,Scoped source/control/version/test observation or explicit missing-evidence discussion; see adjacent qualifier,FINAL_SOURCE_REGISTER.md; FINAL_RELEASE.md; REQUIREMENTS.md
docs/TASK_8_PEAK_ENHANCEMENT.md,line 92,secure,"- iPhone Safari: secure origin, camera permission and a compatible browser are required. Inline,",Historical record with supersession/context; not current release authority,"Concrete control/browser term, scoped security discussion or claim to avoid; no security certification",AUTHENTICATION.md; SECURITY_REVIEW.md
docs/TASK_8_PEAK_ENHANCEMENT.md,line 125,safe,"| Results | Category-specific guidance beside the headline, visible limitations, separate Technical details | Low never implies safe; insufficient evidence stays distinct and essential caveats are not hidden behind implementation metadata. |",Historical record with supersession/context; not current release authority,"Proper product name, explicit risk limitation, scoped technical advice or quoted claim to avoid; no risk-free verdict",FINAL_CLAIM_AUDIT.md; LIMITATIONS.md; FINAL_SOURCE_REGISTER.md
docs/TASK_8_PEAK_ENHANCEMENT.md,line 171,secure,"Argon2id, secure production cookie requirements, expiry, revocation and reset-token single use remain.",Historical record with supersession/context; not current release authority,Secure cookie attribute or browser secure-context prerequisite; concrete technical term,AUTHENTICATION.md; SECURITY_REVIEW.md
docs/TASK_8_PEAK_ENHANCEMENT.md,line 185,safe,single-use and revocation; body bounds; QR MIME/format/decompression/payload protections; safe error,Historical record with supersession/context; not current release authority,"Proper product name, explicit risk limitation, scoped technical advice or quoted claim to avoid; no risk-free verdict",FINAL_CLAIM_AUDIT.md; LIMITATIONS.md; FINAL_SOURCE_REGISTER.md
docs/TASK_8_PEAK_ENHANCEMENT.md,line 267,verified,verified by the owner on the intended test environment.,Historical record with supersession/context; not current release authority,Scoped source/control/version/test observation or explicit missing-evidence discussion; see adjacent qualifier,FINAL_SOURCE_REGISTER.md; FINAL_RELEASE.md; REQUIREMENTS.md
docs/TASK_8_PEAK_ENHANCEMENT.md,line 319,verified,6. Native confirmation dialogs with verified keyboard containment/restoration.,Historical record with supersession/context; not current release authority,Scoped source/control/version/test observation or explicit missing-evidence discussion; see adjacent qualifier,FINAL_SOURCE_REGISTER.md; FINAL_RELEASE.md; REQUIREMENTS.md
docs/TESTING.md,line 33,safe,"multi-code/timeout/errors, private cache/session transition, safe examples and labelled counts.",Historical record with supersession/context; not current release authority,"Proper product name, explicit risk limitation, scoped technical advice or quoted claim to avoid; no risk-free verdict",FINAL_CLAIM_AUDIT.md; LIMITATIONS.md; FINAL_SOURCE_REGISTER.md
docs/TESTING.md,line 195,safe,"The static suite parses both scripts and checks 14 safety contracts: prerequisite failures, disabled persistence, migration failure handling, unknown-port refusal, healthy reuse, visible terminals, browser control, identity-checked shutdown, clean PostgreSQL stop, path-safe wrappers/tasks and secret-safe output. The real sequence verifies a path containing spaces, cold start, health/readiness, duplicate-safe restart and idempotent shutdown. Failure-path inspection must not rename/delete local credentials or kill unknown services merely to manufacture a result.",Historical record with supersession/context; not current release authority,"Proper product name, explicit risk limitation, scoped technical advice or quoted claim to avoid; no risk-free verdict",FINAL_CLAIM_AUDIT.md; LIMITATIONS.md; FINAL_SOURCE_REGISTER.md
docs/TESTING.md,line 195,safe,"The static suite parses both scripts and checks 14 safety contracts: prerequisite failures, disabled persistence, migration failure handling, unknown-port refusal, healthy reuse, visible terminals, browser control, identity-checked shutdown, clean PostgreSQL stop, path-safe wrappers/tasks and secret-safe output. The real sequence verifies a path containing spaces, cold start, health/readiness, duplicate-safe restart and idempotent shutdown. Failure-path inspection must not rename/delete local credentials or kill unknown services merely to manufacture a result.",Historical record with supersession/context; not current release authority,"Proper product name, explicit risk limitation, scoped technical advice or quoted claim to avoid; no risk-free verdict",FINAL_CLAIM_AUDIT.md; LIMITATIONS.md; FINAL_SOURCE_REGISTER.md
docs/TESTING.md,line 195,safe,"The static suite parses both scripts and checks 14 safety contracts: prerequisite failures, disabled persistence, migration failure handling, unknown-port refusal, healthy reuse, visible terminals, browser control, identity-checked shutdown, clean PostgreSQL stop, path-safe wrappers/tasks and secret-safe output. The real sequence verifies a path containing spaces, cold start, health/readiness, duplicate-safe restart and idempotent shutdown. Failure-path inspection must not rename/delete local credentials or kill unknown services merely to manufacture a result.",Historical record with supersession/context; not current release authority,"Proper product name, explicit risk limitation, scoped technical advice or quoted claim to avoid; no risk-free verdict",FINAL_CLAIM_AUDIT.md; LIMITATIONS.md; FINAL_SOURCE_REGISTER.md
docs/UI_UX_REFINEMENT.md,line 5,Forensic,"This frontend-only refinement preserves the Forensic Intelligence identity, routes, contracts, stored assessments, local models, rules, fusion and capability boundaries. It follows the accepted Task 4 merge `386e4b7`, is COMPLETE on `codex/ui-ux-result-refinement`, and is authorized for its closure merge before Task 5 begins.",Historical record with supersession/context; not current release authority,"Approved visual identity, terminology discussion or limitation; no chain-of-custody validation",FINAL_CLAIM_AUDIT.md; DESIGN_SYSTEM.md
docs/UI_UX_REFINEMENT.md,line 44,forensic,"Verification completed on 2026-09-07 and was repeated before closure: typecheck and zero-warning lint passed; 73 Vitest tests, 18 foundation/motion/visual Playwright cases, six built offline-preview cases and six real PostgreSQL browser cases passed. Backend tests were not rerun because no backend code/API fields changed. Implementation and regression coverage: `c4bcd5e` (`feat: refine forensic UI and explainable result presentation`). Existing non-failing Zod build and Playwright colour-environment warnings remain. The authoritative Task 5 handoff subsequently authorized the completed branch's no-fast-forward merge into `main`.",Historical record with supersession/context; not current release authority,"Approved visual identity, terminology discussion or limitation; no chain-of-custody validation",FINAL_CLAIM_AUDIT.md; DESIGN_SYSTEM.md
docs/URL_INTELLIGENCE.md,line 47,secure,"| SUSPICIOUS_KEYWORDS | Exact lexical tokens: login, verify, verification, secure, account, update, wallet, bank, payment, invoice, unlock, reset, signin, confirm; weak. |",Report/defence/current documentation,"Concrete control/browser term, scoped security discussion or claim to avoid; no security certification",AUTHENTICATION.md; SECURITY_REVIEW.md
docs/URL_INTELLIGENCE.md,line 71,safe,"The API's URL `risk_score` is always null. `confidence_score` is separate uncalibrated classifier strength, or null if unavailable; the URL UI shows a categorical classifier-strength description only in details, with no scam percentage. INSUFFICIENT_EVIDENCE chiefly covers model-unavailable/no-indicator situations, unlike Message's short-context rule. Ordinary valid URLs can reasonably receive Low observed risk without being called safe.",Report/defence/current documentation,"Proper product name, explicit risk limitation, scoped technical advice or quoted claim to avoid; no risk-free verdict",FINAL_CLAIM_AUDIT.md; LIMITATIONS.md; FINAL_SOURCE_REGISTER.md
docs/URL_INTELLIGENCE.md,line 87,verified,"Models load from a package-relative default with configurable `URL_MODEL_PATH`; the artifact is checksum-verified JSON, never executable pickle. A missing/corrupt URL model is explicitly unavailable while rules still operate. Normal operation does not require sklearn or a third-party key. Development Start/Stop tooling stays development-only. The final authenticated production path is Vercel → Render → Neon; see FINAL_RELEASE.md. The earlier Task 4 unauthenticated backend was private and is historical.",Report/defence/current documentation,Scoped source/control/version/test observation or explicit missing-evidence discussion; see adjacent qualifier,FINAL_SOURCE_REGISTER.md; FINAL_RELEASE.md; REQUIREMENTS.md
docs/USABILITY_RESULTS_TEMPLATE.md,line 29,verified,| Low is not verified safe | | | | |,Report/defence/current documentation,Scoped source/control/version/test observation or explicit missing-evidence discussion; see adjacent qualifier,FINAL_SOURCE_REGISTER.md; FINAL_RELEASE.md; REQUIREMENTS.md
docs/USABILITY_RESULTS_TEMPLATE.md,line 29,safe,| Low is not verified safe | | | | |,Report/defence/current documentation,"Proper product name, explicit risk limitation, scoped technical advice or quoted claim to avoid; no risk-free verdict",FINAL_CLAIM_AUDIT.md; LIMITATIONS.md; FINAL_SOURCE_REGISTER.md
docs/USABILITY_TEST_PLAN.md,line 29,safe,| 5 | Scan the supplied QR or use upload; interpret this Phone/plain-text or payment result. | Explicit scan/Analyse or upload completed; explains Insufficient Evidence and no-auto-open. Valid CRC must not be described as a safe merchant. |,Report/defence/current documentation,"Proper product name, explicit risk limitation, scoped technical advice or quoted claim to avoid; no risk-free verdict",FINAL_CLAIM_AUDIT.md; LIMITATIONS.md; FINAL_SOURCE_REGISTER.md
README.md,line 7,Forensic,are not proof of fraud or safety. The approved warm light identity is **Forensic Intelligence**.,Historical record with supersession/context; not current release authority,"Approved visual identity, terminology discussion or limitation; no chain-of-custody validation",FINAL_CLAIM_AUDIT.md; DESIGN_SYSTEM.md
README.md,line 54,trusted,"2. In a trusted VS Code workspace, allow the **SCAMGUARD: Start Development** folder-open task; run **SCAMGUARD: Stop Development** from **Terminal → Run Task** when finished.",Historical record with supersession/context; not current release authority,"Trust boundary, workspace setting, independent-channel advice or negated identity inference",ARCHITECTURE.md; FINAL_CLAIM_AUDIT.md; LIMITATIONS.md
README.md,line 107,safe,"rows, and `0005_auth_profile_polish` adds nullable legacy-safe profiles and digest-only reset tokens.",Historical record with supersession/context; not current release authority,"Proper product name, explicit risk limitation, scoped technical advice or quoted claim to avoid; no risk-free verdict",FINAL_CLAIM_AUDIT.md; LIMITATIONS.md; FINAL_SOURCE_REGISTER.md
README.md,line 141,safe,- Phone uses pinned offline `phonenumbers` metadata. Ordinary/foreign/mobile/fixed/VoIP/unknown or invalid numbers do not receive scam/safe claims; reliable premium/shared-cost metadata produces CAUTION only. No numeric Phone fraud score is invented.,Historical record with supersession/context; not current release authority,"Proper product name, explicit risk limitation, scoped technical advice or quoted claim to avoid; no risk-free verdict",FINAL_CLAIM_AUDIT.md; LIMITATIONS.md; FINAL_SOURCE_REGISTER.md
README.md,line 223,forensic,mobile result navigation and lightweight CSS motion preserve the forensic identity. Reduced-motion,Historical record with supersession/context; not current release authority,"Approved visual identity, terminology discussion or limitation; no chain-of-custody validation",FINAL_CLAIM_AUDIT.md; DESIGN_SYSTEM.md
CODEX.md,line 4,Forensic,"visual identity is **Forensic Intelligence**: warm light ivory, charcoal, terracotta and olive with",Report/defence/current documentation,"Approved visual identity, terminology discussion or limitation; no chain-of-custody validation",FINAL_CLAIM_AUDIT.md; DESIGN_SYSTEM.md
CODEX.md,line 37,safe,"Never combine them into a misleading healthy, safe or supported claim.",Report/defence/current documentation,"Proper product name, explicit risk limitation, scoped technical advice or quoted claim to avoid; no risk-free verdict",FINAL_CLAIM_AUDIT.md; LIMITATIONS.md; FINAL_SOURCE_REGISTER.md
CODEX.md,line 52,Forensic,"- Preserve the Forensic Intelligence design tokens, responsive desktop sidebar/mobile navigation,",Report/defence/current documentation,"Approved visual identity, terminology discussion or limitation; no chain-of-custody validation",FINAL_CLAIM_AUDIT.md; DESIGN_SYSTEM.md
CODEX.md,line 68,verified,- Task 3's JSON artifact is checksum-verified and never unpickled. Any retraining or preprocessing,Report/defence/current documentation,Scoped source/control/version/test observation or explicit missing-evidence discussion; see adjacent qualifier,FINAL_SOURCE_REGISTER.md; FINAL_RELEASE.md; REQUIREMENTS.md
CODEX.md,line 71,SAFE,`INSUFFICIENT_EVIDENCE`; never present an absolute SAFE/SCAM verdict or certainty unsupported by,Report/defence/current documentation,"Proper product name, explicit risk limitation, scoped technical advice or quoted claim to avoid; no risk-free verdict",FINAL_CLAIM_AUDIT.md; LIMITATIONS.md; FINAL_SOURCE_REGISTER.md
CODEX.md,line 88,verified,Hosted setup is not verified until the external acceptance in `docs/PRODUCTION_DEPLOYMENT.md` passes.,Report/defence/current documentation,Scoped source/control/version/test observation or explicit missing-evidence discussion; see adjacent qualifier,FINAL_SOURCE_REGISTER.md; FINAL_RELEASE.md; REQUIREMENTS.md
CODEX.md,line 128,verified,Status meanings: ✅ COMPLETE only when implemented and verified; 🟡 IN PROGRESS for real partial,Report/defence/current documentation,Scoped source/control/version/test observation or explicit missing-evidence discussion; see adjacent qualifier,FINAL_SOURCE_REGISTER.md; FINAL_RELEASE.md; REQUIREMENTS.md
PROGRESS.md,line 16,verified,"Raw Message CSV publisher bytes restored from the verified archive, with a -text attribute;",Report/defence/current documentation,Scoped source/control/version/test observation or explicit missing-evidence discussion; see adjacent qualifier,FINAL_SOURCE_REGISTER.md; FINAL_RELEASE.md; REQUIREMENTS.md
PROGRESS.md,line 47,verified,"**Task 8 Peak Enhancement is implemented and locally verified on `task-8-peak-enhancement`, for",Report/defence/current documentation,Scoped source/control/version/test observation or explicit missing-evidence discussion; see adjacent qualifier,FINAL_SOURCE_REGISTER.md; FINAL_RELEASE.md; REQUIREMENTS.md
PROGRESS.md,line 80,safe,"- Native confirmation dialogs with inert background, explicit Tab wrapping, safe initial focus,",Report/defence/current documentation,"Proper product name, explicit risk limitation, scoped technical advice or quoted claim to avoid; no risk-free verdict",FINAL_CLAIM_AUDIT.md; LIMITATIONS.md; FINAL_SOURCE_REGISTER.md
PROGRESS.md,line 83,Forensic,- Existing Forensic Intelligence identity and restrained CSS motion retained; scanner/dialog/detected,Report/defence/current documentation,"Approved visual identity, terminology discussion or limitation; no chain-of-custody validation",FINAL_CLAIM_AUDIT.md; DESIGN_SYSTEM.md
PROGRESS.md,line 106,verified,intentional behavior; a real modal Tab-wrap issue was fixed and verified. Foundation output now has,Report/defence/current documentation,Scoped source/control/version/test observation or explicit missing-evidence discussion; see adjacent qualifier,FINAL_SOURCE_REGISTER.md; FINAL_RELEASE.md; REQUIREMENTS.md
ROADMAP.md,line 7,Forensic,"| 1 | Foundation | ✅ COMPLETE | Responsive Forensic Intelligence UI, honest states, tests and Windows workflow. |",Report/defence/current documentation,"Approved visual identity, terminology discussion or limitation; no chain-of-custody validation",FINAL_CLAIM_AUDIT.md; DESIGN_SYSTEM.md
ROADMAP.md,line 11,verified,"| 5 | Authentication, Ownership, Privacy & Production | ✅ COMPLETE | User-verified Vercel → Render → Neon architecture with private authenticated analyses. |",Report/defence/current documentation,Scoped source/control/version/test observation or explicit missing-evidence discussion; see adjacent qualifier,FINAL_SOURCE_REGISTER.md; FINAL_RELEASE.md; REQUIREMENTS.md
DECISIONS.md,line 10,Forensic,"| D04 | Forensic Intelligence identity | Implemented warm light ivory/charcoal/terracotta/olive theme. Tokens, branding, footer, documentation and screenshot assets agree. Preserve accessibility and professional workspace layout. |",Report/defence/current documentation,"Approved visual identity, terminology discussion or limitation; no chain-of-custody validation",FINAL_CLAIM_AUDIT.md; DESIGN_SYSTEM.md
DECISIONS.md,line 16,safe,| D10 | Insufficient-information outcome | Implemented for inconclusive Message/URL/Phone/QR evidence and never presented as safe. It remains distinct from operational unavailability. |,Report/defence/current documentation,"Proper product name, explicit risk limitation, scoped technical advice or quoted claim to avoid; no risk-free verdict",FINAL_CLAIM_AUDIT.md; LIMITATIONS.md; FINAL_SOURCE_REGISTER.md
DECISIONS.md,line 25,safe,"Task 1 now explicitly includes GitHub-safe local Git preparation and Vercel readiness for the existing React/Vite frontend. Deploy/import only `frontend`, with the approved Forensic Intelligence UI and a static SPA rewrite. No FastAPI deployment, framework switch, new authentication, database model or detection feature is part of this task. Blank/unset API configuration must remain safe through existing unavailable/error states without fake data. Actual PostgreSQL persistence is Task 2; live backend hosting and scam detection are later. Task 2 is paused. This scope clarification supersedes the earlier requirement to clear real PostgreSQL verification before completing the frontend foundation milestone; it does not claim the database works.",Report/defence/current documentation,"Proper product name, explicit risk limitation, scoped technical advice or quoted claim to avoid; no risk-free verdict",FINAL_CLAIM_AUDIT.md; LIMITATIONS.md; FINAL_SOURCE_REGISTER.md
DECISIONS.md,line 25,Forensic,"Task 1 now explicitly includes GitHub-safe local Git preparation and Vercel readiness for the existing React/Vite frontend. Deploy/import only `frontend`, with the approved Forensic Intelligence UI and a static SPA rewrite. No FastAPI deployment, framework switch, new authentication, database model or detection feature is part of this task. Blank/unset API configuration must remain safe through existing unavailable/error states without fake data. Actual PostgreSQL persistence is Task 2; live backend hosting and scam detection are later. Task 2 is paused. This scope clarification supersedes the earlier requirement to clear real PostgreSQL verification before completing the frontend foundation milestone; it does not claim the database works.",Report/defence/current documentation,"Approved visual identity, terminology discussion or limitation; no chain-of-custody validation",FINAL_CLAIM_AUDIT.md; DESIGN_SYSTEM.md
DECISIONS.md,line 25,safe,"Task 1 now explicitly includes GitHub-safe local Git preparation and Vercel readiness for the existing React/Vite frontend. Deploy/import only `frontend`, with the approved Forensic Intelligence UI and a static SPA rewrite. No FastAPI deployment, framework switch, new authentication, database model or detection feature is part of this task. Blank/unset API configuration must remain safe through existing unavailable/error states without fake data. Actual PostgreSQL persistence is Task 2; live backend hosting and scam detection are later. Task 2 is paused. This scope clarification supersedes the earlier requirement to clear real PostgreSQL verification before completing the frontend foundation milestone; it does not claim the database works.",Report/defence/current documentation,"Proper product name, explicit risk limitation, scoped technical advice or quoted claim to avoid; no risk-free verdict",FINAL_CLAIM_AUDIT.md; LIMITATIONS.md; FINAL_SOURCE_REGISTER.md
DECISIONS.md,line 31,safe,"The user reports the GitHub-connected Vercel frontend is deployed and explicitly requests a page-level resilience fix. Amend the earlier full-page request-error presentation only: failed dashboard/capabilities queries retain the approved unavailable Overview and memory-only Analyse interface with a visible safe error and retry. Initial pending states remain; submission stays disabled. No fake query data, metrics, history, capabilities or results are created. Keep the client, runtime validation, health badge, API contracts, environment defaults and backend unchanged. This does not establish a blanket fallback for future backend-required features.",Report/defence/current documentation,"Proper product name, explicit risk limitation, scoped technical advice or quoted claim to avoid; no risk-free verdict",FINAL_CLAIM_AUDIT.md; LIMITATIONS.md; FINAL_SOURCE_REGISTER.md
DECISIONS.md,line 37,Forensic,"The user approved short, controlled entrance and interaction motion while preserving Forensic Intelligence colors, typography, geometry, navigation and D17 offline behavior. Use existing CSS/Tailwind with shared durations/easing, primarily opacity/transform. No new animation dependency, timer loops, waiting for exit animations, constant decorative movement, or backend work. Persistent navigation and health queries must survive page transitions; disabled analysis remains disabled. Genuine pending activity alone may repeat a restrained indicator; successful health polls must not repeatedly pulse the badge.",Report/defence/current documentation,"Approved visual identity, terminology discussion or limitation; no chain-of-custody validation",FINAL_CLAIM_AUDIT.md; DESIGN_SYSTEM.md
DECISIONS.md,line 55,Forensic,"Following supervisor feedback, SCAMGUARD is a general international platform, formally **SCAMGUARD: Multi-Modal Scam Detection & Reporting Web Application**. The earlier Malaysia-focused scope is historical. Remove visible MY/country positioning while preserving Forensic Intelligence design, architecture and historical records. Keep the existing GitHub repository and Vercel domain unchanged. Task 1 is complete; the supplied deployed preview is https://scamguard-my.vercel.app/. Task 2 is now explicitly authorized on task-2-core-platform, without automatic merge or Task 3 continuation.",Report/defence/current documentation,"Approved visual identity, terminology discussion or limitation; no chain-of-custody validation",FINAL_CLAIM_AUDIT.md; DESIGN_SYSTEM.md
DECISIONS.md,line 68,verified,"Keep existing analysis_available:false and supported_inputs:[] for intelligence. Add independently verified submission_available/submission_inputs for MESSAGE/URL storage, gated by PERSISTENCE_ENABLED and an actual domain-table query. Legacy previews default missing submission capability fields to unavailable. True zero counts require a successful database query; flagged remains null.",Report/defence/current documentation,Scoped source/control/version/test observation or explicit missing-evidence discussion; see adjacent qualifier,FINAL_SOURCE_REGISTER.md; FINAL_RELEASE.md; REQUIREMENTS.md
DECISIONS.md,line 84,trusted,"Windows development uses repository-relative PowerShell launch/stop scripts, thin double-click wrappers and trusted-workspace VS Code tasks. The launcher requires the existing portable PostgreSQL cluster and prepared dependencies, enables no global execution policy, runs Alembic explicitly, reuses only recognized services and refuses unknown port owners. Shutdown validates stored process identity, stops only launcher-owned application processes and cleanly stops the repository PostgreSQL cluster without deleting data.",Report/defence/current documentation,"Trust boundary, workspace setting, independent-channel advice or negated identity inference",ARCHITECTURE.md; FINAL_CLAIM_AUDIT.md; LIMITATIONS.md
DECISIONS.md,line 105,verified,was measured once on the untouched test split. Deploy a checksum-verified plain JSON artifact with,Report/defence/current documentation,Scoped source/control/version/test observation or explicit missing-evidence discussion; see adjacent qualifier,FINAL_SOURCE_REGISTER.md; FINAL_RELEASE.md; REQUIREMENTS.md
DECISIONS.md,line 118,safe,## D30 — Optional fail-safe backend AI review (2026-09-05),Report/defence/current documentation,"Proper product name, explicit risk limitation, scoped technical advice or quoted claim to avoid; no risk-free verdict",FINAL_CLAIM_AUDIT.md; LIMITATIONS.md; FINAL_SOURCE_REGISTER.md
DECISIONS.md,line 124,safe,"Malformed, ungrounded, refused or failed output is recorded only as a safe status and never prevents",Report/defence/current documentation,"Proper product name, explicit risk limitation, scoped technical advice or quoted claim to avoid; no risk-free verdict",FINAL_CLAIM_AUDIT.md; LIMITATIONS.md; FINAL_SOURCE_REGISTER.md
DECISIONS.md,line 132,verified,AI adapter remains disabled by default and has not been live-provider verified; no paid request was,Report/defence/current documentation,Scoped source/control/version/test observation or explicit missing-evidence discussion; see adjacent qualifier,FINAL_SOURCE_REGISTER.md; FINAL_RELEASE.md; REQUIREMENTS.md
DECISIONS.md,line 137,verified,"Task 4 is explicitly authorized on `task-4-url-intelligence`, based on remote-verified main at `7625a6f`. Preserve Message/Phone/QR boundaries and do not merge or begin Task 5. URL analysis is string-only: no DNS, HTTP GET/HEAD, webpage rendering, redirects, files, browser navigation or arbitrary-port contact. This supersedes D22's URL intake-only behavior. Future retrieval requires separately reviewed SSRF isolation and strict DNS/address/redirect/resource controls.",Report/defence/current documentation,Scoped source/control/version/test observation or explicit missing-evidence discussion; see adjacent qualifier,FINAL_SOURCE_REGISTER.md; FINAL_RELEASE.md; REQUIREMENTS.md
DECISIONS.md,line 145,verified,"Use the UCI PhiUSIIL CC BY 4.0 archive with source checksum, attribution and URL/label only. Validate, remove normalized duplicates/conflicts before splitting, and hold registrable-domain groups within one partition. Fixed seed 20260907; validation selects among three fixed classical candidates. The selected 120-tree random forest exports checksum-verified JSON as url_ml_v1. Domain-held-out macro F1 is 0.984698, but all legitimate training URLs are HTTPS homepages; source bias and residual cross-domain campaign overlap prohibit broad real-world accuracy claims. No webpage-derived or supplied reputation/similarity feature is used.",Report/defence/current documentation,Scoped source/control/version/test observation or explicit missing-evidence discussion; see adjacent qualifier,FINAL_SOURCE_REGISTER.md; FINAL_RELEASE.md; REQUIREMENTS.md
DECISIONS.md,line 176,Secure,"new token. Production cross-origin cookies are `Secure; SameSite=None`, while every state mutation also",Report/defence/current documentation,Secure cookie attribute or browser secure-context prerequisite; concrete technical term,AUTHENTICATION.md; SECURITY_REVIEW.md
DECISIONS.md,line 254,verified,in-process outbox. Production uses the Resend HTTPS API with Render-only credentials and a verified,Report/defence/current documentation,Scoped source/control/version/test observation or explicit missing-evidence discussion; see adjacent qualifier,FINAL_SOURCE_REGISTER.md; FINAL_RELEASE.md; REQUIREMENTS.md
DECISIONS.md,line 259,forensic,"Completed forensic records have no update endpoint. Owned history/detail views may copy Message, URL",Report/defence/current documentation,"Approved visual identity, terminology discussion or limitation; no chain-of-custody validation",FINAL_CLAIM_AUDIT.md; DESIGN_SYSTEM.md
DECISIONS.md,line 304,verified,and records CAMERA/client-reported provenance with null image metadata. No server-verified image,Report/defence/current documentation,Scoped source/control/version/test observation or explicit missing-evidence discussion; see adjacent qualifier,FINAL_SOURCE_REGISTER.md; FINAL_RELEASE.md; REQUIREMENTS.md
DECISIONS.md,line 326,safe,"Native modal dialogs provide inert background, explicit Tab wrapping, safe initial focus, Escape",Report/defence/current documentation,"Proper product name, explicit risk limitation, scoped technical advice or quoted claim to avoid; no risk-free verdict",FINAL_CLAIM_AUDIT.md; LIMITATIONS.md; FINAL_SOURCE_REGISTER.md
DECISIONS.md,line 344,verified,Raw Message CSV bytes are restored from the checksum-verified publisher archive and protected by,Report/defence/current documentation,Scoped source/control/version/test observation or explicit missing-evidence discussion; see adjacent qualifier,FINAL_SOURCE_REGISTER.md; FINAL_RELEASE.md; REQUIREMENTS.md
output/documents/SCAMGUARD_CSC1250_REPORT.docx,paragraph 32,Safe,2.2 Google Safe Browsing	14,Final report; read with adjacent method/limitation paragraphs,Safe Browsing is the cited Google product name; not a SCAMGUARD safety claim,FINAL_CLAIM_AUDIT.md; LIMITATIONS.md; FINAL_SOURCE_REGISTER.md
output/documents/SCAMGUARD_CSC1250_REPORT.docx,paragraph 92,Safe,"The related-system review identifies complementary approaches. VirusTotal aggregates file and URL analysis; Google Safe Browsing checks URLs against threat information; and Truecaller provides caller/spam information and a web Scam Checker for telephone numbers and URLs (VirusTotal, n.d.-a, n.d.-b; Google, 2026a, 2026b; Truecaller, n.d.-a, n.d.-b, n.d.-c). These capabilities mean that multi-input checking is not unique to SCAMGUARD. The selected systems do not document the same combination of reproducible local Message and URL models, conservative Phone metadata, consent-based QR decoding, evidence explanations and an owner-controlled assessment history. This is a bounded design comparison, not proof that no other product offers the combination.",Final report; read with adjacent method/limitation paragraphs,Safe Browsing is the cited Google product name; not a SCAMGUARD safety claim,FINAL_CLAIM_AUDIT.md; LIMITATIONS.md; FINAL_SOURCE_REGISTER.md
output/documents/SCAMGUARD_CSC1250_REPORT.docx,paragraph 124,Safe,2.2 Google Safe Browsing,Final report; read with adjacent method/limitation paragraphs,Safe Browsing is the cited Google product name; not a SCAMGUARD safety claim,FINAL_CLAIM_AUDIT.md; LIMITATIONS.md; FINAL_SOURCE_REGISTER.md
output/documents/SCAMGUARD_CSC1250_REPORT.docx,paragraph 125,Safe,"Google Safe Browsing is intended for developers integrating URL threat checks into client applications. It exposes threat-list and lookup facilities rather than a complete four-mode case-history application. The v5 documentation describes URL canonicalisation, hash-prefix checks, local lists/cache and online modes. It distinguishes raw-URL lookup from hash-prefix lookup, and documents an optional Oblivious HTTP relay for additional IP privacy (Google, 2026a, 2026b).",Final report; read with adjacent method/limitation paragraphs,Safe Browsing is the cited Google product name; not a SCAMGUARD safety claim,FINAL_CLAIM_AUDIT.md; LIMITATIONS.md; FINAL_SOURCE_REGISTER.md
output/documents/SCAMGUARD_CSC1250_REPORT.docx,paragraph 127,Safe,"The comparison therefore justifies SCAMGUARD's bounded offline method and clear limitation text, not a claim of superiority. Message classification, telephone metadata, camera QR and private assessment-history behaviour are NOT YET EVIDENCED within the reviewed Safe Browsing API scope. That statement does not describe every Google product.",Final report; read with adjacent method/limitation paragraphs,Safe Browsing is the cited Google product name; not a SCAMGUARD safety claim,FINAL_CLAIM_AUDIT.md; LIMITATIONS.md; FINAL_SOURCE_REGISTER.md
output/documents/SCAMGUARD_CSC1250_REPORT.docx,paragraph 148,verified,"Message analysis uses a checksum-verified JSON TF-IDF Logistic Regression artifact with LEGITIMATE, SPAM and SCAM labels. Contextual rules identify supported indicators, and Message fusion preserves conservative evidence floors. URL analysis is a separate learned random forest over 27 locally derived string features with its own rules and fusion policy. It does not visit destinations, obtain TLS certificates or query live reputation. Phone analysis uses pinned numbering metadata and deterministic policy; valid numbers do not establish a trustworthy subscriber. QR decoding classifies the payload and routes supported content to an existing engine. Generic payment TLV/CRC checks describe a structural subset and byte consistency, not merchant legitimacy.",Final report; read with adjacent method/limitation paragraphs,Scoped source/control/version/test observation or explicit missing-evidence discussion; see adjacent qualifier,FINAL_SOURCE_REGISTER.md; FINAL_RELEASE.md; REQUIREMENTS.md
output/documents/SCAMGUARD_CSC1250_REPORT.docx,paragraph 150,Secure,"Passwords use Argon2id with time cost 3, 65,536 KiB memory and parallelism 2. The database stores password hashes and HMAC digests of opaque session/reset tokens. The cookie is HttpOnly and Secure in production. Exact Origin and synchronizer CSRF checks protect authenticated mutations and private search. Owner identity comes from the validated session and is applied to every private query. These controls align with relevant password-storage and CSRF guidance, without establishing comprehensive security certification (OWASP Foundation, n.d.-a, n.d.-b).",Final report; read with adjacent method/limitation paragraphs,Secure cookie attribute or browser secure-context prerequisite; concrete technical term,AUTHENTICATION.md; SECURITY_REVIEW.md
output/documents/SCAMGUARD_CSC1250_REPORT.docx,paragraph 175,verified,"Tables 6–7 assign acceptance IDs to the implemented requirements. Each requirement maps to an objective, implementation path and verification path in REQUIREMENTS.md. The compact report tables retain the behaviour and evidence boundary; the companion matrix contains the full paths. A status of locally verified does not establish unmeasured production or human outcomes.",Final report; read with adjacent method/limitation paragraphs,Scoped source/control/version/test observation or explicit missing-evidence discussion; see adjacent qualifier,FINAL_SOURCE_REGISTER.md; FINAL_RELEASE.md; REQUIREMENTS.md
output/documents/SCAMGUARD_CSC1250_REPORT.docx,paragraph 224,Safe,"Google. (2026a, March 10). Overview [Safe Browsing API v5 documentation]. https://developers.google.com/safe-browsing/reference",Final report; read with adjacent method/limitation paragraphs,Safe Browsing is the cited Google product name; not a SCAMGUARD safety claim,FINAL_CLAIM_AUDIT.md; LIMITATIONS.md; FINAL_SOURCE_REGISTER.md
output/documents/SCAMGUARD_CSC1250_REPORT.docx,paragraph 224,safe,"Google. (2026a, March 10). Overview [Safe Browsing API v5 documentation]. https://developers.google.com/safe-browsing/reference",Final report; read with adjacent method/limitation paragraphs,Safe Browsing is the cited Google product name; not a SCAMGUARD safety claim,FINAL_CLAIM_AUDIT.md; LIMITATIONS.md; FINAL_SOURCE_REGISTER.md
output/documents/SCAMGUARD_CSC1250_REPORT.docx,paragraph 225,Real time,"Google. (2026b, February 18). Real time mode [Safe Browsing API v5 documentation]. https://developers.google.com/safe-browsing/reference/Real.Time.Mode",Final report; read with adjacent method/limitation paragraphs,"Browser camera, attributed external mode, historical wording or prospective capability; no measured production SLA",FINAL_EVALUATION.md; FINAL_SOURCE_REGISTER.md; LIMITATIONS.md
output/documents/SCAMGUARD_CSC1250_REPORT.docx,paragraph 225,Safe,"Google. (2026b, February 18). Real time mode [Safe Browsing API v5 documentation]. https://developers.google.com/safe-browsing/reference/Real.Time.Mode",Final report; read with adjacent method/limitation paragraphs,Safe Browsing is the cited Google product name; not a SCAMGUARD safety claim,FINAL_CLAIM_AUDIT.md; LIMITATIONS.md; FINAL_SOURCE_REGISTER.md
output/documents/SCAMGUARD_CSC1250_REPORT.docx,paragraph 225,safe,"Google. (2026b, February 18). Real time mode [Safe Browsing API v5 documentation]. https://developers.google.com/safe-browsing/reference/Real.Time.Mode",Final report; read with adjacent method/limitation paragraphs,Safe Browsing is the cited Google product name; not a SCAMGUARD safety claim,FINAL_CLAIM_AUDIT.md; LIMITATIONS.md; FINAL_SOURCE_REGISTER.md
output/documents/SCAMGUARD_CSC1250_REPORT.docx,paragraph 296,verified,"URL: URL strings are parsed locally. No destination fetch, HTML, live DNS/TLS investigation,   active reputation feed or verified maliciousness. Structural indicators also occur in benign links.   A learned forest exists, but its high held-out result is affected by substantial homepage/HTTPS   collection bias. Domains are held out; campaigns/time/geography are not established.",Final report; read with adjacent method/limitation paragraphs,Scoped source/control/version/test observation or explicit missing-evidence discussion; see adjacent qualifier,FINAL_SOURCE_REGISTER.md; FINAL_RELEASE.md; REQUIREMENTS.md
output/documents/SCAMGUARD_CSC1250_REPORT.docx,paragraph 297,verified,"Phone: Metadata is not identity or fraud. No subscriber lookup, contact, spoofing detection,   reputation or verified scam-report corpus. Numbering metadata can age; premium rates are a cost   concern, not a scam verdict. No Phone fraud score is invented.",Final report; read with adjacent method/limitation paragraphs,Scoped source/control/version/test observation or explicit missing-evidence discussion; see adjacent qualifier,FINAL_SOURCE_REGISTER.md; FINAL_RELEASE.md; REQUIREMENTS.md
output/documents/SCAMGUARD_CSC1250_REPORT.docx,paragraph 299,safe,"Payment: Generic TLV/CRC subset, not full scheme/EMV compliance. Missing merchant fields can still   pass this subset. CRC does not verify merchant identity, account ownership or safe payment.   Credential redaction can change stored payment text; checks describe the original input.",Final report; read with adjacent method/limitation paragraphs,"Proper product name, explicit risk limitation, scoped technical advice or quoted claim to avoid; no risk-free verdict",FINAL_CLAIM_AUDIT.md; LIMITATIONS.md; FINAL_SOURCE_REGISTER.md
output/documents/SCAMGUARD_CSC1250_REPORT.docx,paragraph 300,safe,"Optional AI: Backend-only and disabled by default; normal evaluation uses local engines only.   External-provider behavior is mocked in regression, live provider test is skipped. Redaction is   best-effort and cannot make arbitrary sensitive text safe to share.",Final report; read with adjacent method/limitation paragraphs,"Proper product name, explicit risk limitation, scoped technical advice or quoted claim to avoid; no risk-free verdict",FINAL_CLAIM_AUDIT.md; LIMITATIONS.md; FINAL_SOURCE_REGISTER.md
output/documents/SCAMGUARD_CSC1250_REPORT.docx,paragraph 302,verified,"Operations: Free Render instance may sleep/cold-start. No HA/failover, enterprise-scale load,   disaster-recovery exercise, independently verified backup retention/purge or inbox deliverability   assessment. Resend test sender/domain restrictions must be checked before demonstrating recovery.   Sync analysis has no queue/idempotency key; a lost response after commit requires checking History.",Final report; read with adjacent method/limitation paragraphs,Scoped source/control/version/test observation or explicit missing-evidence discussion; see adjacent qualifier,FINAL_SOURCE_REGISTER.md; FINAL_RELEASE.md; REQUIREMENTS.md
output/documents/SCAMGUARD_CSC1250_REPORT.docx,paragraph 305,verified,"The production recovery checklist checks sender restrictions before the demonstration. The default resend.dev test sender is restricted to the Resend account owner’s address; broader recipients require a verified sending domain (Resend, n.d.). This provider rule does not establish the actual configured sender or inbox delivery for this project.",Final report; read with adjacent method/limitation paragraphs,Scoped source/control/version/test observation or explicit missing-evidence discussion; see adjacent qualifier,FINAL_SOURCE_REGISTER.md; FINAL_RELEASE.md; REQUIREMENTS.md
output/documents/SCAMGUARD_CSC1250_REPORT.docx,table 4 row 3 cell 1,Safe,Google Safe Browsing v5; application developers,Final report table; retain status and evidence columns,Safe Browsing is the cited Google product name; not a SCAMGUARD safety claim,FINAL_CLAIM_AUDIT.md; LIMITATIONS.md; FINAL_SOURCE_REGISTER.md
output/documents/SCAMGUARD_CSC1250_REPORT.docx,table 5 row 3 cell 1,Safe,Google Safe Browsing API,Final report table; retain status and evidence columns,Safe Browsing is the cited Google product name; not a SCAMGUARD safety claim,FINAL_CLAIM_AUDIT.md; LIMITATIONS.md; FINAL_SOURCE_REGISTER.md
output/documents/SCAMGUARD_CSC1250_REPORT.docx,table 6 row 2 cell 2,Verified,"Analyse Message with separate legitimate/spam/scam evidence.
Evidence: test_message_intelligence.py
Verified locally; model limits apply.",Final report table; retain status and evidence columns,Scoped source/control/version/test observation or explicit missing-evidence discussion; see adjacent qualifier,FINAL_SOURCE_REGISTER.md; FINAL_RELEASE.md; REQUIREMENTS.md
output/documents/SCAMGUARD_CSC1250_REPORT.docx,table 6 row 3 cell 2,Verified,"Analyse a validated URL string without fetching its destination.
Evidence: test_url_intelligence.py
Verified locally; no live reputation.",Final report table; retain status and evidence columns,Scoped source/control/version/test observation or explicit missing-evidence discussion; see adjacent qualifier,FINAL_SOURCE_REGISTER.md; FINAL_RELEASE.md; REQUIREMENTS.md
output/documents/SCAMGUARD_CSC1250_REPORT.docx,table 6 row 4 cell 2,Verified,"Parse international Phone input and report conservative metadata.
Evidence: test_phone_intelligence.py
Verified locally; identity not determined.",Final report table; retain status and evidence columns,Scoped source/control/version/test observation or explicit missing-evidence discussion; see adjacent qualifier,FINAL_SOURCE_REGISTER.md; FINAL_RELEASE.md; REQUIREMENTS.md
output/documents/SCAMGUARD_CSC1250_REPORT.docx,table 6 row 5 cell 2,Verified,"Accept bounded raster QR upload and reject missing/multiple/invalid symbols.
Evidence: test_qr_intelligence.py
Verified locally; clean fixtures are not camera accuracy.",Final report table; retain status and evidence columns,Scoped source/control/version/test observation or explicit missing-evidence discussion; see adjacent qualifier,FINAL_SOURCE_REGISTER.md; FINAL_RELEASE.md; REQUIREMENTS.md
output/documents/SCAMGUARD_CSC1250_REPORT.docx,table 6 row 6 cell 2,Verified,"Route decoded QR content; report payment TLV/CRC subset and limitations.
Evidence: final_evaluation.json
Verified subset; complete payment compliance out of scope.",Final report table; retain status and evidence columns,Scoped source/control/version/test observation or explicit missing-evidence discussion; see adjacent qualifier,FINAL_SOURCE_REGISTER.md; FINAL_RELEASE.md; REQUIREMENTS.md
output/documents/SCAMGUARD_CSC1250_REPORT.docx,table 6 row 8 cell 2,Verified,"Register and log in by username/email; restore and revoke server sessions.
Evidence: test_auth.py
Verified locally; owner reports production functioning.",Final report table; retain status and evidence columns,Scoped source/control/version/test observation or explicit missing-evidence discussion; see adjacent qualifier,FINAL_SOURCE_REGISTER.md; FINAL_RELEASE.md; REQUIREMENTS.md
output/documents/SCAMGUARD_CSC1250_REPORT.docx,table 6 row 9 cell 2,Verified,"Edit only the current profile and reject duplicate normalized username.
Evidence: product-polish.spec.ts
Verified locally.",Final report table; retain status and evidence columns,Scoped source/control/version/test observation or explicit missing-evidence discussion; see adjacent qualifier,FINAL_SOURCE_REGISTER.md; FINAL_RELEASE.md; REQUIREMENTS.md
output/documents/SCAMGUARD_CSC1250_REPORT.docx,table 6 row 10 cell 2,verified,"Issue expiring single-use reset links; replace hash and revoke sessions.
Evidence: test_auth.py
Local mail behaviour verified; production inbox pending.",Final report table; retain status and evidence columns,Scoped source/control/version/test observation or explicit missing-evidence discussion; see adjacent qualifier,FINAL_SOURCE_REGISTER.md; FINAL_RELEASE.md; REQUIREMENTS.md
output/documents/SCAMGUARD_CSC1250_REPORT.docx,table 6 row 11 cell 2,Verified,"List/reopen only owned saved results and preserve assessment versions.
Evidence: test_persistence.py
Verified on real local PostgreSQL.",Final report table; retain status and evidence columns,Scoped source/control/version/test observation or explicit missing-evidence discussion; see adjacent qualifier,FINAL_SOURCE_REGISTER.md; FINAL_RELEASE.md; REQUIREMENTS.md
output/documents/SCAMGUARD_CSC1250_REPORT.docx,table 6 row 12 cell 2,Verified,"Search/filter/sort bounded owned History with deterministic pagination.
Evidence: test_task8.py
Verified locally; large-history load unmeasured.",Final report table; retain status and evidence columns,Scoped source/control/version/test observation or explicit missing-evidence discussion; see adjacent qualifier,FINAL_SOURCE_REGISTER.md; FINAL_RELEASE.md; REQUIREMENTS.md
output/documents/SCAMGUARD_CSC1250_REPORT.docx,table 6 row 13 cell 2,Verified,"Compute dashboard totals and distributions from owned records.
Evidence: test_final_closure.py
Verified locally; no fabricated fallback.",Final report table; retain status and evidence columns,Scoped source/control/version/test observation or explicit missing-evidence discussion; see adjacent qualifier,FINAL_SOURCE_REGISTER.md; FINAL_RELEASE.md; REQUIREMENTS.md
output/documents/SCAMGUARD_CSC1250_REPORT.docx,table 6 row 14 cell 2,Verified,"Create a new draft from owned Message/URL/Phone results; require fresh QR.
Evidence: product-polish.spec.ts
Verified locally; original immutable.",Final report table; retain status and evidence columns,Scoped source/control/version/test observation or explicit missing-evidence discussion; see adjacent qualifier,FINAL_SOURCE_REGISTER.md; FINAL_RELEASE.md; REQUIREMENTS.md
output/documents/SCAMGUARD_CSC1250_REPORT.docx,table 6 row 16 cell 2,Verified,"Delete an account after password verification and cascade its owned rows.
Evidence: test_auth.py
Verified locally; provider backups are separate.",Final report table; retain status and evidence columns,Scoped source/control/version/test observation or explicit missing-evidence discussion; see adjacent qualifier,FINAL_SOURCE_REGISTER.md; FINAL_RELEASE.md; REQUIREMENTS.md
output/documents/SCAMGUARD_CSC1250_REPORT.docx,table 7 row 2 cell 2,Verified,"Reject missing/invalid session, Origin and CSRF on protected operations; use Argon2id and rate limits.
Implementation: backend/app/core/auth.py
Verification: backend/tests/test_auth.py
Verified controls; no independent penetration test.",Final report table; retain status and evidence columns,Scoped source/control/version/test observation or explicit missing-evidence discussion; see adjacent qualifier,FINAL_SOURCE_REGISTER.md; FINAL_RELEASE.md; REQUIREMENTS.md
output/documents/SCAMGUARD_CSC1250_REPORT.docx,table 7 row 3 cell 2,Verified,"Scope each private operation by authenticated owner; discard QR images/frames; redact specified credentials.
Implementation: backend/app/services/analyses.py
Verification: backend/tests/test_final_closure.py
Verified cases; arbitrary secrets and backups not fully covered.",Final report table; retain status and evidence columns,Scoped source/control/version/test observation or explicit missing-evidence discussion; see adjacent qualifier,FINAL_SOURCE_REGISTER.md; FINAL_RELEASE.md; REQUIREMENTS.md
output/documents/SCAMGUARD_CSC1250_REPORT.docx,table 8 row 15 cell 2,Verified,"Purpose: Frontend, Python service and managed PostgreSQL
Required because: Public delivery with separated service responsibilities
Selection: Verified same-commit final deployment
Alternative: Single managed host (analytical alternative)
Trade-off: More service boundaries; cold starts/network failures.",Final report table; retain status and evidence columns,Scoped source/control/version/test observation or explicit missing-evidence discussion; see adjacent qualifier,FINAL_SOURCE_REGISTER.md; FINAL_RELEASE.md; REQUIREMENTS.md
output/documents/SCAMGUARD_CSC1250_REPORT.docx,table 9 row 6 cell 2,secure,"Optional camera with browser MediaDevices support on an allowed secure context.
Needed for live QR only; image upload is the fallback (MDN contributors, n.d.).",Final report table; retain status and evidence columns,Secure cookie attribute or browser secure-context prerequisite; concrete technical term,AUTHENTICATION.md; SECURITY_REVIEW.md
output/documents/SCAMGUARD_CSC1250_REPORT.docx,table 9 row 7 cell 2,verified,"Vercel delivery infrastructure, a Render Python web service and Neon PostgreSQL; no purchased server hardware is part of the project.
Roles are verified in release records. Exact allocated CPU/RAM/storage quotas and workload capacity are provider configuration, not inferred from a green badge.",Final report table; retain status and evidence columns,Scoped source/control/version/test observation or explicit missing-evidence discussion; see adjacent qualifier,FINAL_SOURCE_REGISTER.md; FINAL_RELEASE.md; REQUIREMENTS.md
output/documents/SCAMGUARD_CSC1250_REPORT.docx,table 12 row 13 cell 2,verified,"Mitigation: Owner-scoped SQL and cache isolation; all-mode A/B tests; Task 9 QR redaction; no raw-content logs.
Contingency: Delete affected owned records where appropriate; disclose exposure; investigate scope without logging secrets.
Residual: Medium
Status: New-record redaction verified; backups/old rows separate.",Final report table; retain status and evidence columns,Scoped source/control/version/test observation or explicit missing-evidence discussion; see adjacent qualifier,FINAL_SOURCE_REGISTER.md; FINAL_RELEASE.md; REQUIREMENTS.md
output/documents/SCAMGUARD_CSC1250_REPORT.docx,table 12 row 14 cell 2,verified,"Mitigation: Pinned locks, retained npm audit, checksum-verified non-executable model artifacts and bounded decoders.
Contingency: Review advisory and targeted patch/retest before any later deployment.
Residual: Medium
Status: pip check is compatibility only; no complete Python advisory audit.",Final report table; retain status and evidence columns,Scoped source/control/version/test observation or explicit missing-evidence discussion; see adjacent qualifier,FINAL_SOURCE_REGISTER.md; FINAL_RELEASE.md; REQUIREMENTS.md
output/documents/SCAMGUARD_CSC1250_REPORT.docx,table 12 row 18 cell 2,trusted,"Mitigation: Label generic subset; retain missing-merchant-field diagnostic; never equate CRC with authenticity.
Contingency: Verify recipient through an independent trusted channel; no payment executed by app.
Residual: High
Status: Inherent scope limit.",Final report table; retain status and evidence columns,"Trust boundary, workspace setting, independent-channel advice or negated identity inference",ARCHITECTURE.md; FINAL_CLAIM_AUDIT.md; LIMITATIONS.md
